"id","matchDate","Country","League","Season","homeTeam","awayTeam","H","D","A","O05","U05","O15","U15","O25","U25","O35","U35","O45","U45","BTTSY","BTTSN"
"14920","25-05-25 20:45","Italy","Serie A","2024/2025","Atalanta","Parma","1.86","3.59","4.68","1.03","15.00","1.19","5.00","1.65","2.30","2.47","1.57","4.48","1.22","1.57","2.42"
"14921","25-05-25 20:45","Italy","Serie A","2024/2025","Empoli","Verona","2.00","2.98","5.13","1.19","5.00","1.75","2.20","3.24","1.37","7.06","1.11","14.10","1.03","2.44","1.56"
"14922","25-05-25 20:45","Italy","Serie A","2024/2025","Lazio","Lecce","1.48","4.33","8.05","1.03","13.60","1.21","4.75","1.65","2.30","2.53","1.55","4.56","1.22","1.81","2.01"
"14923","25-05-25 20:45","Italy","Serie A","2024/2025","Torino","AS Roma","5.39","4.45","1.61","1.04","13.00","1.23","4.33","1.82","2.10","2.86","1.45","5.41","1.17","1.83","1.98"
"14924","25-05-25 20:45","Italy","Serie A","2024/2025","Udinese","Fiorentina","3.21","3.46","2.33","1.06","10.00","1.32","3.50","1.99","1.91","3.43","1.34","7.06","1.11","1.72","2.12"
"14925","25-05-25 20:45","Italy","Serie A","2024/2025","Venezia","Juventus","6.45","5.16","1.46","1.02","17.00","1.19","5.00","1.61","2.38","2.47","1.57","4.48","1.22","1.72","2.12"
"14926","24-05-25 20:45","Italy","Serie A","2024/2025","AC Milan","Monza","1.25","7.20","11.30","1.01","27.00","1.13","6.50","1.37","3.20","1.99","1.91","3.06","1.40","1.68","2.18"
"14927","24-05-25 18:00","Italy","Serie A","2024/2025","Bologna","Genoa","1.52","4.46","6.68","1.08","9.00","1.34","3.40","2.13","1.80","3.67","1.30","7.06","1.11","2.06","1.76"
"14928","23-05-25 20:45","Italy","Serie A","2024/2025","Como","Inter","4.66","4.19","1.73","1.02","17.00","1.19","5.00","1.61","2.38","2.47","1.57","4.48","1.22","1.57","2.42"
"14929","23-05-25 20:45","Italy","Serie A","2024/2025","Napoli","Cagliari","1.20","7.42","16.70","1.02","17.00","1.19","5.00","1.56","2.50","2.37","1.62","4.14","1.25","2.15","1.70"
"14930","18-05-25 20:45","Italy","Serie A","2024/2025","AS Roma","AC Milan","2.21","3.80","3.18","1.04","13.00","1.23","4.33","1.82","2.10","2.86","1.45","5.41","1.17","1.60","2.34"
"14931","18-05-25 20:45","Italy","Serie A","2024/2025","Cagliari","Venezia","2.81","3.07","2.86","1.09","8.00","1.37","3.20","2.35","1.67","4.14","1.25","8.45","1.09","1.90","1.90"
"14932","18-05-25 20:45","Italy","Serie A","2024/2025","Fiorentina","Bologna","3.06","3.06","2.65","1.09","8.00","1.41","3.00","2.37","1.62","4.48","1.22","9.26","1.07","1.90","1.90"
"14933","18-05-25 20:45","Italy","Serie A","2024/2025","Inter","Lazio","1.68","4.00","5.39","1.04","13.00","1.22","4.50","1.70","2.20","2.66","1.50","4.80","1.20","1.65","2.24"
"14934","18-05-25 20:45","Italy","Serie A","2024/2025","Juventus","Udinese","1.44","4.87","7.70","1.05","11.00","1.26","4.00","1.90","2.00","3.06","1.40","6.00","1.14","2.04","1.78"
"14935","18-05-25 20:45","Italy","Serie A","2024/2025","Lecce","Torino","2.17","3.19","3.91","1.11","7.00","1.48","2.75","2.47","1.57","4.80","1.20","9.99","1.06","2.04","1.78"
"14936","18-05-25 20:45","Italy","Serie A","2024/2025","Monza","Empoli","5.33","3.66","1.75","1.08","9.00","1.37","3.20","2.24","1.73","4.14","1.25","8.45","1.09","2.10","1.74"
"14937","18-05-25 20:45","Italy","Serie A","2024/2025","Parma","Napoli","7.16","4.60","1.49","1.05","11.00","1.29","3.75","1.99","1.91","3.24","1.37","6.54","1.13","2.04","1.78"
"14938","18-05-25 20:45","Italy","Serie A","2024/2025","Verona","Como","3.26","3.17","2.45","1.09","8.00","1.41","3.00","2.37","1.62","4.48","1.22","9.26","1.07","1.90","1.90"
"14939","17-05-25 20:45","Italy","Serie A","2024/2025","Genoa","Atalanta","3.36","3.50","2.24","1.06","10.00","1.34","3.40","2.13","1.80","3.67","1.30","7.06","1.11","1.76","2.06"
"14940","12-05-25 20:45","Italy","Serie A","2024/2025","Atalanta","AS Roma","2.10","3.58","3.64","1.04","13.00","1.23","4.33","1.82","2.10","2.66","1.50","5.41","1.17","1.56","2.43"
"14941","12-05-25 18:30","Italy","Serie A","2024/2025","Venezia","Fiorentina","2.83","3.08","2.84","1.10","7.29","1.45","2.86","2.28","1.66","4.30","1.24","8.91","1.08","1.90","1.90"
"14942","11-05-25 20:45","Italy","Serie A","2024/2025","Napoli","Genoa","1.32","5.74","10.40","1.03","13.50","1.22","4.51","1.76","2.19","2.75","1.48","5.20","1.18","2.16","1.70"
"14943","11-05-25 18:00","Italy","Serie A","2024/2025","Torino","Inter","5.40","3.80","1.72","1.08","9.00","1.37","3.20","2.24","1.73","4.14","1.25","8.45","1.09","1.96","1.85"
"14944","11-05-25 15:00","Italy","Serie A","2024/2025","Verona","Lecce","2.57","2.82","3.49","1.16","5.50","1.61","2.38","2.86","1.45","5.41","1.17","12.50","1.04","2.15","1.70"
"14945","11-05-25 12:30","Italy","Serie A","2024/2025","Udinese","Monza","1.64","4.10","5.64","1.05","11.00","1.29","3.75","1.99","1.91","3.24","1.37","6.54","1.13","1.83","1.98"
"14946","10-05-25 20:45","Italy","Serie A","2024/2025","Empoli","Parma","2.49","3.06","3.31","1.11","7.00","1.48","2.75","2.47","1.57","4.80","1.20","9.99","1.06","1.90","1.90"
"14947","10-05-25 18:00","Italy","Serie A","2024/2025","Lazio","Juventus","2.45","3.19","3.23","1.07","9.47","1.34","3.37","2.24","1.73","3.94","1.27","8.05","1.09","1.81","2.00"
"14948","10-05-25 15:00","Italy","Serie A","2024/2025","Como","Cagliari","1.78","3.92","4.65","1.04","13.00","1.23","4.33","1.70","2.20","2.86","1.45","5.41","1.17","1.65","2.24"
"14949","09-05-25 20:45","Italy","Serie A","2024/2025","AC Milan","Bologna","2.19","3.50","3.47","1.05","11.00","1.29","3.75","1.99","1.91","3.43","1.34","6.54","1.13","1.70","2.14"
"14950","05-05-25 20:45","Italy","Serie A","2024/2025","Genoa","AC Milan","4.69","3.94","1.82","1.02","13.40","1.23","3.62","1.88","2.07","2.88","1.35","5.10","1.10","1.73","2.06"
"14951","04-05-25 20:45","Italy","Serie A","2024/2025","Bologna","Juventus","2.38","3.10","3.47","1.13","6.50","1.48","2.75","2.57","1.54","4.80","1.20","9.99","1.06","1.96","1.85"
"14952","04-05-25 18:00","Italy","Serie A","2024/2025","AS Roma","Fiorentina","1.80","3.59","5.13","1.08","9.00","1.34","3.40","2.13","1.80","3.67","1.30","7.06","1.11","1.83","1.98"
"14953","04-05-25 15:00","Italy","Serie A","2024/2025","Monza","Atalanta","12.90","6.69","1.25","1.01","23.00","1.16","5.50","1.48","2.75","2.24","1.73","3.67","1.30","1.90","1.90"
"14954","04-05-25 12:30","Italy","Serie A","2024/2025","Empoli","Lazio","4.85","3.69","1.81","1.09","8.33","1.35","3.34","2.26","1.72","3.98","1.26","8.13","1.09","1.96","1.85"
"14955","03-05-25 20:45","Italy","Serie A","2024/2025","Inter","Verona","1.49","4.47","7.52","1.06","10.00","1.32","3.50","1.99","1.91","3.43","1.34","6.54","1.13","2.02","1.80"
"14956","03-05-25 18:00","Italy","Serie A","2024/2025","Lecce","Napoli","8.07","4.03","1.52","1.09","8.00","1.37","3.20","2.24","1.73","4.14","1.25","8.45","1.09","2.16","1.70"
"14957","03-05-25 15:00","Italy","Serie A","2024/2025","Cagliari","Udinese","2.65","3.06","3.06","1.11","7.00","1.48","2.75","2.37","1.62","4.48","1.22","9.26","1.07","1.98","1.83"
"14958","03-05-25 15:00","Italy","Serie A","2024/2025","Parma","Como","3.37","3.37","2.30","1.04","13.00","1.23","4.33","1.82","2.10","2.86","1.45","5.41","1.17","1.62","2.31"
"14959","02-05-25 20:45","Italy","Serie A","2024/2025","Torino","Venezia","2.54","3.08","3.21","1.09","8.00","1.41","3.00","2.35","1.67","4.14","1.25","8.45","1.09","1.83","1.98"
"14960","28-04-25 20:45","Italy","Serie A","2024/2025","Lazio","Parma","1.40","5.10","8.33","1.03","15.00","1.22","4.50","1.65","2.30","2.57","1.54","4.80","1.20","1.81","2.00"
"14961","28-04-25 20:45","Italy","Serie A","2024/2025","Verona","Cagliari","2.43","2.87","3.69","1.13","6.50","1.48","2.75","2.57","1.54","4.80","1.20","9.99","1.06","1.90","1.90"
"14962","28-04-25 18:30","Italy","Serie A","2024/2025","Udinese","Bologna","5.66","3.43","1.78","1.12","6.84","1.49","2.73","2.35","1.62","4.64","1.21","10.90","1.04","2.13","1.71"
"14963","27-04-25 20:45","Italy","Serie A","2024/2025","Atalanta","Lecce","1.30","5.87","11.20","1.03","15.00","1.22","4.50","1.65","2.30","2.57","1.54","4.48","1.22","2.06","1.76"
"14964","27-04-25 20:45","Italy","Serie A","2024/2025","Napoli","Torino","1.40","4.86","9.21","1.08","9.00","1.34","3.40","2.13","1.80","3.67","1.30","7.06","1.11","2.22","1.66"
"14965","27-04-25 18:00","Italy","Serie A","2024/2025","Juventus","Monza","1.25","6.79","12.50","1.04","13.00","1.22","4.50","1.61","2.38","2.47","1.57","4.48","1.22","2.16","1.70"
"14966","27-04-25 15:00","Italy","Serie A","2024/2025","Fiorentina","Empoli","2.10","3.33","3.94","1.11","7.00","1.48","2.75","2.47","1.57","4.80","1.20","9.99","1.06","1.96","1.85"
"14967","27-04-25 15:00","Italy","Serie A","2024/2025","Inter","AS Roma","1.75","3.78","5.10","1.04","13.00","1.23","4.33","1.82","2.10","2.86","1.45","5.41","1.17","1.65","2.24"
"14968","27-04-25 12:30","Italy","Serie A","2024/2025","Como","Genoa","1.78","3.78","4.85","1.06","10.00","1.32","3.50","1.99","1.91","3.43","1.34","7.06","1.11","1.83","1.98"
"14969","27-04-25 12:30","Italy","Serie A","2024/2025","Venezia","AC Milan","5.09","4.22","1.68","1.03","15.00","1.22","4.50","1.70","2.20","2.66","1.50","4.80","1.20","1.74","2.10"
"14970","23-04-25 18:30","Italy","Serie A","2024/2025","Cagliari","Fiorentina","3.21","3.08","2.54","1.09","8.00","1.41","3.00","2.37","1.62","4.48","1.22","9.26","1.07","1.90","1.90"
"14971","23-04-25 18:30","Italy","Serie A","2024/2025","Genoa","Lazio","3.82","3.31","2.14","1.09","8.00","1.48","2.75","2.37","1.62","4.48","1.22","9.26","1.07","1.96","1.85"
"14972","23-04-25 18:30","Italy","Serie A","2024/2025","Parma","Juventus","5.35","3.80","1.72","1.06","10.00","1.32","3.50","1.99","1.91","3.43","1.34","6.54","1.13","1.83","1.98"
"14973","23-04-25 18:30","Italy","Serie A","2024/2025","Torino","Udinese","2.56","3.08","3.18","1.11","7.00","1.51","2.63","2.57","1.54","4.80","1.20","11.20","1.05","2.02","1.80"
"14974","20-04-25 20:45","Italy","Serie A","2024/2025","AC Milan","Atalanta","2.51","3.68","2.77","1.02","16.20","1.20","4.76","1.67","2.26","2.60","1.53","4.71","1.21","1.49","2.64"
"14975","20-04-25 18:00","Italy","Serie A","2024/2025","Bologna","Inter","3.68","3.19","2.24","1.09","8.42","1.34","3.37","2.14","1.80","3.61","1.31","8.05","1.09","1.76","2.06"
"14976","20-04-25 15:00","Italy","Serie A","2024/2025","Empoli","Venezia","2.33","3.00","3.73","1.13","6.50","1.51","2.63","2.57","1.54","4.80","1.20","11.20","1.05","1.96","1.85"
"14977","19-04-25 20:45","Italy","Serie A","2024/2025","AS Roma","Verona","1.58","3.98","6.72","1.08","9.00","1.34","3.40","2.13","1.80","3.79","1.29","7.54","1.10","2.02","1.80"
"14978","19-04-25 18:00","Italy","Serie A","2024/2025","Monza","Napoli","10.60","5.09","1.35","1.05","11.60","1.25","4.21","1.82","2.10","2.91","1.43","5.71","1.15","2.06","1.76"
"14979","19-04-25 15:00","Italy","Serie A","2024/2025","Lecce","Como","3.73","3.49","2.10","1.05","11.60","1.27","3.95","1.90","2.01","3.09","1.39","6.23","1.14","1.68","2.18"
"14980","14-04-25 20:45","Italy","Serie A","2024/2025","Napoli","Empoli","1.47","4.43","8.07","1.06","10.00","1.32","3.50","2.13","1.80","3.67","1.30","7.06","1.11","2.06","1.76"
"14981","13-04-25 20:45","Italy","Serie A","2024/2025","Lazio","AS Roma","3.33","3.19","2.40","1.08","8.51","1.34","3.41","2.11","1.81","3.57","1.31","7.97","1.09","1.76","2.06"
"14982","13-04-25 18:00","Italy","Serie A","2024/2025","Como","Torino","1.91","3.65","4.63","1.02","8.95","1.29","3.20","2.14","1.80","3.54","1.24","7.18","1.03","1.86","1.90"
"14983","13-04-25 15:00","Italy","Serie A","2024/2025","Fiorentina","Parma","1.74","3.77","5.30","1.06","10.50","1.30","3.68","1.90","2.01","3.27","1.36","6.23","1.14","1.83","1.98"
"14984","13-04-25 15:00","Italy","Serie A","2024/2025","Verona","Genoa","3.02","3.00","2.74","1.13","6.32","1.59","2.42","2.91","1.43","5.71","1.15","11.90","1.05","2.16","1.70"
"14985","13-04-25 12:30","Italy","Serie A","2024/2025","Atalanta","Bologna","2.00","3.60","3.95","1.06","10.50","1.27","3.95","1.90","2.01","3.27","1.36","6.23","1.14","1.72","2.12"
"14986","12-04-25 20:45","Italy","Serie A","2024/2025","Juventus","Lecce","1.36","5.20","9.75","1.06","10.50","1.30","3.68","1.90","2.01","3.27","1.36","6.73","1.12","2.22","1.66"
"14987","12-04-25 18:00","Italy","Serie A","2024/2025","Inter","Cagliari","1.33","5.66","10.20","1.03","13.70","1.22","4.56","1.64","2.32","2.73","1.48","5.15","1.18","2.02","1.80"
"14988","12-04-25 15:00","Italy","Serie A","2024/2025","Venezia","Monza","1.78","3.70","5.09","1.07","9.47","1.31","3.58","2.03","1.88","3.50","1.33","7.18","1.11","1.90","1.90"
"14989","11-04-25 20:45","Italy","Serie A","2024/2025","Udinese","AC Milan","4.56","3.61","1.87","1.05","11.60","1.27","3.95","1.90","2.01","3.09","1.39","6.23","1.14","1.72","2.12"
"14990","07-04-25 20:45","Italy","Serie A","2024/2025","Bologna","Napoli","2.61","3.07","3.12","1.12","6.84","1.47","2.77","2.45","1.58","5.15","1.18","10.70","1.06","2.00","1.82"
"14991","06-04-25 20:45","Italy","Serie A","2024/2025","AS Roma","Juventus","2.50","3.17","3.17","1.09","8.42","1.38","3.16","2.26","1.67","4.26","1.24","8.82","1.08","1.90","1.90"
"14992","06-04-25 18:00","Italy","Serie A","2024/2025","Atalanta","Lazio","1.69","3.98","5.36","1.05","11.60","1.22","4.56","1.74","2.21","2.73","1.48","5.15","1.18","1.72","2.12"
"14993","06-04-25 15:00","Italy","Serie A","2024/2025","Empoli","Cagliari","2.65","3.06","3.06","1.11","7.00","1.41","3.00","2.37","1.62","4.48","1.22","9.26","1.07","1.90","1.90"
"14994","06-04-25 15:00","Italy","Serie A","2024/2025","Torino","Verona","1.93","3.09","5.35","1.13","6.32","1.51","2.63","2.54","1.54","5.15","1.18","10.70","1.06","2.16","1.70"
"14995","06-04-25 12:30","Italy","Serie A","2024/2025","Lecce","Venezia","2.37","2.98","3.67","1.10","7.37","1.44","2.90","2.45","1.58","4.57","1.22","9.52","1.07","1.96","1.85"
"14996","05-04-25 20:45","Italy","Serie A","2024/2025","AC Milan","Fiorentina","1.75","3.78","5.10","1.05","11.60","1.27","3.95","1.90","2.01","3.27","1.36","6.23","1.14","1.74","2.09"
"14997","05-04-25 18:00","Italy","Serie A","2024/2025","Parma","Inter","6.90","4.42","1.52","1.05","11.60","1.25","4.21","1.82","2.10","2.91","1.43","5.15","1.18","1.83","1.98"
"14998","05-04-25 15:00","Italy","Serie A","2024/2025","Monza","Como","4.93","4.00","1.73","1.05","11.60","1.27","3.95","1.90","2.01","3.09","1.39","6.23","1.14","1.83","1.98"
"14999","04-04-25 20:45","Italy","Serie A","2024/2025","Genoa","Udinese","2.35","3.07","3.58","1.12","6.84","1.51","2.63","2.54","1.54","5.15","1.18","10.70","1.06","2.06","1.76"
"15000","31-03-25 20:45","Italy","Serie A","2024/2025","Lazio","Torino","1.78","3.70","5.09","1.08","8.51","1.38","3.19","2.22","1.74","3.90","1.28","7.97","1.09","2.00","1.82"
"15001","31-03-25 18:30","Italy","Serie A","2024/2025","Verona","Parma","2.74","3.09","2.92","1.09","8.42","1.38","3.16","2.24","1.73","3.94","1.27","8.05","1.09","1.81","2.00"
"15002","30-03-25 20:45","Italy","Serie A","2024/2025","Napoli","AC Milan","2.01","3.61","3.92","1.05","11.60","1.27","3.95","1.90","2.01","3.09","1.39","6.23","1.14","1.72","2.12"
"15003","30-03-25 18:00","Italy","Serie A","2024/2025","Inter","Udinese","1.48","4.22","8.58","1.06","10.50","1.27","3.95","1.90","2.01","3.09","1.39","6.23","1.14","1.96","1.85"
"15004","30-03-25 15:00","Italy","Serie A","2024/2025","Fiorentina","Atalanta","4.06","3.49","2.01","1.05","11.60","1.27","3.95","1.90","2.01","3.09","1.39","6.23","1.14","1.68","2.18"
"15005","30-03-25 12:30","Italy","Serie A","2024/2025","Cagliari","Monza","1.81","3.57","5.05","1.06","10.50","1.31","3.58","2.03","1.88","3.50","1.33","7.18","1.11","1.83","1.98"
"15006","29-03-25 20:45","Italy","Serie A","2024/2025","Lecce","AS Roma","5.43","3.65","1.75","1.09","8.42","1.34","3.37","2.14","1.80","3.94","1.27","8.05","1.09","1.96","1.85"
"15007","29-03-25 18:00","Italy","Serie A","2024/2025","Juventus","Genoa","1.53","4.00","8.00","1.10","7.37","1.44","2.90","2.35","1.63","4.57","1.22","9.52","1.07","2.44","1.56"
"15008","29-03-25 15:00","Italy","Serie A","2024/2025","Como","Empoli","1.80","3.54","5.20","1.07","9.47","1.31","3.58","2.03","1.88","3.50","1.33","6.73","1.12","1.86","1.95"
"15009","29-03-25 15:00","Italy","Serie A","2024/2025","Venezia","Bologna","5.60","3.49","1.77","1.07","9.47","1.34","3.37","2.14","1.80","3.94","1.27","8.05","1.09","1.96","1.85"
"15010","16-03-25 20:45","Italy","Serie A","2024/2025","Atalanta","Inter","2.67","3.46","2.85","1.02","11.30","1.25","3.46","1.98","1.96","3.13","1.30","6.15","1.06","1.68","2.13"
"15011","16-03-25 18:00","Italy","Serie A","2024/2025","Fiorentina","Juventus","3.33","3.18","2.41","1.09","8.00","1.41","3.00","2.35","1.67","4.14","1.25","8.45","1.09","1.98","1.83"
"15012","16-03-25 16:00","Italy","Serie A","2024/2025","AS Roma","Cagliari","1.51","4.46","6.96","1.05","11.00","1.32","3.50","1.99","1.91","3.43","1.34","7.06","1.11","2.10","1.74"
"15013","16-03-25 15:00","Italy","Serie A","2024/2025","Bologna","Lazio","2.37","3.07","3.54","1.10","7.37","1.38","3.16","2.26","1.67","4.26","1.24","8.82","1.08","1.90","1.90"
"15014","16-03-25 12:30","Italy","Serie A","2024/2025","Venezia","Napoli","7.98","4.19","1.50","1.07","9.47","1.31","3.58","2.03","1.88","3.61","1.31","7.18","1.11","2.16","1.70"
"15015","15-03-25 20:45","Italy","Serie A","2024/2025","Torino","Empoli","1.88","3.30","5.16","1.09","8.42","1.34","3.37","2.24","1.73","3.94","1.27","8.05","1.09","1.90","1.90"
"15016","15-03-25 18:00","Italy","Serie A","2024/2025","AC Milan","Como","1.80","3.83","4.66","1.03","13.70","1.22","4.56","1.74","2.21","2.73","1.48","5.15","1.18","1.65","2.24"
"15017","15-03-25 15:00","Italy","Serie A","2024/2025","Monza","Parma","3.22","3.35","2.37","1.06","10.50","1.31","3.57","2.10","1.82","3.61","1.31","7.43","1.10","1.68","2.18"
"15018","15-03-25 15:00","Italy","Serie A","2024/2025","Udinese","Verona","1.77","3.59","5.34","1.11","7.00","1.41","3.00","2.37","1.62","4.48","1.22","9.26","1.07","2.02","1.80"
"15019","14-03-25 20:45","Italy","Serie A","2024/2025","Genoa","Lecce","2.09","3.06","4.42","1.12","6.84","1.47","2.77","2.54","1.54","5.15","1.18","10.70","1.06","2.06","1.76"
"15020","10-03-25 20:45","Italy","Serie A","2024/2025","Lazio","Udinese","1.86","3.49","4.80","1.06","10.50","1.30","3.68","2.03","1.88","3.50","1.33","7.18","1.11","1.76","2.06"
"15021","09-03-25 20:45","Italy","Serie A","2024/2025","Juventus","Atalanta","2.60","3.16","3.03","1.07","9.47","1.31","3.58","2.14","1.80","3.61","1.31","7.18","1.11","1.76","2.06"
"15022","09-03-25 18:00","Italy","Serie A","2024/2025","Empoli","AS Roma","4.16","3.28","2.06","1.07","9.47","1.34","3.37","2.14","1.80","3.94","1.27","8.05","1.09","1.83","1.98"
"15023","09-03-25 15:00","Italy","Serie A","2024/2025","Napoli","Fiorentina","1.63","4.14","6.31","1.03","7.50","1.36","2.83","2.24","1.76","3.72","1.22","7.10","1.04","2.21","1.63"
"15024","09-03-25 12:30","Italy","Serie A","2024/2025","Verona","Bologna","5.82","3.55","1.73","1.09","8.42","1.38","3.16","2.24","1.73","3.94","1.27","8.05","1.09","2.02","1.80"
"15025","08-03-25 20:45","Italy","Serie A","2024/2025","Inter","Monza","1.16","8.13","21.00","1.03","15.00","1.19","5.00","1.51","2.63","2.26","1.67","4.14","1.25","2.33","1.61"
"15026","08-03-25 18:00","Italy","Serie A","2024/2025","Lecce","AC Milan","5.10","3.57","1.80","1.06","10.50","1.30","3.68","1.90","2.01","3.27","1.36","6.23","1.14","1.76","2.06"
"15027","08-03-25 15:00","Italy","Serie A","2024/2025","Como","Venezia","1.64","4.00","5.88","1.06","10.00","1.32","3.50","1.99","1.91","3.43","1.34","7.06","1.11","1.90","1.90"
"15028","08-03-25 15:00","Italy","Serie A","2024/2025","Parma","Torino","3.69","3.24","2.22","1.07","9.47","1.34","3.37","2.24","1.73","3.94","1.27","8.05","1.09","1.83","1.98"
"15029","07-03-25 20:45","Italy","Serie A","2024/2025","Cagliari","Genoa","2.57","2.98","3.28","1.12","6.84","1.47","2.77","2.45","1.58","4.57","1.22","9.52","1.07","1.96","1.85"
"15030","03-03-25 20:45","Italy","Serie A","2024/2025","Juventus","Verona","1.35","4.84","11.70","1.07","9.47","1.27","3.95","1.90","2.01","3.27","1.36","6.23","1.14","2.22","1.66"
"15031","02-03-25 20:45","Italy","Serie A","2024/2025","AC Milan","Lazio","2.14","3.48","3.62","1.03","13.70","1.22","4.56","1.74","2.21","2.73","1.48","5.15","1.18","1.60","2.34"
"15032","02-03-25 18:00","Italy","Serie A","2024/2025","AS Roma","Como","1.98","3.56","4.07","1.07","9.47","1.34","3.37","2.14","1.80","3.94","1.27","8.05","1.09","1.90","1.90"
"15033","02-03-25 15:00","Italy","Serie A","2024/2025","Bologna","Cagliari","1.72","3.80","5.35","1.07","9.47","1.38","3.16","2.24","1.73","3.94","1.27","8.05","1.09","2.02","1.80"
"15034","02-03-25 15:00","Italy","Serie A","2024/2025","Genoa","Empoli","1.93","3.30","4.82","1.09","8.00","1.41","3.00","2.37","1.62","4.48","1.22","9.26","1.07","1.96","1.85"
"15035","02-03-25 12:30","Italy","Serie A","2024/2025","Monza","Torino","4.80","3.33","1.92","1.10","7.37","1.38","3.16","2.26","1.67","4.26","1.24","8.82","1.02","1.96","1.85"
"15036","01-03-25 20:45","Italy","Serie A","2024/2025","Udinese","Parma","1.90","3.66","4.34","1.05","11.60","1.27","3.95","1.90","2.01","3.09","1.39","6.23","1.14","1.72","2.12"
"15037","01-03-25 18:00","Italy","Serie A","2024/2025","Napoli","Inter","3.09","3.20","2.54","1.09","8.42","1.34","3.37","2.14","1.80","3.61","1.31","8.05","1.09","1.76","2.06"
"15038","01-03-25 15:00","Italy","Serie A","2024/2025","Atalanta","Venezia","1.20","7.42","15.90","1.02","17.90","1.18","5.26","1.47","2.77","2.16","1.73","3.61","1.31","2.02","1.80"
"15039","28-02-25 20:45","Italy","Serie A","2024/2025","Fiorentina","Lecce","1.90","3.30","5.01","1.10","7.37","1.44","2.90","2.35","1.63","4.57","1.22","9.52","1.07","2.02","1.80"
"15040","27-02-25 20:45","Italy","Serie A","2024/2025","Bologna","AC Milan","3.01","3.37","2.49","1.07","9.47","1.30","3.68","2.03","1.88","3.50","1.33","6.73","1.12","1.72","2.12"
"15041","24-02-25 20:45","Italy","Serie A","2024/2025","AS Roma","Monza","1.28","6.17","11.80","1.05","11.60","1.22","4.56","1.74","2.21","2.73","1.48","5.15","1.18","2.33","1.61"
"15042","23-02-25 20:45","Italy","Serie A","2024/2025","Cagliari","Juventus","4.88","3.50","1.85","1.07","9.47","1.34","3.37","2.14","1.80","3.94","1.27","8.05","1.09","1.90","1.90"
"15043","23-02-25 18:00","Italy","Serie A","2024/2025","Empoli","Atalanta","6.63","4.59","1.51","1.05","11.60","1.22","4.56","1.64","2.32","2.73","1.48","5.15","1.18","1.76","2.06"
"15044","23-02-25 15:00","Italy","Serie A","2024/2025","Verona","Fiorentina","3.89","3.42","2.08","1.09","8.42","1.38","3.16","2.26","1.67","4.26","1.24","8.82","1.08","1.96","1.85"
"15045","23-02-25 12:30","Italy","Serie A","2024/2025","Como","Napoli","3.88","3.05","2.25","1.10","7.45","1.43","2.93","2.33","1.63","4.53","1.22","9.43","1.07","1.94","1.86"
"15046","22-02-25 20:45","Italy","Serie A","2024/2025","Inter","Genoa","1.35","5.09","10.60","1.05","11.60","1.25","4.21","1.74","2.21","2.91","1.43","5.15","1.18","2.14","1.71"
"15047","22-02-25 18:00","Italy","Serie A","2024/2025","Torino","AC Milan","4.20","3.83","1.88","1.03","13.70","1.25","4.21","1.82","2.10","2.91","1.43","5.71","1.15","1.68","2.18"
"15048","22-02-25 15:00","Italy","Serie A","2024/2025","Parma","Bologna","4.65","3.81","1.81","1.05","11.60","1.30","3.68","1.90","2.01","3.27","1.36","6.73","1.12","1.86","1.95"
"15049","22-02-25 15:00","Italy","Serie A","2024/2025","Venezia","Lazio","6.06","4.15","1.60","1.05","11.60","1.27","3.95","1.90","2.01","3.27","1.36","6.23","1.14","1.93","1.87"
"15050","21-02-25 20:45","Italy","Serie A","2024/2025","Lecce","Udinese","3.10","3.08","2.61","1.09","8.00","1.41","3.00","2.37","1.62","4.48","1.22","9.26","1.07","1.90","1.90"
"15051","17-02-25 20:45","Italy","Serie A","2024/2025","Genoa","Venezia","1.83","3.46","5.09","1.10","7.37","1.44","2.90","2.35","1.63","4.57","1.22","9.52","1.07","2.06","1.76"
"15052","16-02-25 20:45","Italy","Serie A","2024/2025","Juventus","Inter","3.96","3.35","2.09","1.06","10.50","1.30","3.68","2.03","1.88","3.50","1.33","6.73","1.12","1.76","2.06"
"15053","16-02-25 18:00","Italy","Serie A","2024/2025","Parma","AS Roma","4.02","3.50","2.02","1.05","11.60","1.25","4.21","1.82","2.10","2.91","1.43","5.71","1.15","1.65","2.24"
"15054","16-02-25 15:00","Italy","Serie A","2024/2025","Monza","Lecce","2.82","3.18","2.77","1.12","6.67","1.52","2.62","2.60","1.53","5.05","1.18","10.50","1.06","1.96","1.85"
"15055","16-02-25 15:00","Italy","Serie A","2024/2025","Udinese","Empoli","1.90","3.47","4.60","1.08","8.57","1.40","3.05","2.36","1.66","4.36","1.23","8.90","1.08","1.90","1.90"
"15056","16-02-25 12:30","Italy","Serie A","2024/2025","Fiorentina","Como","2.32","3.31","3.37","1.07","9.57","1.34","3.41","2.11","1.81","3.90","1.28","7.97","1.09","1.76","2.06"
"15057","15-02-25 20:45","Italy","Serie A","2024/2025","AC Milan","Verona","1.36","5.12","10.10","1.04","13.00","1.22","4.50","1.65","2.30","2.57","1.54","4.80","1.20","1.90","1.90"
"15058","15-02-25 18:00","Italy","Serie A","2024/2025","Lazio","Napoli","2.45","3.19","3.23","1.10","7.37","1.38","3.16","2.26","1.67","4.26","1.24","8.82","1.08","1.89","1.92"
"15059","15-02-25 15:00","Italy","Serie A","2024/2025","Atalanta","Cagliari","1.54","4.41","6.36","1.03","13.70","1.25","4.21","1.74","2.21","2.91","1.43","5.15","1.18","1.83","1.98"
"15060","14-02-25 20:45","Italy","Serie A","2024/2025","Bologna","Torino","1.76","3.41","5.91","1.10","7.37","1.47","2.77","2.45","1.58","4.57","1.22","9.52","1.07","2.16","1.70"
"15061","10-02-25 20:45","Italy","Serie A","2024/2025","Inter","Fiorentina","1.51","4.79","6.19","1.05","11.60","1.25","4.21","1.82","2.10","2.91","1.43","5.71","1.15","1.90","1.90"
"15062","09-02-25 20:45","Italy","Serie A","2024/2025","Napoli","Udinese","1.47","4.29","8.51","1.06","10.50","1.30","3.68","1.90","2.01","3.27","1.36","6.73","1.12","2.06","1.76"
"15063","09-02-25 18:00","Italy","Serie A","2024/2025","Lecce","Bologna","4.46","3.26","2.00","1.09","8.42","1.44","2.90","2.35","1.63","4.57","1.22","9.52","1.07","1.96","1.85"
"15064","09-02-25 15:00","Italy","Serie A","2024/2025","Cagliari","Parma","1.92","3.69","4.17","1.03","13.70","1.25","4.21","1.82","2.10","2.91","1.43","5.71","1.15","1.67","2.20"
"15065","09-02-25 15:00","Italy","Serie A","2024/2025","Lazio","Monza","1.32","5.61","10.60","1.02","15.80","1.18","5.26","1.56","2.50","2.45","1.58","4.26","1.24","1.96","1.85"
"15066","09-02-25 12:30","Italy","Serie A","2024/2025","Venezia","AS Roma","4.50","3.56","1.89","1.05","11.60","1.25","4.21","1.90","2.01","3.09","1.39","5.71","1.15","1.68","2.18"
"15067","08-02-25 20:45","Italy","Serie A","2024/2025","Torino","Genoa","2.34","2.97","3.73","1.14","6.00","1.51","2.63","2.66","1.50","5.41","1.17","11.20","1.05","2.02","1.80"
"15068","08-02-25 18:00","Italy","Serie A","2024/2025","Empoli","AC Milan","5.14","4.11","1.69","1.03","13.80","1.22","4.61","1.73","2.23","2.70","1.49","5.11","1.18","1.68","2.18"
"15069","08-02-25 15:00","Italy","Serie A","2024/2025","Verona","Atalanta","8.57","4.45","1.45","1.05","11.60","1.25","4.21","1.82","2.10","2.91","1.43","5.71","1.15","1.90","1.90"
"15070","07-02-25 20:45","Italy","Serie A","2024/2025","Como","Juventus","3.69","3.37","2.16","1.07","9.47","1.31","3.58","2.03","1.88","3.61","1.31","7.18","1.11","1.76","2.06"
"15071","06-02-25 20:45","Italy","Serie A","2024/2025","Fiorentina","Inter","6.06","3.64","1.74","1.05","10.00","1.33","3.30","2.14","1.82","3.50","1.30","7.50","1.09","2.00","1.81"
"15072","03-02-25 20:45","Italy","Serie A","2024/2025","Cagliari","Lazio","4.10","3.49","2.00","1.05","11.60","1.25","4.21","1.82","2.10","2.91","1.43","5.71","1.15","1.65","2.24"
"15073","02-02-25 20:45","Italy","Serie A","2024/2025","AS Roma","Napoli","3.77","3.38","2.13","1.07","9.47","1.31","3.58","2.14","1.80","3.61","1.31","7.18","1.11","1.81","2.00"
"15074","02-02-25 18:00","Italy","Serie A","2024/2025","AC Milan","Inter","4.68","3.59","1.86","1.05","11.60","1.25","4.21","1.82","2.10","2.91","1.43","5.71","1.15","1.68","2.18"
"15075","02-02-25 15:00","Italy","Serie A","2024/2025","Fiorentina","Genoa","1.91","3.58","4.37","1.01","10.00","1.32","3.50","1.99","1.91","3.43","1.34","7.06","1.11","1.83","1.98"
"15076","02-02-25 12:30","Italy","Serie A","2024/2025","Juventus","Empoli","1.43","4.87","8.02","1.05","11.60","1.25","4.21","1.74","2.21","2.91","1.43","5.71","1.15","1.94","1.86"
"15077","01-02-25 20:45","Italy","Serie A","2024/2025","Bologna","Como","1.97","3.51","4.19","1.07","9.47","1.31","3.58","2.03","1.88","3.50","1.33","7.18","1.11","1.76","2.06"
"15078","01-02-25 18:00","Italy","Serie A","2024/2025","Atalanta","Torino","1.60","4.30","6.42","1.01","8.70","1.28","3.25","2.02","1.92","3.25","1.28","5.95","1.07","1.99","1.78"
"15079","01-02-25 15:00","Italy","Serie A","2024/2025","Monza","Verona","2.46","3.08","3.34","1.09","8.42","1.34","3.37","2.24","1.73","3.94","1.27","8.05","1.09","1.78","2.03"
"15080","01-02-25 15:00","Italy","Serie A","2024/2025","Udinese","Venezia","1.77","3.59","5.34","1.05","11.60","1.27","3.95","1.90","2.01","3.09","1.39","6.23","1.14","1.76","2.06"
"15081","31-01-25 20:45","Italy","Serie A","2024/2025","Parma","Lecce","2.38","3.26","3.30","1.06","10.50","1.30","3.68","2.03","1.88","3.27","1.36","6.73","1.12","1.72","2.12"
"15082","27-01-25 20:45","Italy","Serie A","2024/2025","Genoa","Monza","2.29","3.07","3.73","1.12","6.84","1.47","2.77","2.45","1.58","4.57","1.22","10.70","1.06","1.94","1.86"
"15083","27-01-25 18:30","Italy","Serie A","2024/2025","Venezia","Verona","2.36","3.37","3.23","1.05","11.60","1.25","4.21","1.82","2.10","3.09","1.39","5.71","1.15","1.65","2.24"
"15084","26-01-25 20:45","Italy","Serie A","2024/2025","Lazio","Fiorentina","2.10","3.41","3.80","1.06","10.50","1.30","3.68","1.90","2.01","3.27","1.36","6.73","1.12","1.72","2.12"
"15085","26-01-25 18:00","Italy","Serie A","2024/2025","Lecce","Inter","10.10","4.83","1.38","1.05","11.60","1.22","4.56","1.74","2.21","2.73","1.48","5.15","1.18","1.96","1.85"
"15086","26-01-25 15:00","Italy","Serie A","2024/2025","Udinese","AS Roma","3.20","3.34","2.38","1.07","9.47","1.31","3.58","2.14","1.80","3.61","1.31","7.18","1.11","1.76","2.06"
"15087","26-01-25 12:30","Italy","Serie A","2024/2025","AC Milan","Parma","1.30","6.57","9.48","1.02","27.00","1.13","6.50","1.37","3.20","1.99","1.91","3.24","1.37","1.68","2.18"
"15088","25-01-25 20:45","Italy","Serie A","2024/2025","Empoli","Bologna","4.08","3.26","2.09","1.10","7.37","1.44","2.90","2.35","1.63","4.57","1.22","9.52","1.07","1.94","1.86"
"15089","25-01-25 18:00","Italy","Serie A","2024/2025","Napoli","Juventus","2.48","2.93","3.50","1.12","6.84","1.44","2.90","2.45","1.58","4.57","1.22","9.52","1.07","1.96","1.85"
"15090","25-01-25 15:00","Italy","Serie A","2024/2025","Como","Atalanta","4.42","3.58","1.90","1.05","11.60","1.25","4.21","1.82","2.10","2.91","1.43","5.15","1.18","1.65","2.24"
"15091","24-01-25 20:45","Italy","Serie A","2024/2025","Torino","Cagliari","2.24","3.17","3.72","1.12","6.67","1.45","2.86","2.49","1.56","4.71","1.21","9.75","1.06","1.90","1.90"
"15092","20-01-25 20:45","Italy","Serie A","2024/2025","Como","Udinese","2.21","3.38","3.55","1.07","9.47","1.31","3.58","2.03","1.88","3.61","1.31","7.18","1.11","1.76","2.06"
"15093","19-01-25 20:45","Italy","Serie A","2024/2025","Inter","Empoli","1.35","4.84","11.70","1.05","11.70","1.20","4.79","1.63","2.34","2.52","1.55","4.53","1.22","1.98","1.83"
"15094","19-01-25 18:00","Italy","Serie A","2024/2025","Verona","Lazio","5.31","3.69","1.75","1.06","10.00","1.29","3.75","1.99","1.91","3.24","1.37","6.54","1.13","1.76","2.06"
"15095","19-01-25 15:00","Italy","Serie A","2024/2025","Cagliari","Lecce","2.02","3.43","4.11","1.06","10.00","1.32","3.50","2.13","1.80","3.67","1.30","7.06","1.11","1.76","2.06"
"15096","19-01-25 15:00","Italy","Serie A","2024/2025","Parma","Venezia","2.15","3.58","3.50","1.03","13.60","1.25","4.19","1.83","2.10","2.93","1.43","5.74","1.15","1.65","2.24"
"15097","19-01-25 12:30","Italy","Serie A","2024/2025","Fiorentina","Torino","1.79","3.49","5.38","1.09","8.42","1.34","3.37","2.14","1.80","3.61","1.31","7.18","1.11","1.90","1.90"
"15098","18-01-25 20:45","Italy","Serie A","2024/2025","Atalanta","Napoli","2.37","3.26","3.32","1.09","8.42","1.38","3.16","2.24","1.73","3.94","1.27","8.05","1.09","1.82","1.99"
"15099","18-01-25 18:00","Italy","Serie A","2024/2025","Juventus","AC Milan","2.48","3.16","3.22","1.09","8.47","1.34","3.38","2.23","1.74","3.92","1.27","8.01","1.09","1.82","1.99"
"15100","18-01-25 15:00","Italy","Serie A","2024/2025","Bologna","Monza","1.58","3.91","6.94","1.07","9.57","1.34","3.41","2.11","1.81","3.90","1.28","7.97","1.09","2.06","1.76"
"15101","17-01-25 20:45","Italy","Serie A","2024/2025","AS Roma","Genoa","1.50","4.36","7.27","1.06","10.00","1.32","3.50","1.99","1.91","3.43","1.34","7.06","1.11","2.06","1.76"
"15102","15-01-25 20:45","Italy","Serie A","2024/2025","Inter","Bologna","1.56","4.10","6.90","1.05","11.50","1.27","3.93","1.91","2.00","3.10","1.39","6.26","1.14","1.90","1.90"
"15103","14-01-25 20:45","Italy","Serie A","2024/2025","Atalanta","Juventus","2.15","3.28","3.84","1.10","7.37","1.44","2.90","2.26","1.67","4.26","1.24","9.52","1.07","1.96","1.85"
"15104","14-01-25 18:30","Italy","Serie A","2024/2025","Como","AC Milan","4.83","3.61","1.83","1.05","11.50","1.25","4.19","1.83","2.10","2.93","1.43","5.74","1.15","1.68","2.18"
"15105","13-01-25 20:45","Italy","Serie A","2024/2025","Monza","Fiorentina","4.65","3.47","1.90","1.07","9.42","1.31","3.56","2.04","1.87","3.62","1.30","7.22","1.11","1.82","1.99"
"15106","12-01-25 20:45","Italy","Serie A","2024/2025","Napoli","Verona","1.36","4.85","11.20","1.05","11.50","1.25","4.19","1.83","2.10","2.93","1.43","5.18","1.18","2.02","1.80"
"15107","12-01-25 18:00","Italy","Serie A","2024/2025","Bologna","AS Roma","2.77","3.18","2.82","1.07","9.42","1.31","3.56","2.14","1.79","3.62","1.30","7.22","1.11","1.76","2.06"
"15108","12-01-25 15:00","Italy","Serie A","2024/2025","Venezia","Inter","10.60","5.09","1.35","1.04","13.00","1.22","4.50","1.65","2.30","2.57","1.54","4.48","1.22","1.98","1.83"
"15109","12-01-25 12:30","Italy","Serie A","2024/2025","Genoa","Parma","2.00","3.49","4.10","1.06","10.50","1.27","3.93","1.91","2.00","3.29","1.36","6.26","1.14","1.72","2.12"
"15110","11-01-25 20:45","Italy","Serie A","2024/2025","AC Milan","Cagliari","1.36","5.41","9.12","1.02","17.80","1.18","5.24","1.52","2.62","2.26","1.66","3.96","1.27","1.79","2.03"
"15111","11-01-25 18:00","Italy","Serie A","2024/2025","Torino","Juventus","4.59","3.01","2.08","1.15","5.79","1.59","2.42","2.91","1.43","6.23","1.14","13.50","1.03","2.33","1.61"
"15112","11-01-25 15:00","Italy","Serie A","2024/2025","Empoli","Lecce","2.01","3.26","4.43","1.10","7.33","1.44","2.88","2.36","1.62","4.59","1.22","9.56","1.07","2.02","1.80"
"15113","11-01-25 15:00","Italy","Serie A","2024/2025","Udinese","Atalanta","6.39","3.89","1.62","1.06","10.50","1.30","3.68","1.90","2.01","3.27","1.36","6.73","1.12","1.90","1.90"
"15114","10-01-25 20:45","Italy","Serie A","2024/2025","Lazio","Como","1.99","3.49","4.15","1.06","10.50","1.30","3.66","1.91","2.00","3.29","1.36","6.76","1.12","1.76","2.06"
"15115","05-01-25 20:45","Italy","Serie A","2024/2025","AS Roma","Lazio","2.62","3.08","3.08","1.07","9.42","1.31","3.56","2.14","1.79","3.62","1.30","7.22","1.11","1.71","2.13"
"15116","05-01-25 18:00","Italy","Serie A","2024/2025","Torino","Parma","1.78","3.66","5.15","1.06","10.00","1.32","3.50","1.99","1.91","3.43","1.34","6.54","1.13","1.76","2.06"
"15117","05-01-25 15:00","Italy","Serie A","2024/2025","Lecce","Genoa","2.93","3.06","2.75","1.12","6.81","1.48","2.75","2.46","1.58","4.59","1.22","10.70","1.06","1.94","1.86"
"15118","05-01-25 12:30","Italy","Serie A","2024/2025","Monza","Cagliari","2.36","3.16","3.43","1.09","8.47","1.34","3.38","2.23","1.74","3.92","1.27","8.01","1.09","1.83","1.98"
"15119","04-01-25 20:45","Italy","Serie A","2024/2025","Verona","Udinese","3.30","2.96","2.57","1.09","8.42","1.38","3.16","2.26","1.67","4.26","1.24","8.82","1.08","1.83","1.98"
"15120","04-01-25 18:00","Italy","Serie A","2024/2025","Fiorentina","Napoli","3.86","3.07","2.24","1.10","7.37","1.38","3.16","2.26","1.67","4.26","1.24","8.82","1.08","1.87","1.94"
"15121","04-01-25 15:00","Italy","Serie A","2024/2025","Venezia","Empoli","2.67","3.05","3.05","1.10","7.37","1.38","3.16","2.26","1.67","4.26","1.24","8.82","1.08","1.90","1.90"
"15122","30-12-24 20:45","Italy","Serie A","2024/2025","Bologna","Verona","1.54","4.05","7.35","1.06","10.50","1.30","3.68","2.03","1.88","3.50","1.33","6.73","1.12","2.02","1.80"
"15123","30-12-24 18:30","Italy","Serie A","2024/2025","Como","Lecce","1.70","3.82","5.59","1.07","9.47","1.30","3.68","2.03","1.88","3.27","1.36","6.73","1.12","1.90","1.90"
"15124","29-12-24 20:45","Italy","Serie A","2024/2025","AC Milan","AS Roma","2.43","3.23","3.23","1.09","8.47","1.34","3.38","2.12","1.81","3.92","1.27","8.01","1.09","1.75","2.07"
"15125","29-12-24 18:00","Italy","Serie A","2024/2025","Juventus","Fiorentina","1.86","3.49","4.80","1.07","9.42","1.34","3.35","2.14","1.79","3.96","1.27","8.09","1.09","1.90","1.90"
"15126","29-12-24 15:00","Italy","Serie A","2024/2025","Napoli","Venezia","1.30","5.60","11.60","1.03","13.70","1.21","4.74","1.64","2.32","2.54","1.54","4.57","1.22","2.06","1.76"
"15127","29-12-24 12:30","Italy","Serie A","2024/2025","Udinese","Torino","2.30","3.07","3.69","1.10","7.33","1.38","3.14","2.26","1.66","4.28","1.24","9.56","1.07","1.90","1.90"
"15128","28-12-24 20:45","Italy","Serie A","2024/2025","Lazio","Atalanta","3.37","3.26","2.34","1.07","9.57","1.31","3.62","2.01","1.90","3.57","1.31","7.12","1.11","1.74","2.09"
"15129","28-12-24 18:00","Italy","Serie A","2024/2025","Cagliari","Inter","8.19","4.87","1.42","1.02","15.80","1.22","4.56","1.64","2.32","2.54","1.54","4.57","1.22","1.82","1.99"
"15130","28-12-24 15:00","Italy","Serie A","2024/2025","Empoli","Genoa","2.65","2.88","3.26","1.15","5.74","1.55","2.51","2.79","1.46","5.67","1.16","11.70","1.05","2.01","1.81"
"15131","28-12-24 15:00","Italy","Serie A","2024/2025","Parma","Monza","2.57","3.30","2.96","1.05","11.50","1.27","3.93","1.91","2.00","3.10","1.39","6.26","1.14","1.65","2.24"
"15132","23-12-24 20:45","Italy","Serie A","2024/2025","Inter","Como","1.35","5.12","10.30","1.02","16.00","1.20","4.79","1.63","2.34","2.52","1.55","4.53","1.22","1.90","1.90"
"15133","23-12-24 18:30","Italy","Serie A","2024/2025","Fiorentina","Udinese","1.62","4.10","5.90","1.04","13.00","1.26","4.00","1.82","2.10","3.06","1.40","5.41","1.17","1.75","2.07"
"15134","22-12-24 20:45","Italy","Serie A","2024/2025","Monza","Juventus","7.00","3.81","1.60","1.09","8.38","1.34","3.35","2.14","1.79","3.62","1.30","8.09","1.09","2.02","1.80"
"15135","22-12-24 18:00","Italy","Serie A","2024/2025","Atalanta","Empoli","1.30","5.87","10.60","1.02","15.70","1.18","5.24","1.52","2.62","2.26","1.66","3.96","1.27","1.90","1.90"
"15136","22-12-24 15:00","Italy","Serie A","2024/2025","Venezia","Cagliari","2.56","3.33","2.94","1.06","10.00","1.32","3.50","1.99","1.91","3.43","1.34","7.06","1.11","1.68","2.18"
"15137","22-12-24 12:30","Italy","Serie A","2024/2025","AS Roma","Parma","1.41","4.89","8.58","1.02","17.80","1.15","5.76","1.48","2.75","2.17","1.73","3.62","1.30","1.68","2.18"
"15138","21-12-24 20:45","Italy","Serie A","2024/2025","Lecce","Lazio","6.13","4.11","1.60","1.05","11.00","1.26","4.00","1.90","2.00","3.06","1.40","6.00","1.14","1.76","2.06"
"15139","21-12-24 18:00","Italy","Serie A","2024/2025","Genoa","Napoli","5.82","3.66","1.71","1.09","8.42","1.38","3.16","2.26","1.67","4.26","1.24","8.82","1.08","2.06","1.76"
"15140","21-12-24 15:00","Italy","Serie A","2024/2025","Torino","Bologna","3.72","2.82","2.46","1.14","6.28","1.52","2.62","2.55","1.54","5.18","1.18","10.70","1.06","2.02","1.80"
"15141","20-12-24 20:45","Italy","Serie A","2024/2025","Verona","AC Milan","5.90","4.10","1.62","1.03","13.80","1.24","4.23","1.81","2.12","2.90","1.44","5.68","1.16","1.76","2.06"
"15142","16-12-24 20:45","Italy","Serie A","2024/2025","Lazio","Inter","3.67","3.30","2.20","1.07","9.52","1.31","3.60","2.02","1.89","3.48","1.33","7.15","1.11","1.74","2.09"
"15143","15-12-24 20:45","Italy","Serie A","2024/2025","AC Milan","Genoa","1.57","4.23","6.44","1.05","11.50","1.31","3.56","2.04","1.87","3.51","1.32","6.76","1.12","2.02","1.80"
"15144","15-12-24 18:00","Italy","Serie A","2024/2025","Como","AS Roma","4.06","3.49","2.01","1.06","10.00","1.32","3.50","1.99","1.91","3.43","1.34","7.06","1.11","1.72","2.12"
"15145","15-12-24 15:00","Italy","Serie A","2024/2025","Bologna","Fiorentina","2.86","3.16","2.74","1.09","8.38","1.38","3.14","2.25","1.72","3.96","1.27","8.86","1.08","1.83","1.98"
"15146","15-12-24 15:00","Italy","Serie A","2024/2025","Parma","Verona","2.09","3.42","3.87","1.05","11.50","1.25","4.19","1.83","2.10","2.93","1.43","5.74","1.15","1.65","2.24"
"15147","15-12-24 12:30","Italy","Serie A","2024/2025","Lecce","Monza","2.79","3.19","2.78","1.09","8.38","1.34","3.35","2.25","1.72","3.96","1.27","8.09","1.09","1.83","1.98"
"15148","14-12-24 20:45","Italy","Serie A","2024/2025","Juventus","Venezia","1.42","4.84","8.53","1.07","9.42","1.30","3.66","1.91","2.00","3.29","1.36","6.76","1.12","2.16","1.70"
"15149","14-12-24 18:00","Italy","Serie A","2024/2025","Udinese","Napoli","5.75","3.56","1.74","1.10","7.26","1.47","2.77","2.34","1.67","4.18","1.25","8.54","1.08","2.02","1.79"
"15150","14-12-24 15:00","Italy","Serie A","2024/2025","Cagliari","Atalanta","5.64","4.45","1.59","1.03","13.60","1.22","4.54","1.75","2.20","2.74","1.48","5.18","1.18","1.72","2.12"
"15151","13-12-24 20:45","Italy","Serie A","2024/2025","Empoli","Torino","2.52","2.92","3.43","1.15","5.79","1.69","2.32","2.91","1.43","6.23","1.14","13.50","1.03","2.22","1.66"
"15152","09-12-24 20:45","Italy","Serie A","2024/2025","Monza","Udinese","2.82","2.97","2.94","1.13","6.50","1.51","2.63","2.66","1.50","5.41","1.17","11.20","1.05","2.01","1.81"
"15153","08-12-24 20:45","Italy","Serie A","2024/2025","Napoli","Lazio","1.84","3.57","4.85","1.07","9.42","1.31","3.56","2.04","1.87","3.51","1.32","7.22","1.11","1.90","1.90"
"15154","08-12-24 18:00","Italy","Serie A","2024/2025","Venezia","Como","2.93","3.06","2.75","1.06","10.50","1.25","4.19","1.91","2.00","3.10","1.39","6.26","1.14","1.60","2.34"
"15155","08-12-24 15:00","Italy","Serie A","2024/2025","Verona","Empoli","2.66","2.88","3.25","1.12","6.81","1.44","2.88","2.46","1.58","4.59","1.22","9.56","1.07","1.90","1.90"
"15156","08-12-24 12:30","Italy","Serie A","2024/2025","Fiorentina","Cagliari","1.57","4.31","6.17","1.03","13.70","1.22","4.56","1.74","2.21","2.73","1.48","5.15","1.18","1.76","2.06"
"15157","07-12-24 20:45","Italy","Serie A","2024/2025","AS Roma","Lecce","1.52","4.19","7.41","1.08","8.61","1.36","3.26","2.23","1.74","3.96","1.27","7.90","1.10","2.06","1.76"
"15158","07-12-24 18:00","Italy","Serie A","2024/2025","Juventus","Bologna","1.81","3.36","5.56","1.12","6.84","1.51","2.63","2.54","1.54","5.15","1.18","10.70","1.06","2.21","1.66"
"15159","07-12-24 15:00","Italy","Serie A","2024/2025","Genoa","Torino","2.49","3.08","3.29","1.12","6.81","1.52","2.62","2.55","1.54","5.18","1.18","10.70","1.06","2.06","1.76"
"15160","06-12-24 20:45","Italy","Serie A","2024/2025","Atalanta","AC Milan","2.02","3.57","3.90","1.03","13.60","1.25","4.19","1.83","2.10","2.93","1.43","5.74","1.15","1.64","2.26"
"15161","06-12-24 18:30","Italy","Serie A","2024/2025","Inter","Parma","1.22","7.28","14.00","1.01","14.90","1.12","6.70","1.36","3.26","1.99","1.91","3.00","1.41","1.76","2.06"
"15162","02-12-24 20:45","Italy","Serie A","2024/2025","AS Roma","Atalanta","3.58","3.49","2.15","1.05","11.50","1.27","3.93","1.91","2.00","3.10","1.39","6.26","1.14","1.67","2.21"
"15163","01-12-24 20:45","Italy","Serie A","2024/2025","Lecce","Juventus","6.99","3.59","1.64","1.12","6.81","1.52","2.62","2.55","1.54","5.18","1.18","10.70","1.06","2.44","1.56"
"15164","01-12-24 15:00","Italy","Serie A","2024/2025","Parma","Lazio","4.78","3.89","1.77","1.03","13.60","1.22","4.54","1.75","2.20","2.74","1.48","5.18","1.18","1.70","2.14"
"15165","01-12-24 15:00","Italy","Serie A","2024/2025","Torino","Napoli","5.62","3.61","1.74","1.11","7.00","1.48","2.75","2.47","1.57","4.80","1.20","9.99","1.06","2.22","1.66"
"15166","01-12-24 12:30","Italy","Serie A","2024/2025","Udinese","Genoa","1.96","3.49","4.27","1.07","9.42","1.31","3.56","2.14","1.79","3.62","1.30","8.09","1.09","1.83","1.98"
"15167","30-11-24 20:45","Italy","Serie A","2024/2025","Bologna","Venezia","1.85","3.56","4.79","1.08","8.51","1.38","3.19","2.22","1.74","3.90","1.28","7.97","1.09","1.96","1.85"
"15168","30-11-24 18:00","Italy","Serie A","2024/2025","AC Milan","Empoli","1.36","4.93","10.80","1.05","11.50","1.25","4.19","1.83","2.10","2.93","1.43","5.74","1.15","2.16","1.70"
"15169","30-11-24 15:00","Italy","Serie A","2024/2025","Como","Monza","1.95","3.49","4.31","1.08","8.61","1.34","3.35","2.23","1.74","3.84","1.28","7.40","1.10","1.76","2.06"
"15170","29-11-24 20:45","Italy","Serie A","2024/2025","Cagliari","Verona","1.94","3.58","4.20","1.05","11.50","1.25","4.19","1.83","2.10","2.93","1.43","5.74","1.15","1.68","2.20"
"15171","25-11-24 20:45","Italy","Serie A","2024/2025","Venezia","Lecce","2.24","3.26","3.61","1.09","8.38","1.38","3.14","2.25","1.72","3.96","1.27","8.09","1.09","1.83","1.98"
"15172","25-11-24 18:30","Italy","Serie A","2024/2025","Empoli","Udinese","3.23","2.92","2.64","1.13","6.34","1.53","2.59","2.61","1.52","5.31","1.17","13.10","1.03","2.10","1.73"
"15173","24-11-24 20:45","Italy","Serie A","2024/2025","Lazio","Bologna","1.85","3.69","4.61","1.06","10.50","1.31","3.56","2.04","1.87","3.51","1.32","6.76","1.12","1.82","1.99"
"15174","24-11-24 18:00","Italy","Serie A","2024/2025","Napoli","AS Roma","1.74","3.69","5.38","1.07","9.42","1.34","3.35","2.14","1.79","3.62","1.30","7.22","1.11","1.95","1.86"
"15175","24-11-24 15:00","Italy","Serie A","2024/2025","Como","Fiorentina","4.36","3.58","1.92","1.05","11.00","1.29","3.75","1.99","1.91","3.43","1.34","6.54","1.13","1.72","2.12"
"15176","24-11-24 15:00","Italy","Serie A","2024/2025","Torino","Monza","2.12","3.09","4.26","1.14","6.28","1.52","2.62","2.55","1.54","5.18","1.18","10.70","1.06","2.06","1.76"
"15177","24-11-24 12:30","Italy","Serie A","2024/2025","Genoa","Cagliari","2.51","3.30","3.03","1.06","10.50","1.30","3.66","2.04","1.87","3.29","1.36","6.76","1.12","1.72","2.12"
"15178","23-11-24 20:45","Italy","Serie A","2024/2025","Parma","Atalanta","5.84","4.61","1.56","1.02","18.50","1.18","5.24","1.52","2.62","2.26","1.66","3.96","1.27","1.60","2.34"
"15179","23-11-24 18:00","Italy","Serie A","2024/2025","AC Milan","Juventus","2.37","3.39","3.19","1.07","9.42","1.34","3.35","2.14","1.79","3.96","1.27","8.09","1.09","1.83","1.98"
"15180","23-11-24 15:00","Italy","Serie A","2024/2025","Verona","Inter","7.00","4.65","1.49","1.05","11.50","1.27","3.93","1.83","2.10","3.10","1.39","6.26","1.14","1.96","1.85"
"15181","10-11-24 20:45","Italy","Serie A","2024/2025","Inter","Napoli","1.82","3.79","4.60","1.05","11.50","1.27","3.93","1.91","2.00","3.29","1.36","6.26","1.14","1.76","2.06"
"15182","10-11-24 18:00","Italy","Serie A","2024/2025","Monza","Lazio","5.60","3.49","1.77","1.10","7.33","1.38","3.14","2.26","1.66","4.28","1.24","8.86","1.08","2.02","1.80"
"15183","10-11-24 15:00","Italy","Serie A","2024/2025","AS Roma","Bologna","2.15","3.38","3.71","1.09","8.00","1.41","3.00","2.37","1.62","4.48","1.22","9.26","1.07","1.90","1.90"
"15184","10-11-24 15:00","Italy","Serie A","2024/2025","Fiorentina","Verona","1.53","4.65","6.20","1.03","13.60","1.25","4.19","1.75","2.20","2.74","1.48","5.18","1.18","1.83","1.98"
"15185","10-11-24 12:30","Italy","Serie A","2024/2025","Atalanta","Udinese","1.49","4.41","7.46","1.05","11.60","1.26","3.97","1.89","2.02","3.07","1.40","6.20","1.14","1.96","1.85"
"15186","09-11-24 20:45","Italy","Serie A","2024/2025","Juventus","Torino","1.58","3.69","8.05","1.12","6.84","1.47","2.77","2.54","1.54","5.15","1.18","10.70","1.06","2.44","1.56"
"15187","09-11-24 18:00","Italy","Serie A","2024/2025","Cagliari","AC Milan","5.30","4.07","1.68","1.02","15.70","1.21","4.71","1.60","2.41","2.55","1.54","4.59","1.22","1.60","2.34"
"15188","09-11-24 15:00","Italy","Serie A","2024/2025","Venezia","Parma","2.26","3.68","3.17","1.03","15.00","1.22","4.50","1.65","2.30","2.57","1.54","4.80","1.20","1.57","2.42"
"15189","08-11-24 20:45","Italy","Serie A","2024/2025","Lecce","Empoli","2.37","3.07","3.53","1.15","5.76","1.60","2.41","2.93","1.43","6.26","1.14","13.50","1.03","2.22","1.66"
"15190","07-11-24 20:45","Italy","Serie A","2024/2025","Genoa","Como","3.34","3.06","2.47","1.10","7.33","1.38","3.14","2.26","1.66","4.28","1.24","8.86","1.08","1.90","1.90"
"15191","04-11-24 20:45","Italy","Serie A","2024/2025","Lazio","Cagliari","1.58","3.99","6.89","1.03","13.60","1.22","4.54","1.75","2.20","2.74","1.48","5.18","1.18","1.79","2.03"
"15192","04-11-24 18:30","Italy","Serie A","2024/2025","Empoli","Como","2.77","3.07","2.91","1.12","6.81","1.48","2.75","2.55","1.54","5.18","1.18","10.70","1.06","2.02","1.80"
"15193","04-11-24 18:30","Italy","Serie A","2024/2025","Parma","Genoa","1.82","3.83","4.59","1.04","13.00","1.23","4.33","1.82","2.10","2.86","1.45","5.41","1.17","1.65","2.24"
"15194","03-11-24 20:45","Italy","Serie A","2024/2025","Inter","Venezia","1.18","8.06","16.80","1.02","28.00","1.10","7.45","1.31","3.62","1.88","2.03","2.88","1.44","1.83","1.98"
"15195","03-11-24 18:00","Italy","Serie A","2024/2025","Verona","AS Roma","5.31","3.59","1.78","1.07","9.42","1.31","3.56","2.04","1.87","3.62","1.30","7.22","1.11","1.90","1.90"
"15196","03-11-24 15:00","Italy","Serie A","2024/2025","Torino","Fiorentina","3.95","3.18","2.16","1.09","8.38","1.38","3.14","2.26","1.66","4.28","1.24","8.86","1.08","1.90","1.90"
"15197","03-11-24 12:30","Italy","Serie A","2024/2025","Napoli","Atalanta","2.22","3.29","3.61","1.07","9.52","1.31","3.60","2.02","1.89","3.48","1.33","7.15","1.11","1.75","2.07"
"15198","02-11-24 20:45","Italy","Serie A","2024/2025","Monza","AC Milan","6.44","3.79","1.63","1.06","10.50","1.27","3.93","1.91","2.00","3.29","1.36","6.26","1.14","1.82","1.99"
"15199","02-11-24 18:00","Italy","Serie A","2024/2025","Udinese","Juventus","4.18","3.18","2.10","1.10","7.33","1.38","3.14","2.26","1.66","4.28","1.24","8.86","1.08","1.90","1.90"
"15200","02-11-24 15:00","Italy","Serie A","2024/2025","Bologna","Lecce","1.79","3.51","5.35","1.07","9.42","1.31","3.56","2.04","1.87","3.62","1.30","7.22","1.11","1.94","1.86"
"15201","31-10-24 20:45","Italy","Serie A","2024/2025","AS Roma","Torino","1.82","3.69","4.80","1.08","8.61","1.44","2.87","2.46","1.62","4.33","1.23","8.85","1.08","1.96","1.85"
"15202","31-10-24 20:45","Italy","Serie A","2024/2025","Como","Lazio","3.37","3.26","2.34","1.06","10.60","1.30","3.72","2.01","1.90","3.46","1.33","6.66","1.12","1.72","2.12"
"15203","31-10-24 18:30","Italy","Serie A","2024/2025","Genoa","Fiorentina","5.37","3.87","1.70","1.06","10.60","1.31","3.60","2.02","1.89","3.48","1.33","6.69","1.12","1.90","1.90"
"15204","30-10-24 20:45","Italy","Serie A","2024/2025","Atalanta","Monza","1.33","5.66","10.10","1.03","13.60","1.21","4.71","1.65","2.30","2.55","1.54","4.59","1.22","2.02","1.80"
"15205","30-10-24 20:45","Italy","Serie A","2024/2025","Juventus","Parma","1.47","4.87","6.94","1.02","15.70","1.21","4.71","1.57","2.49","2.46","1.58","4.28","1.24","1.79","2.03"
"15206","30-10-24 18:30","Italy","Serie A","2024/2025","Empoli","Inter","8.86","4.58","1.43","1.05","11.50","1.25","4.19","1.83","2.10","3.10","1.39","5.74","1.15","2.05","1.77"
"15207","30-10-24 18:30","Italy","Serie A","2024/2025","Venezia","Udinese","2.77","3.33","2.71","1.09","8.38","1.38","3.14","2.25","1.72","3.96","1.27","8.86","1.08","1.90","1.90"
"15208","29-10-24 20:45","Italy","Serie A","2024/2025","AC Milan","Napoli","2.71","3.28","2.80","1.06","10.50","1.30","3.66","1.91","2.00","3.29","1.36","6.76","1.12","1.68","2.20"
"15209","29-10-24 18:30","Italy","Serie A","2024/2025","Cagliari","Bologna","3.06","3.47","2.41","1.06","10.50","1.30","3.66","2.04","1.87","3.51","1.32","6.76","1.12","1.72","2.12"
"15210","29-10-24 18:30","Italy","Serie A","2024/2025","Lecce","Verona","2.36","3.17","3.44","1.09","8.38","1.38","3.14","2.25","1.72","3.96","1.27","8.09","1.09","1.83","1.98"
"15211","27-10-24 20:45","Italy","Serie A","2024/2025","Fiorentina","AS Roma","2.45","3.37","3.06","1.08","9.00","1.34","3.40","2.13","1.80","3.67","1.30","7.54","1.10","1.76","2.06"
"15212","27-10-24 18:00","Italy","Serie A","2024/2025","Inter","Juventus","1.82","3.69","4.80","1.07","9.42","1.34","3.35","2.14","1.79","3.96","1.27","8.09","1.09","2.06","1.76"
"15213","27-10-24 15:00","Italy","Serie A","2024/2025","Lazio","Genoa","1.45","4.63","7.99","1.05","11.00","1.26","4.00","1.90","2.00","3.06","1.40","6.00","1.14","2.04","1.78"
"15214","27-10-24 15:00","Italy","Serie A","2024/2025","Monza","Venezia","2.14","3.46","3.66","1.07","9.42","1.31","3.56","2.14","1.79","3.62","1.30","7.22","1.11","1.79","2.03"
"15215","27-10-24 12:30","Italy","Serie A","2024/2025","Parma","Empoli","2.14","3.48","3.64","1.05","11.50","1.25","4.19","1.83","2.10","2.93","1.43","5.74","1.15","1.65","2.24"
"15216","26-10-24 20:45","Italy","Serie A","2024/2025","Atalanta","Verona","1.30","5.61","11.80","1.02","15.70","1.18","5.24","1.57","2.49","2.36","1.62","4.28","1.24","1.96","1.85"
"15217","26-10-24 15:00","Italy","Serie A","2024/2025","Napoli","Lecce","1.31","5.47","11.90","1.05","11.50","1.25","4.19","1.83","2.10","2.93","1.43","5.74","1.15","2.06","1.76"
"15218","25-10-24 20:45","Italy","Serie A","2024/2025","Torino","Como","2.59","3.08","3.12","1.10","7.33","1.38","3.14","2.25","1.72","3.96","1.27","8.09","1.09","1.83","1.98"
"15219","25-10-24 18:30","Italy","Serie A","2024/2025","Udinese","Cagliari","2.21","3.20","3.78","1.09","8.38","1.34","3.35","2.14","1.79","3.62","1.30","8.09","1.09","1.76","2.06"
"15220","21-10-24 20:45","Italy","Serie A","2024/2025","Verona","Monza","2.35","3.05","3.60","1.10","7.37","1.38","3.16","2.26","1.67","4.26","1.24","8.82","1.08","1.90","1.90"
"15221","20-10-24 20:45","Italy","Serie A","2024/2025","AS Roma","Inter","4.32","3.49","1.95","1.05","11.50","1.25","4.19","1.83","2.10","2.93","1.43","5.74","1.15","1.68","2.18"
"15222","20-10-24 18:00","Italy","Serie A","2024/2025","Cagliari","Torino","2.57","3.06","3.18","1.09","8.00","1.37","3.20","2.35","1.67","4.14","1.25","8.45","1.09","1.76","2.06"
"15223","20-10-24 15:00","Italy","Serie A","2024/2025","Lecce","Fiorentina","3.49","3.26","2.29","1.07","9.42","1.34","3.35","2.25","1.72","3.96","1.27","8.09","1.09","1.83","1.98"
"15224","20-10-24 15:00","Italy","Serie A","2024/2025","Venezia","Atalanta","6.65","4.62","1.51","1.02","15.70","1.18","5.24","1.57","2.49","2.36","1.62","4.28","1.24","1.70","2.14"
"15225","20-10-24 12:30","Italy","Serie A","2024/2025","Empoli","Napoli","6.14","3.67","1.68","1.07","9.42","1.34","3.35","2.14","1.79","3.96","1.27","8.09","1.09","1.96","1.85"
"15226","19-10-24 20:45","Italy","Serie A","2024/2025","Juventus","Lazio","2.09","3.26","4.06","1.09","8.42","1.38","3.16","2.24","1.73","4.26","1.24","8.82","1.08","1.90","1.90"
"15227","19-10-24 18:00","Italy","Serie A","2024/2025","AC Milan","Udinese","1.41","5.20","7.70","1.02","15.80","1.19","4.95","1.59","2.43","2.37","1.62","4.11","1.26","1.81","2.01"
"15228","19-10-24 15:00","Italy","Serie A","2024/2025","Como","Parma","1.81","3.97","4.43","1.02","17.00","1.19","5.00","1.61","2.38","2.47","1.57","4.48","1.22","1.57","2.41"
"15229","19-10-24 15:00","Italy","Serie A","2024/2025","Genoa","Bologna","4.33","3.30","2.01","1.09","8.00","1.41","3.00","2.35","1.67","4.14","1.25","8.45","1.09","1.90","1.90"
"15230","06-10-24 20:45","Italy","Serie A","2024/2025","Fiorentina","AC Milan","3.69","3.78","2.02","1.02","15.70","1.22","4.54","1.65","2.30","2.74","1.48","5.18","1.18","1.60","2.34"
"15231","06-10-24 18:00","Italy","Serie A","2024/2025","Monza","AS Roma","4.35","3.46","1.95","1.09","8.38","1.38","3.14","2.25","1.72","3.96","1.27","8.09","1.09","1.90","1.90"
"15232","06-10-24 15:00","Italy","Serie A","2024/2025","Bologna","Parma","1.97","3.70","3.94","1.04","13.00","1.26","4.00","1.82","2.10","2.86","1.45","5.41","1.17","1.65","2.24"
"15233","06-10-24 15:00","Italy","Serie A","2024/2025","Lazio","Empoli","1.62","4.01","6.17","1.06","10.00","1.34","3.40","2.13","1.80","3.67","1.30","7.06","1.11","2.04","1.78"
"15234","06-10-24 12:30","Italy","Serie A","2024/2025","Juventus","Cagliari","1.52","4.31","7.10","1.06","10.50","1.30","3.66","1.91","2.00","3.29","1.36","6.26","1.14","1.96","1.85"
"15235","05-10-24 20:45","Italy","Serie A","2024/2025","Inter","Torino","1.35","5.09","10.80","1.05","11.60","1.22","4.56","1.74","2.21","2.73","1.48","5.15","1.18","2.01","1.81"
"15236","05-10-24 18:00","Italy","Serie A","2024/2025","Atalanta","Genoa","1.44","4.87","7.70","1.03","14.40","1.24","4.31","1.70","2.20","2.69","1.50","4.69","1.21","1.76","2.06"
"15237","05-10-24 15:00","Italy","Serie A","2024/2025","Udinese","Lecce","2.54","3.08","3.21","1.10","7.33","1.44","2.88","2.26","1.66","4.28","1.24","8.86","1.08","1.90","1.90"
"15238","04-10-24 20:45","Italy","Serie A","2024/2025","Verona","Venezia","2.51","3.27","3.06","1.07","9.42","1.34","3.35","2.14","1.79","3.62","1.30","7.22","1.11","1.76","2.06"
"15239","04-10-24 18:30","Italy","Serie A","2024/2025","Napoli","Como","1.54","4.41","6.40","1.03","13.70","1.25","4.21","1.82","2.10","2.91","1.43","5.71","1.15","1.83","1.98"
"15240","30-09-24 20:45","Italy","Serie A","2024/2025","Parma","Cagliari","1.96","3.78","3.92","1.03","13.60","1.22","4.54","1.75","2.20","2.74","1.48","5.18","1.18","1.65","2.24"
"15241","29-09-24 20:45","Italy","Serie A","2024/2025","Napoli","Monza","1.32","5.74","10.40","1.03","13.60","1.25","4.19","1.75","2.20","2.93","1.43","5.18","1.18","2.16","1.70"
"15242","29-09-24 18:00","Italy","Serie A","2024/2025","Empoli","Fiorentina","3.37","3.47","2.25","1.07","9.42","1.34","3.35","2.14","1.79","3.62","1.30","7.22","1.11","1.76","2.06"
"15243","29-09-24 15:00","Italy","Serie A","2024/2025","AS Roma","Venezia","1.51","4.46","6.93","1.03","13.60","1.22","4.54","1.75","2.20","2.74","1.48","5.18","1.18","1.79","2.03"
"15244","29-09-24 15:00","Italy","Serie A","2024/2025","Como","Verona","1.94","3.51","4.36","1.08","9.00","1.34","3.40","2.24","1.73","3.79","1.29","7.54","1.10","1.90","1.90"
"15245","29-09-24 12:30","Italy","Serie A","2024/2025","Torino","Lazio","3.23","3.10","2.50","1.09","8.42","1.38","3.16","2.24","1.73","3.94","1.27","8.82","1.08","1.82","1.99"
"15246","28-09-24 20:45","Italy","Serie A","2024/2025","Bologna","Atalanta","3.08","3.10","2.61","1.10","7.44","1.39","3.09","2.14","1.79","4.02","1.26","9.06","1.06","1.81","2.01"
"15247","28-09-24 18:00","Italy","Serie A","2024/2025","Genoa","Juventus","5.56","3.36","1.81","1.12","6.81","1.52","2.62","2.55","1.54","5.18","1.18","10.70","1.06","2.22","1.66"
"15248","28-09-24 15:00","Italy","Serie A","2024/2025","Udinese","Inter","7.42","4.60","1.47","1.03","13.60","1.22","4.54","1.75","2.20","2.74","1.48","5.18","1.18","1.83","1.98"
"15249","27-09-24 20:45","Italy","Serie A","2024/2025","AC Milan","Lecce","1.32","5.85","10.10","1.02","17.80","1.15","5.76","1.44","2.88","2.17","1.73","3.62","1.30","1.79","2.03"
"15250","24-09-24 20:45","Italy","Serie A","2024/2025","Atalanta","Como","1.54","4.58","6.06","1.03","13.60","1.22","4.54","1.75","2.20","2.74","1.48","5.18","1.18","1.79","2.03"
"15251","22-09-24 20:45","Italy","Serie A","2024/2025","Inter","AC Milan","1.67","3.96","5.55","1.03","13.60","1.22","4.54","1.75","2.20","2.74","1.48","5.18","1.18","1.68","2.18"
"15252","22-09-24 18:00","Italy","Serie A","2024/2025","AS Roma","Udinese","1.70","4.27","4.74","1.04","13.00","1.29","3.75","1.90","2.00","3.24","1.37","6.54","1.13","1.76","2.06"
"15253","22-09-24 15:00","Italy","Serie A","2024/2025","Monza","Bologna","3.29","2.94","2.58","1.14","6.00","1.56","2.50","2.86","1.45","5.41","1.17","11.20","1.05","2.05","1.78"
"15254","22-09-24 12:30","Italy","Serie A","2024/2025","Fiorentina","Lazio","2.50","3.40","2.97","1.07","9.42","1.31","3.56","2.04","1.87","3.62","1.30","7.22","1.11","1.76","2.06"
"15255","21-09-24 20:45","Italy","Serie A","2024/2025","Lecce","Parma","2.14","3.57","3.53","1.04","13.00","1.26","4.00","1.90","2.00","3.06","1.40","6.00","1.14","1.65","2.24"
"15256","21-09-24 18:00","Italy","Serie A","2024/2025","Juventus","Napoli","2.46","3.37","3.21","1.03","6.90","1.37","2.69","2.37","1.69","3.98","1.18","7.40","1.02","1.95","1.81"
"15257","21-09-24 15:00","Italy","Serie A","2024/2025","Venezia","Genoa","3.06","3.16","2.58","1.09","8.38","1.38","3.14","2.25","1.72","3.96","1.27","8.09","1.09","1.83","1.98"
"15258","20-09-24 20:45","Italy","Serie A","2024/2025","Verona","Torino","2.98","3.07","2.70","1.12","6.81","1.52","2.62","2.55","1.54","5.18","1.18","10.70","1.06","2.06","1.76"
"15259","20-09-24 18:30","Italy","Serie A","2024/2025","Cagliari","Empoli","2.10","3.37","3.88","1.10","7.59","1.45","2.84","2.26","1.68","4.11","1.26","8.16","1.09","2.13","1.71"
"15260","16-09-24 20:45","Italy","Serie A","2024/2025","Lazio","Verona","1.58","4.02","6.70","1.06","10.50","1.30","3.68","1.90","2.01","3.27","1.36","6.73","1.12","1.90","1.90"
"15261","16-09-24 18:30","Italy","Serie A","2024/2025","Parma","Udinese","2.30","3.56","3.18","1.06","10.50","1.30","3.68","2.03","1.88","3.27","1.36","6.73","1.12","1.71","2.13"
"15262","15-09-24 20:45","Italy","Serie A","2024/2025","Monza","Inter","8.14","5.09","1.41","1.05","11.50","1.25","4.19","1.83","2.10","2.93","1.43","5.74","1.15","2.06","1.76"
"15263","15-09-24 18:00","Italy","Serie A","2024/2025","Cagliari","Napoli","4.80","3.97","1.75","1.03","13.60","1.25","4.19","1.83","2.10","2.93","1.43","5.74","1.15","1.75","2.09"
"15264","15-09-24 15:00","Italy","Serie A","2024/2025","Atalanta","Fiorentina","1.86","3.50","4.83","1.05","11.50","1.25","4.19","1.91","2.00","3.10","1.39","5.74","1.15","1.72","2.12"
"15265","15-09-24 15:00","Italy","Serie A","2024/2025","Torino","Lecce","1.91","3.49","4.51","1.09","8.38","1.44","2.88","2.26","1.66","4.28","1.24","8.86","1.08","2.02","1.80"
"15266","15-09-24 12:30","Italy","Serie A","2024/2025","Genoa","AS Roma","3.57","3.40","2.19","1.09","8.38","1.34","3.35","2.25","1.72","3.96","1.27","8.09","1.09","1.83","1.98"
"15267","14-09-24 20:45","Italy","Serie A","2024/2025","AC Milan","Venezia","1.27","6.27","11.90","1.01","22.00","1.15","5.76","1.44","2.88","2.14","1.79","3.51","1.32","1.79","2.03"
"15268","14-09-24 18:00","Italy","Serie A","2024/2025","Empoli","Juventus","6.37","3.79","1.64","1.09","8.00","1.41","3.00","2.37","1.62","4.48","1.22","9.26","1.07","2.16","1.70"
"15269","14-09-24 15:00","Italy","Serie A","2024/2025","Como","Bologna","3.10","3.18","2.53","1.10","7.33","1.44","2.88","2.36","1.62","4.59","1.22","9.56","1.07","1.96","1.85"
"15270","01-09-24 20:45","Italy","Serie A","2024/2025","Juventus","AS Roma","1.76","3.66","5.30","1.08","9.00","1.34","3.40","2.13","1.80","3.67","1.30","7.54","1.10","1.98","1.83"
"15271","01-09-24 20:45","Italy","Serie A","2024/2025","Udinese","Como","2.24","3.37","3.49","1.08","9.00","1.37","3.20","2.24","1.73","4.14","1.25","8.45","1.09","1.83","1.98"
"15272","01-09-24 18:30","Italy","Serie A","2024/2025","Fiorentina","Monza","1.88","3.51","4.66","1.09","8.38","1.34","3.35","2.25","1.72","3.96","1.27","8.09","1.09","1.90","1.90"
"15273","01-09-24 18:30","Italy","Serie A","2024/2025","Genoa","Verona","2.07","3.40","3.95","1.09","8.00","1.41","3.00","2.37","1.62","4.48","1.22","9.26","1.07","1.90","1.90"
"15274","31-08-24 20:45","Italy","Serie A","2024/2025","Lazio","AC Milan","2.90","3.44","2.54","1.05","11.50","1.27","3.93","1.91","2.00","3.10","1.39","6.26","1.14","1.65","2.24"
"15275","31-08-24 20:45","Italy","Serie A","2024/2025","Napoli","Parma","1.43","4.83","7.90","1.03","15.00","1.19","5.00","1.61","2.38","2.47","1.57","4.48","1.22","1.78","2.04"
"15276","31-08-24 18:30","Italy","Serie A","2024/2025","Bologna","Empoli","1.76","3.61","5.42","1.09","8.00","1.41","3.00","2.35","1.67","4.14","1.25","8.45","1.09","2.02","1.80"
"15277","31-08-24 18:30","Italy","Serie A","2024/2025","Lecce","Cagliari","2.23","3.24","3.67","1.09","8.38","1.38","3.14","2.26","1.66","4.28","1.24","8.86","1.08","1.90","1.90"
"15278","30-08-24 20:45","Italy","Serie A","2024/2025","Inter","Atalanta","1.53","4.44","6.68","1.03","15.00","1.22","4.50","1.70","2.20","2.66","1.50","4.80","1.20","1.71","2.13"
"15279","30-08-24 18:30","Italy","Serie A","2024/2025","Venezia","Torino","3.52","3.41","2.21","1.07","9.47","1.34","3.37","2.24","1.73","3.94","1.27","8.05","1.09","1.82","1.99"
"15280","26-08-24 20:45","Italy","Serie A","2024/2025","Verona","Juventus","4.89","3.58","1.83","1.08","8.51","1.43","2.93","2.23","1.69","4.22","1.24","8.74","1.08","1.98","1.83"
"15281","26-08-24 18:30","Italy","Serie A","2024/2025","Cagliari","Como","2.23","3.37","3.50","1.07","9.42","1.31","3.56","2.14","1.79","3.62","1.30","7.22","1.11","1.76","2.06"
"15282","25-08-24 20:45","Italy","Serie A","2024/2025","AS Roma","Empoli","1.51","4.46","6.96","1.05","11.50","1.27","3.93","1.91","2.00","3.10","1.39","6.26","1.14","1.96","1.85"
"15283","25-08-24 20:45","Italy","Serie A","2024/2025","Napoli","Bologna","1.99","3.46","4.18","1.07","9.42","1.31","3.56","2.14","1.79","3.62","1.30","7.22","1.11","1.83","1.98"
"15284","25-08-24 18:30","Italy","Serie A","2024/2025","Fiorentina","Venezia","1.48","4.88","6.66","1.04","13.00","1.26","4.00","1.82","2.10","2.86","1.45","5.41","1.17","1.90","1.90"
"15285","25-08-24 18:30","Italy","Serie A","2024/2025","Torino","Atalanta","3.65","3.33","2.19","1.06","10.50","1.30","3.66","2.04","1.87","3.51","1.32","6.76","1.12","1.72","2.12"
"15286","24-08-24 20:45","Italy","Serie A","2024/2025","Inter","Lecce","1.22","7.49","13.40","1.02","15.70","1.21","4.71","1.60","2.41","2.46","1.58","4.59","1.22","2.22","1.66"
"15287","24-08-24 20:45","Italy","Serie A","2024/2025","Monza","Genoa","2.68","3.16","2.93","1.09","8.00","1.41","3.00","2.37","1.62","4.48","1.22","9.26","1.07","1.90","1.90"
"15288","24-08-24 18:30","Italy","Serie A","2024/2025","Parma","AC Milan","5.62","4.29","1.62","1.03","15.00","1.19","5.00","1.61","2.38","2.47","1.57","4.48","1.22","1.60","2.34"
"15289","24-08-24 18:30","Italy","Serie A","2024/2025","Udinese","Lazio","3.38","3.26","2.34","1.09","8.38","1.34","3.35","2.25","1.72","3.96","1.27","8.09","1.09","1.83","1.98"
"15290","19-08-24 20:45","Italy","Serie A","2024/2025","Juventus","Como","1.58","4.12","6.47","1.05","11.50","1.30","3.66","1.91","2.00","3.29","1.36","6.76","1.12","1.96","1.85"
"15291","19-08-24 18:30","Italy","Serie A","2024/2025","Lecce","Atalanta","3.81","3.49","2.08","1.07","9.47","1.31","3.58","2.03","1.88","3.50","1.33","7.18","1.11","1.76","2.06"
"15292","18-08-24 20:45","Italy","Serie A","2024/2025","Cagliari","AS Roma","3.89","3.42","2.08","1.05","11.60","1.27","3.95","1.90","2.01","3.09","1.39","6.23","1.14","1.68","2.18"
"15293","18-08-24 20:45","Italy","Serie A","2024/2025","Lazio","Venezia","1.43","4.44","9.55","1.06","10.50","1.27","3.93","1.91","2.00","3.10","1.39","6.26","1.14","2.06","1.76"
"15294","18-08-24 18:30","Italy","Serie A","2024/2025","Bologna","Udinese","2.01","3.37","4.23","1.09","8.38","1.44","2.88","2.26","1.66","4.28","1.24","8.86","1.08","1.96","1.85"
"15295","18-08-24 18:30","Italy","Serie A","2024/2025","Verona","Napoli","5.57","3.69","1.72","1.05","11.60","1.27","3.95","1.90","2.01","3.09","1.39","6.23","1.14","1.76","2.06"
"15296","17-08-24 20:45","Italy","Serie A","2024/2025","AC Milan","Torino","1.51","4.27","7.41","1.04","12.40","1.25","4.15","1.90","2.01","3.00","1.41","5.67","1.16","1.76","2.06"
"15297","17-08-24 20:45","Italy","Serie A","2024/2025","Empoli","Monza","2.41","3.19","3.31","1.09","8.00","1.41","3.00","2.35","1.67","4.14","1.25","8.45","1.09","1.83","1.98"
"15298","17-08-24 18:30","Italy","Serie A","2024/2025","Genoa","Inter","8.10","4.27","1.49","1.05","11.50","1.27","3.93","1.91","2.00","3.10","1.39","6.26","1.14","2.12","1.72"
"15299","17-08-24 18:30","Italy","Serie A","2024/2025","Parma","Fiorentina","3.73","3.38","2.14","1.05","11.00","1.29","3.75","1.99","1.91","3.24","1.37","6.54","1.13","1.65","2.24"
"120854","24-05-26 20:45","Italy","Serie A","2025/2026","AC Milan","Cagliari","1.42","5.01","7.92","1.06","10.00","1.31","3.50","1.97","1.91","3.37","1.34","6.80","1.11","2.22","1.66"
"120855","24-05-26 20:45","Italy","Serie A","2025/2026","Cremonese","Como","5.64","4.45","1.59","1.03","13.00","1.26","4.00","1.89","2.00","3.01","1.40","5.81","1.14","1.83","1.98"
"120856","24-05-26 20:45","Italy","Serie A","2025/2026","Lecce","Genoa","1.96","3.29","4.62","1.14","6.00","1.54","2.50","2.82","1.45","5.26","1.17","11.70","1.04","2.22","1.66"
"120857","24-05-26 20:45","Italy","Serie A","2025/2026","Torino","Juventus","6.68","4.46","1.52","1.02","15.00","1.21","4.50","1.63","2.30","2.63","1.50","4.68","1.20","1.74","2.10"
"120858","24-05-26 20:45","Italy","Serie A","2025/2026","Verona","AS Roma","9.73","5.12","1.37","1.05","11.00","1.26","4.00","1.89","2.00","3.18","1.37","5.81","1.14","2.06","1.76"
"120853","24-05-26 18:00","Italy","Serie A","2025/2026","Napoli","Udinese","1.59","4.31","5.90","1.03","13.00","1.23","4.33","1.80","2.10","2.82","1.45","5.26","1.17","1.83","1.98"
"120852","24-05-26 15:00","Italy","Serie A","2025/2026","Parma","Sassuolo","3.30","3.45","2.29","1.03","13.70","1.21","4.56","1.73","2.21","2.50","1.54","5.01","1.18","1.61","2.33"
"120799","23-05-26 20:45","Italy","Serie A","2025/2026","Lazio","Pisa","1.74","3.80","5.13","1.06","10.00","1.31","3.50","2.10","1.80","3.37","1.34","6.80","1.11","1.98","1.83"
"120798","23-05-26 18:00","Italy","Serie A","2025/2026","Bologna","Inter","3.92","3.69","1.98","1.03","13.00","1.23","4.33","1.80","2.10","2.82","1.45","5.26","1.17","1.60","2.34"
"120772","22-05-26 20:45","Italy","Serie A","2025/2026","Fiorentina","Atalanta","3.38","3.68","2.16","1.02","15.00","1.18","5.00","1.60","2.38","2.44","1.57","4.37","1.22","1.49","2.64"
"120624","17-05-26 20:45","Italy","Serie A","2025/2026","Cagliari","Torino","2.21","3.18","3.80","1.09","8.00","1.40","3.00","2.32","1.67","4.05","1.25","8.82","1.07","1.90","1.90"
"120625","17-05-26 20:45","Italy","Serie A","2025/2026","Sassuolo","Lecce","2.61","3.27","2.94","1.07","9.00","1.33","3.40","2.10","1.80","3.60","1.30","7.24","1.10","1.78","2.04"
"120626","17-05-26 20:45","Italy","Serie A","2025/2026","Udinese","Cremonese","2.45","3.26","3.17","1.09","8.00","1.40","3.00","2.32","1.67","4.05","1.25","8.08","1.09","1.90","1.90"
"120623","17-05-26 18:00","Italy","Serie A","2025/2026","Atalanta","Bologna","1.76","4.08","4.59","1.02","15.00","1.21","4.50","1.63","2.30","2.53","1.54","4.68","1.20","1.65","2.25"
"120622","17-05-26 15:00","Italy","Serie A","2025/2026","Inter","Verona","1.42","5.13","7.56","1.03","13.70","1.24","4.21","1.73","2.21","2.86","1.43","5.01","1.18","1.96","1.85"
"120617","17-05-26 12:00","Italy","Serie A","2025/2026","AS Roma","Lazio","1.55","4.23","6.71","1.05","10.50","1.30","3.57","2.08","1.82","3.54","1.31","6.65","1.12","1.90","1.90"
"120618","17-05-26 12:00","Italy","Serie A","2025/2026","Como","Parma","1.27","6.07","12.50","1.02","15.00","1.21","4.50","1.69","2.20","2.63","1.50","5.26","1.17","2.22","1.66"
"120619","17-05-26 12:00","Italy","Serie A","2025/2026","Genoa","AC Milan","5.12","3.84","1.74","1.07","9.00","1.36","3.20","2.21","1.73","4.05","1.25","8.08","1.09","1.96","1.85"
"120620","17-05-26 12:00","Italy","Serie A","2025/2026","Juventus","Fiorentina","1.36","6.11","7.64","1.02","16.50","1.18","5.00","1.54","2.50","2.44","1.57","4.05","1.25","1.83","1.98"
"120621","17-05-26 12:00","Italy","Serie A","2025/2026","Pisa","Napoli","9.15","4.60","1.42","1.06","10.00","1.31","3.50","1.97","1.91","3.37","1.34","6.80","1.11","2.25","1.65"
"119691","11-05-26 20:45","Italy","Serie A","2025/2026","Napoli","Bologna","1.59","4.20","6.14","1.06","10.00","1.31","3.50","1.97","1.91","3.37","1.34","6.80","1.11","1.90","1.90"
"119378","10-05-26 20:45","Italy","Serie A","2025/2026","AC Milan","Atalanta","2.24","3.34","3.52","1.06","10.00","1.28","3.75","1.97","1.91","3.37","1.34","6.32","1.13","1.68","2.18"
"119377","10-05-26 18:00","Italy","Serie A","2025/2026","Parma","AS Roma","8.87","4.70","1.42","1.06","10.00","1.33","3.40","2.10","1.80","3.60","1.30","7.24","1.10","2.22","1.66"
"119375","10-05-26 15:00","Italy","Serie A","2025/2026","Cremonese","Pisa","1.96","3.69","4.00","1.06","9.47","1.30","3.58","2.11","1.80","3.53","1.31","6.90","1.11","1.93","1.87"
"119376","10-05-26 15:00","Italy","Serie A","2025/2026","Fiorentina","Genoa","1.98","3.56","4.07","1.06","10.00","1.33","3.40","2.10","1.80","3.71","1.29","7.24","1.10","1.83","1.98"
"119374","10-05-26 12:30","Italy","Serie A","2025/2026","Verona","Como","8.24","4.89","1.42","1.05","11.00","1.28","3.75","1.97","1.91","3.37","1.34","6.32","1.13","2.16","1.70"
"119281","09-05-26 20:45","Italy","Serie A","2025/2026","Lecce","Juventus","8.71","4.57","1.43","1.06","10.00","1.31","3.50","1.97","1.91","3.37","1.34","6.32","1.13","2.16","1.70"
"119280","09-05-26 18:00","Italy","Serie A","2025/2026","Lazio","Inter","4.28","3.82","1.87","1.05","11.00","1.28","3.75","1.89","2.00","3.18","1.37","5.81","1.14","1.72","2.12"
"119279","09-05-26 15:00","Italy","Serie A","2025/2026","Cagliari","Udinese","2.62","3.08","3.08","1.09","8.00","1.36","3.20","2.32","1.67","4.05","1.25","8.08","1.09","1.83","1.98"
"119215","08-05-26 20:45","Italy","Serie A","2025/2026","Torino","Sassuolo","2.85","3.21","2.72","1.06","10.00","1.28","3.75","1.97","1.91","3.18","1.37","6.32","1.13","1.65","2.24"
"119165","04-05-26 20:45","Italy","Serie A","2025/2026","AS Roma","Fiorentina","1.59","4.45","5.64","1.03","13.00","1.26","4.00","1.89","2.00","3.18","1.37","5.81","1.14","1.90","1.90"
"119164","04-05-26 18:30","Italy","Serie A","2025/2026","Cremonese","Lazio","3.38","3.28","2.33","1.08","8.51","1.37","3.19","2.21","1.69","4.12","1.25","8.32","1.08","1.90","1.90"
"119097","03-05-26 20:45","Italy","Serie A","2025/2026","Inter","Parma","1.22","7.28","13.50","1.01","19.50","1.16","5.50","1.46","2.75","2.24","1.67","3.71","1.29","2.04","1.78"
"119096","03-05-26 18:00","Italy","Serie A","2025/2026","Juventus","Verona","1.20","7.97","13.80","1.02","17.50","1.18","5.00","1.60","2.38","2.44","1.57","4.37","1.22","2.42","1.57"
"119095","03-05-26 15:00","Italy","Serie A","2025/2026","Sassuolo","AC Milan","4.33","4.08","1.81","1.03","13.70","1.21","4.56","1.73","2.21","2.69","1.48","5.01","1.18","1.68","2.18"
"119094","03-05-26 12:30","Italy","Serie A","2025/2026","Bologna","Cagliari","2.22","3.17","3.80","1.09","8.00","1.40","3.00","2.34","1.62","4.05","1.25","8.82","1.07","1.90","1.90"
"118999","02-05-26 20:45","Italy","Serie A","2025/2026","Atalanta","Genoa","1.53","4.42","6.63","1.02","15.80","1.20","4.74","1.63","2.32","2.50","1.54","4.45","1.22","1.76","2.06"
"118998","02-05-26 18:00","Italy","Serie A","2025/2026","Como","Napoli","2.25","3.27","3.57","1.08","8.42","1.34","3.37","2.11","1.80","3.53","1.31","7.69","1.09","1.76","2.06"
"118997","02-05-26 15:00","Italy","Serie A","2025/2026","Udinese","Torino","2.05","3.37","4.09","1.06","9.47","1.30","3.58","2.11","1.80","3.53","1.31","6.90","1.11","1.86","1.95"
"118884","01-05-26 20:45","Italy","Serie A","2025/2026","Pisa","Lecce","3.64","3.05","2.34","1.14","6.00","1.54","2.50","2.63","1.50","5.26","1.17","10.60","1.05","2.06","1.76"
"118827","27-04-26 20:45","Italy","Serie A","2025/2026","Lazio","Udinese","2.27","3.16","3.65","1.08","8.42","1.37","3.16","2.23","1.68","4.16","1.24","8.40","1.08","1.90","1.90"
"118826","27-04-26 18:30","Italy","Serie A","2025/2026","Cagliari","Atalanta","5.12","3.84","1.74","1.05","11.00","1.28","3.75","1.97","1.91","3.37","1.34","6.32","1.13","1.83","1.98"
"118761","26-04-26 20:45","Italy","Serie A","2025/2026","AC Milan","Juventus","2.64","3.16","2.98","1.06","9.47","1.30","3.58","2.11","1.80","3.53","1.31","6.90","1.11","1.76","2.06"
"118760","26-04-26 18:00","Italy","Serie A","2025/2026","Torino","Inter","7.18","5.13","1.44","1.02","15.00","1.21","4.50","1.63","2.30","2.63","1.50","4.68","1.20","1.83","1.98"
"118759","26-04-26 15:00","Italy","Serie A","2025/2026","Genoa","Como","5.63","4.11","1.64","1.06","9.47","1.34","3.37","2.11","1.80","3.85","1.27","7.69","1.09","2.06","1.76"
"118758","26-04-26 12:30","Italy","Serie A","2025/2026","Fiorentina","Sassuolo","2.03","3.38","4.13","1.05","11.00","1.26","4.00","1.89","2.00","3.01","1.40","5.81","1.14","1.65","2.24"
"118657","25-04-26 20:45","Italy","Serie A","2025/2026","Verona","Lecce","2.65","3.06","3.06","1.13","6.32","1.54","2.50","2.69","1.48","5.53","1.15","11.10","1.05","2.16","1.70"
"118656","25-04-26 18:00","Italy","Serie A","2025/2026","Bologna","AS Roma","3.88","3.26","2.14","1.06","9.47","1.30","3.58","2.11","1.80","3.53","1.31","6.90","1.11","1.74","2.09"
"118655","25-04-26 15:00","Italy","Serie A","2025/2026","Parma","Pisa","2.28","3.14","3.65","1.10","7.00","1.46","2.75","2.53","1.54","4.68","1.20","9.48","1.06","2.04","1.78"
"118563","24-04-26 20:45","Italy","Serie A","2025/2026","Napoli","Cremonese","1.34","5.01","12.00","1.05","10.50","1.26","3.95","1.88","2.01","3.21","1.36","6.02","1.14","2.33","1.61"
"118410","20-04-26 20:45","Italy","Serie A","2025/2026","Lecce","Fiorentina","3.80","3.41","2.10","1.08","8.42","1.43","2.90","2.23","1.68","4.16","1.24","8.40","1.08","1.96","1.85"
"118349","19-04-26 20:45","Italy","Serie A","2025/2026","Juventus","Bologna","1.50","4.86","6.33","1.02","15.00","1.23","4.33","1.69","2.20","2.63","1.50","5.26","1.17","1.90","1.90"
"118348","19-04-26 18:00","Italy","Serie A","2025/2026","Pisa","Genoa","3.06","3.06","2.65","1.12","6.50","1.50","2.63","2.63","1.50","5.26","1.17","10.60","1.05","2.02","1.80"
"118347","19-04-26 15:00","Italy","Serie A","2025/2026","Verona","AC Milan","6.62","4.18","1.56","1.06","10.00","1.31","3.50","2.10","1.80","3.60","1.30","6.80","1.11","2.04","1.78"
"118346","19-04-26 12:30","Italy","Serie A","2025/2026","Cremonese","Torino","3.07","3.25","2.52","1.06","9.47","1.30","3.58","2.11","1.80","3.53","1.31","6.90","1.11","1.76","2.06"
"118256","18-04-26 20:45","Italy","Serie A","2025/2026","AS Roma","Atalanta","2.42","3.39","3.11","1.06","10.00","1.28","3.75","1.97","1.91","3.37","1.34","6.32","1.13","1.68","2.18"
"118255","18-04-26 18:00","Italy","Serie A","2025/2026","Napoli","Lazio","1.55","4.05","7.10","1.07","9.00","1.33","3.40","2.10","1.80","3.71","1.29","7.24","1.10","2.06","1.76"
"118254","18-04-26 15:00","Italy","Serie A","2025/2026","Udinese","Parma","2.26","2.95","4.00","1.13","6.32","1.50","2.63","2.50","1.54","5.01","1.18","10.10","1.06","2.06","1.76"
"118165","17-04-26 20:45","Italy","Serie A","2025/2026","Inter","Cagliari","1.25","6.61","13.20","1.02","17.50","1.17","5.26","1.50","2.63","2.23","1.68","3.85","1.27","1.96","1.85"
"118164","17-04-26 18:30","Italy","Serie A","2025/2026","Sassuolo","Como","6.33","4.86","1.50","1.02","15.00","1.21","4.50","1.63","2.30","2.53","1.54","4.68","1.20","1.76","2.06"
"118084","13-04-26 20:45","Italy","Serie A","2025/2026","Fiorentina","Lazio","2.38","3.14","3.44","1.08","8.42","1.34","3.37","2.21","1.73","3.85","1.27","7.69","1.09","1.83","1.98"
"118022","12-04-26 20:45","Italy","Serie A","2025/2026","Como","Inter","3.54","3.49","2.17","1.04","11.70","1.23","4.25","1.78","2.13","2.83","1.44","5.48","1.16","1.65","2.24"
"118021","12-04-26 18:00","Italy","Serie A","2025/2026","Bologna","Lecce","1.89","3.50","4.63","1.06","9.47","1.30","3.58","2.11","1.80","3.53","1.31","6.90","1.11","1.93","1.87"
"118020","12-04-26 15:00","Italy","Serie A","2025/2026","Parma","Napoli","7.16","3.84","1.58","1.10","7.37","1.43","2.90","2.32","1.63","4.45","1.22","9.03","1.07","2.44","1.56"
"118019","12-04-26 12:30","Italy","Serie A","2025/2026","Genoa","Sassuolo","2.15","3.49","3.58","1.07","9.00","1.33","3.40","2.10","1.80","3.60","1.30","6.80","1.11","1.72","2.12"
"117911","11-04-26 20:45","Italy","Serie A","2025/2026","Atalanta","Juventus","3.37","3.57","2.20","1.03","13.70","1.21","4.56","1.73","2.21","2.69","1.48","5.01","1.18","1.57","2.41"
"117910","11-04-26 18:00","Italy","Serie A","2025/2026","AC Milan","Udinese","1.49","4.41","7.50","1.05","11.00","1.26","4.00","1.89","2.00","3.01","1.40","5.81","1.14","1.90","1.90"
"117908","11-04-26 15:00","Italy","Serie A","2025/2026","Cagliari","Cremonese","2.17","3.19","3.91","1.12","6.50","1.50","2.63","2.53","1.54","4.68","1.20","9.48","1.06","2.02","1.80"
"117909","11-04-26 15:00","Italy","Serie A","2025/2026","Torino","Verona","2.05","3.34","4.10","1.10","7.00","1.50","2.63","2.53","1.54","4.68","1.20","9.48","1.06","2.15","1.70"
"117823","10-04-26 20:45","Italy","Serie A","2025/2026","AS Roma","Pisa","1.40","5.13","8.21","1.03","13.00","1.26","4.00","1.89","2.00","3.01","1.40","5.81","1.14","2.04","1.78"
"117657","06-04-26 20:45","Italy","Serie A","2025/2026","Napoli","AC Milan","2.46","3.08","3.34","1.10","7.45","1.37","3.19","2.21","1.69","4.12","1.25","8.32","1.08","1.87","1.94"
"117656","06-04-26 18:00","Italy","Serie A","2025/2026","Juventus","Genoa","1.45","4.63","8.20","1.03","13.70","1.21","4.56","1.63","2.32","2.69","1.48","5.01","1.18","1.83","1.98"
"117655","06-04-26 15:00","Italy","Serie A","2025/2026","Lecce","Atalanta","5.98","3.92","1.65","1.06","10.00","1.28","3.75","1.97","1.91","3.37","1.34","6.32","1.13","1.83","1.98"
"117654","06-04-26 12:30","Italy","Serie A","2025/2026","Udinese","Como","5.61","3.87","1.68","1.06","9.57","1.30","3.62","1.98","1.90","3.40","1.33","6.42","1.12","1.90","1.90"
"117552","05-04-26 20:45","Italy","Serie A","2025/2026","Inter","AS Roma","1.58","4.09","6.45","1.05","11.00","1.26","4.00","1.89","2.00","3.01","1.40","5.81","1.14","1.76","2.06"
"117551","05-04-26 18:00","Italy","Serie A","2025/2026","Pisa","Torino","3.25","3.08","2.51","1.09","8.00","1.40","3.00","2.34","1.62","4.37","1.22","8.82","1.07","1.98","1.83"
"117550","05-04-26 15:00","Italy","Serie A","2025/2026","Cremonese","Bologna","3.80","3.41","2.10","1.06","9.47","1.30","3.58","2.11","1.80","3.53","1.31","7.69","1.09","1.76","2.06"
"117451","04-04-26 20:45","Italy","Serie A","2025/2026","Lazio","Parma","1.94","3.31","4.65","1.08","8.42","1.43","2.90","2.32","1.63","4.45","1.22","9.03","1.07","2.02","1.80"
"117450","04-04-26 18:00","Italy","Serie A","2025/2026","Verona","Fiorentina","3.80","3.29","2.16","1.10","7.00","1.46","2.75","2.44","1.57","4.68","1.20","9.48","1.06","1.96","1.85"
"117449","04-04-26 15:00","Italy","Serie A","2025/2026","Sassuolo","Cagliari","2.14","3.18","4.00","1.07","9.00","1.31","3.50","2.10","1.80","3.37","1.34","6.80","1.11","1.78","2.04"
"114403","22-03-26 20:45","Italy","Serie A","2025/2026","Fiorentina","Inter","5.34","4.27","1.64","1.03","13.00","1.23","4.33","1.69","2.20","2.82","1.45","5.26","1.17","1.68","2.18"
"114402","22-03-26 18:00","Italy","Serie A","2025/2026","AS Roma","Lecce","1.53","3.96","8.13","1.09","8.00","1.36","3.20","2.21","1.73","4.05","1.25","8.08","1.09","2.22","1.66"
"114400","22-03-26 15:00","Italy","Serie A","2025/2026","Atalanta","Verona","1.42","4.65","9.10","1.03","12.60","1.28","3.80","1.92","1.96","3.08","1.38","6.45","1.12","2.11","1.73"
"114401","22-03-26 15:00","Italy","Serie A","2025/2026","Bologna","Lazio","2.34","3.25","3.40","1.05","11.20","1.33","3.39","2.10","1.81","3.39","1.33","7.81","1.09","1.70","2.15"
"114399","22-03-26 12:30","Italy","Serie A","2025/2026","Como","Pisa","1.35","5.33","9.64","1.02","15.80","1.20","4.74","1.58","2.42","2.50","1.54","4.45","1.22","1.90","1.90"
"114299","21-03-26 20:45","Italy","Serie A","2025/2026","Juventus","Sassuolo","1.30","5.87","11.20","1.02","17.50","1.18","5.00","1.54","2.50","2.34","1.62","4.05","1.25","1.90","1.90"
"114298","21-03-26 18:00","Italy","Serie A","2025/2026","AC Milan","Torino","1.39","5.10","8.66","1.03","13.70","1.24","4.21","1.80","2.10","3.03","1.39","5.53","1.15","2.16","1.70"
"114297","21-03-26 15:00","Italy","Serie A","2025/2026","Parma","Cremonese","2.30","3.17","3.57","1.07","9.00","1.33","3.40","2.21","1.73","3.71","1.29","7.24","1.10","1.83","1.98"
"114216","20-03-26 20:45","Italy","Serie A","2025/2026","Genoa","Udinese","2.14","3.17","4.04","1.10","7.00","1.46","2.75","2.44","1.57","4.68","1.20","9.48","1.06","1.96","1.85"
"114215","20-03-26 18:30","Italy","Serie A","2025/2026","Cagliari","Napoli","5.72","3.49","1.76","1.10","7.45","1.45","2.79","2.39","1.59","4.41","1.22","9.96","1.06","2.14","1.71"
"110049","16-03-26 20:45","Italy","Serie A","2025/2026","Cremonese","Fiorentina","4.54","3.49","1.91","1.07","9.00","1.36","3.20","2.21","1.73","4.05","1.25","8.08","1.09","1.90","1.90"
"108000","15-03-26 20:45","Italy","Serie A","2025/2026","Lazio","AC Milan","4.82","3.56","1.85","1.07","9.00","1.33","3.40","2.21","1.73","3.71","1.29","7.24","1.10","1.89","1.92"
"107999","15-03-26 18:00","Italy","Serie A","2025/2026","Como","AS Roma","2.17","3.19","3.91","1.11","6.84","1.46","2.77","2.41","1.58","4.45","1.22","10.10","1.06","2.00","1.82"
"107997","15-03-26 15:00","Italy","Serie A","2025/2026","Pisa","Cagliari","2.62","2.98","3.18","1.14","6.00","1.54","2.50","2.63","1.50","5.26","1.17","10.60","1.05","2.10","1.74"
"107998","15-03-26 15:00","Italy","Serie A","2025/2026","Sassuolo","Bologna","2.45","3.35","3.09","1.06","10.00","1.28","3.75","1.97","1.91","3.37","1.34","6.32","1.13","1.74","2.10"
"107996","15-03-26 12:30","Italy","Serie A","2025/2026","Verona","Genoa","3.38","3.08","2.44","1.13","6.32","1.54","2.50","2.69","1.48","5.53","1.15","11.10","1.05","2.16","1.70"
"106593","14-03-26 20:45","Italy","Serie A","2025/2026","Udinese","Juventus","6.40","4.20","1.57","1.04","11.60","1.26","3.95","1.88","2.01","3.03","1.39","6.02","1.14","1.90","1.90"
"106592","14-03-26 18:00","Italy","Serie A","2025/2026","Napoli","Lecce","1.49","4.32","7.72","1.07","9.00","1.36","3.20","2.21","1.73","4.05","1.25","8.08","1.09","2.22","1.66"
"106591","14-03-26 15:00","Italy","Serie A","2025/2026","Inter","Atalanta","1.56","4.61","5.79","1.03","16.50","1.18","5.00","1.60","2.38","2.44","1.57","4.37","1.22","1.65","2.24"
"105945","13-03-26 20:45","Italy","Serie A","2025/2026","Torino","Parma","2.33","3.00","3.73","1.10","7.00","1.46","2.75","2.44","1.57","4.37","1.22","9.48","1.06","1.90","1.90"
"100581","09-03-26 20:45","Italy","Serie A","2025/2026","Lazio","Sassuolo","2.20","3.28","3.68","1.08","8.42","1.30","3.58","2.11","1.80","3.53","1.31","6.90","1.11","1.76","2.06"
"99655","08-03-26 20:45","Italy","Serie A","2025/2026","AC Milan","Inter","3.30","3.09","2.48","1.05","10.60","1.29","3.72","1.98","1.90","3.18","1.37","6.42","1.12","1.67","2.21"
"99643","08-03-26 18:00","Italy","Serie A","2025/2026","Genoa","AS Roma","4.71","3.17","1.99","1.11","6.84","1.46","2.77","2.41","1.58","4.45","1.22","10.10","1.06","2.06","1.76"
"99615","08-03-26 15:00","Italy","Serie A","2025/2026","Bologna","Verona","1.65","3.85","6.16","1.07","9.00","1.36","3.20","2.21","1.73","4.05","1.25","8.08","1.09","2.06","1.76"
"99616","08-03-26 15:00","Italy","Serie A","2025/2026","Fiorentina","Parma","1.75","3.55","5.58","1.06","9.47","1.29","3.68","2.01","1.88","3.21","1.36","6.48","1.12","1.83","1.98"
"99600","08-03-26 12:30","Italy","Serie A","2025/2026","Lecce","Cremonese","2.34","3.03","3.65","1.10","7.37","1.37","3.16","2.23","1.68","4.16","1.24","8.40","1.08","1.90","1.90"
"99577","07-03-26 20:45","Italy","Serie A","2025/2026","Juventus","Pisa","1.23","7.09","12.80","1.02","17.50","1.18","5.00","1.60","2.38","2.53","1.54","4.37","1.22","2.22","1.66"
"99559","07-03-26 18:00","Italy","Serie A","2025/2026","Atalanta","Udinese","1.73","3.72","5.44","1.06","10.00","1.31","3.50","2.10","1.80","3.37","1.34","6.80","1.11","1.83","1.98"
"99514","07-03-26 15:00","Italy","Serie A","2025/2026","Cagliari","Como","6.67","4.31","1.54","1.06","10.00","1.31","3.50","2.10","1.80","3.37","1.34","6.80","1.11","2.02","1.80"
"99492","06-03-26 20:45","Italy","Serie A","2025/2026","Napoli","Torino","1.59","3.99","6.65","1.07","9.00","1.36","3.20","2.21","1.73","4.05","1.25","8.08","1.09","2.15","1.70"
"99421","02-03-26 20:45","Italy","Serie A","2025/2026","Udinese","Fiorentina","3.33","3.18","2.41","1.06","9.57","1.33","3.41","2.09","1.81","3.82","1.28","7.62","1.09","1.76","2.06"
"99417","02-03-26 18:30","Italy","Serie A","2025/2026","Pisa","Bologna","4.73","3.38","1.91","1.08","8.42","1.37","3.16","2.21","1.73","3.85","1.27","7.69","1.09","1.90","1.90"
"98766","01-03-26 20:45","Italy","Serie A","2025/2026","AS Roma","Juventus","2.62","3.18","2.98","1.08","8.51","1.37","3.19","2.19","1.74","3.82","1.28","7.62","1.09","1.81","2.00"
"98753","01-03-26 18:00","Italy","Serie A","2025/2026","Torino","Lazio","3.09","2.86","2.80","1.14","6.00","1.54","2.50","2.63","1.50","5.26","1.17","10.60","1.05","2.02","1.80"
"98724","01-03-26 15:00","Italy","Serie A","2025/2026","Sassuolo","Atalanta","3.50","3.38","2.23","1.05","11.00","1.28","3.75","1.97","1.91","3.18","1.37","6.32","1.13","1.68","2.18"
"98708","01-03-26 12:30","Italy","Serie A","2025/2026","Cremonese","AC Milan","8.67","4.89","1.41","1.03","13.00","1.21","4.50","1.69","2.20","2.63","1.50","4.68","1.20","1.90","1.90"
"97484","28-02-26 20:45","Italy","Serie A","2025/2026","Inter","Genoa","1.34","6.01","8.46","1.02","15.00","1.23","4.33","1.69","2.20","2.82","1.45","5.26","1.17","2.02","1.80"
"97461","28-02-26 18:00","Italy","Serie A","2025/2026","Verona","Napoli","6.41","3.69","1.66","1.10","7.37","1.43","2.90","2.32","1.63","4.45","1.22","9.03","1.07","2.22","1.66"
"97411","28-02-26 15:00","Italy","Serie A","2025/2026","Como","Lecce","1.45","4.42","8.68","1.06","10.00","1.31","3.50","1.97","1.91","3.37","1.34","6.32","1.13","2.10","1.74"
"97380","27-02-26 20:45","Italy","Serie A","2025/2026","Parma","Cagliari","2.27","2.99","3.92","1.12","6.50","1.50","2.63","2.53","1.54","4.68","1.20","9.48","1.06","1.96","1.85"
"97279","23-02-26 20:45","Italy","Serie A","2025/2026","Bologna","Udinese","1.86","3.59","4.68","1.09","8.00","1.36","3.20","2.32","1.67","4.05","1.25","8.08","1.09","1.90","1.90"
"97271","23-02-26 18:30","Italy","Serie A","2025/2026","Fiorentina","Pisa","1.61","4.07","6.16","1.04","11.60","1.26","3.95","1.88","2.01","3.21","1.36","6.02","1.14","1.90","1.90"
"97258","22-02-26 20:45","Italy","Serie A","2025/2026","AS Roma","Cremonese","1.33","5.35","11.20","1.03","13.00","1.23","4.33","1.80","2.10","2.82","1.45","5.26","1.17","2.06","1.76"
"97247","22-02-26 18:00","Italy","Serie A","2025/2026","AC Milan","Parma","1.33","5.66","9.77","1.03","13.00","1.26","4.00","1.80","2.10","3.01","1.40","5.26","1.17","2.16","1.70"
"97228","22-02-26 15:00","Italy","Serie A","2025/2026","Atalanta","Napoli","2.54","3.06","3.21","1.10","7.37","1.37","3.16","2.23","1.68","4.16","1.24","8.40","1.08","1.90","1.90"
"97209","22-02-26 12:30","Italy","Serie A","2025/2026","Genoa","Torino","2.36","2.98","3.69","1.11","6.84","1.46","2.77","2.41","1.58","4.45","1.22","9.03","1.07","1.96","1.85"
"97174","21-02-26 20:45","Italy","Serie A","2025/2026","Cagliari","Lazio","3.56","2.98","2.41","1.13","6.32","1.50","2.63","2.50","1.54","5.01","1.18","10.10","1.06","2.02","1.80"
"97153","21-02-26 18:00","Italy","Serie A","2025/2026","Lecce","Inter","7.03","4.31","1.52","1.06","10.00","1.31","3.50","1.97","1.91","3.37","1.34","6.32","1.13","1.96","1.85"
"97104","21-02-26 15:00","Italy","Serie A","2025/2026","Juventus","Como","2.10","3.41","3.85","1.05","10.60","1.29","3.72","1.98","1.90","3.18","1.37","6.42","1.12","1.72","2.12"
"97069","20-02-26 20:45","Italy","Serie A","2025/2026","Sassuolo","Verona","1.79","3.41","5.57","1.08","8.43","1.44","2.84","2.20","1.74","3.80","1.28","9.17","1.06","2.00","1.81"
"97022","18-02-26 20:45","Italy","Serie A","2025/2026","AC Milan","Como","2.52","3.06","3.26","1.10","7.37","1.43","2.90","2.32","1.63","4.45","1.22","9.03","1.07","1.89","1.92"
"94611","16-02-26 20:45","Italy","Serie A","2025/2026","Cagliari","Lecce","2.38","2.88","3.79","1.14","5.79","1.58","2.42","2.86","1.43","6.02","1.14","12.50","1.03","2.22","1.66"
"93113","15-02-26 20:45","Italy","Serie A","2025/2026","Napoli","AS Roma","2.46","2.88","3.61","1.14","5.85","1.57","2.45","2.83","1.44","5.48","1.16","11.00","1.05","2.14","1.71"
"93104","15-02-26 18:00","Italy","Serie A","2025/2026","Torino","Bologna","2.98","3.28","2.57","1.06","9.47","1.30","3.58","2.11","1.80","3.53","1.31","6.90","1.11","1.76","2.06"
"93084","15-02-26 15:00","Italy","Serie A","2025/2026","Cremonese","Genoa","3.41","3.00","2.48","1.12","6.50","1.50","2.63","2.63","1.50","5.26","1.17","10.60","1.05","2.02","1.80"
"93085","15-02-26 15:00","Italy","Serie A","2025/2026","Parma","Verona","2.30","3.07","3.69","1.12","6.50","1.50","2.63","2.63","1.50","5.26","1.17","10.60","1.05","2.06","1.76"
"93072","15-02-26 12:30","Italy","Serie A","2025/2026","Udinese","Sassuolo","2.62","3.08","3.08","1.08","8.42","1.37","3.16","2.21","1.73","3.85","1.27","7.69","1.09","1.83","1.98"
"93056","14-02-26 20:45","Italy","Serie A","2025/2026","Inter","Juventus","2.03","3.32","4.23","1.06","9.57","1.30","3.62","1.98","1.90","3.40","1.33","6.83","1.11","1.76","2.06"
"93042","14-02-26 18:00","Italy","Serie A","2025/2026","Lazio","Atalanta","3.57","3.27","2.25","1.06","9.47","1.29","3.68","2.01","1.88","3.21","1.36","6.48","1.12","1.72","2.12"
"93001","14-02-26 15:00","Italy","Serie A","2025/2026","Como","Fiorentina","1.70","3.95","5.33","1.02","15.00","1.21","4.50","1.69","2.20","2.63","1.50","4.68","1.20","1.65","2.25"
"91779","13-02-26 20:45","Italy","Serie A","2025/2026","Pisa","AC Milan","6.44","4.02","1.60","1.07","9.00","1.33","3.40","2.21","1.73","3.71","1.29","7.24","1.10","2.02","1.80"
"91696","09-02-26 20:45","Italy","Serie A","2025/2026","AS Roma","Cagliari","1.50","4.19","8.06","1.07","9.00","1.36","3.20","2.21","1.73","4.05","1.25","8.08","1.09","2.22","1.66"
"91692","09-02-26 18:30","Italy","Serie A","2025/2026","Atalanta","Cremonese","1.40","5.03","8.47","1.03","13.00","1.23","4.33","1.69","2.20","2.63","1.50","4.68","1.20","1.98","1.83"
"90993","08-02-26 20:45","Italy","Serie A","2025/2026","Juventus","Lazio","1.46","4.56","8.12","1.07","9.00","1.36","3.20","2.21","1.73","3.71","1.29","7.24","1.10","2.22","1.66"
"90985","08-02-26 18:00","Italy","Serie A","2025/2026","Sassuolo","Inter","6.98","4.59","1.50","1.03","13.00","1.26","4.00","1.80","2.10","2.82","1.45","5.26","1.17","1.83","1.98"
"90967","08-02-26 15:00","Italy","Serie A","2025/2026","Lecce","Udinese","2.97","2.81","2.97","1.18","5.00","1.74","2.20","3.18","1.37","6.32","1.13","13.10","1.03","2.31","1.62"
"90953","08-02-26 12:30","Italy","Serie A","2025/2026","Bologna","Parma","1.66","4.00","5.64","1.06","10.00","1.31","3.50","1.97","1.91","3.37","1.34","6.80","1.11","1.90","1.90"
"90938","07-02-26 20:45","Italy","Serie A","2025/2026","Fiorentina","Torino","1.75","3.80","5.07","1.05","11.00","1.26","4.00","1.89","2.00","3.01","1.40","5.26","1.17","1.68","2.18"
"90923","07-02-26 18:00","Italy","Serie A","2025/2026","Genoa","Napoli","4.46","3.06","2.08","1.13","6.32","1.50","2.63","2.50","1.54","5.01","1.18","10.10","1.06","2.06","1.76"
"90847","06-02-26 20:45","Italy","Serie A","2025/2026","Verona","Pisa","2.57","2.98","3.28","1.11","6.84","1.46","2.77","2.41","1.58","4.45","1.22","10.10","1.06","1.96","1.85"
"90812","03-02-26 20:45","Italy","Serie A","2025/2026","Bologna","AC Milan","3.48","3.17","2.34","1.09","8.00","1.36","3.20","2.32","1.67","4.05","1.25","8.08","1.09","1.76","2.06"
"90175","02-02-26 20:45","Italy","Serie A","2025/2026","Udinese","AS Roma","4.72","3.28","1.94","1.11","6.91","1.45","2.79","2.39","1.59","4.41","1.22","9.96","1.06","2.05","1.78"
"89615","01-02-26 20:45","Italy","Serie A","2025/2026","Parma","Juventus","8.69","4.60","1.43","1.05","10.50","1.30","3.58","2.01","1.88","3.53","1.31","6.90","1.11","2.33","1.61"
"89604","01-02-26 18:00","Italy","Serie A","2025/2026","Cremonese","Inter","14.60","6.30","1.25","1.03","13.70","1.21","4.56","1.63","2.32","2.69","1.48","5.01","1.18","2.16","1.70"
"89587","01-02-26 15:00","Italy","Serie A","2025/2026","Como","Atalanta","2.38","3.30","3.25","1.05","10.50","1.29","3.68","2.01","1.88","3.43","1.33","6.48","1.12","1.72","2.12"
"89573","01-02-26 12:30","Italy","Serie A","2025/2026","Torino","Lecce","2.16","2.98","4.32","1.13","6.32","1.46","2.77","2.50","1.54","5.01","1.18","10.10","1.06","2.02","1.80"
"88945","31-01-26 20:45","Italy","Serie A","2025/2026","Cagliari","Verona","2.16","3.10","4.08","1.11","6.84","1.46","2.77","2.41","1.58","4.45","1.22","9.03","1.07","1.94","1.86"
"88930","31-01-26 18:00","Italy","Serie A","2025/2026","Napoli","Fiorentina","1.94","3.31","4.72","1.08","8.51","1.33","3.41","2.19","1.74","3.82","1.28","7.62","1.09","1.90","1.90"
"88876","31-01-26 15:00","Italy","Serie A","2025/2026","Pisa","Sassuolo","3.17","3.17","2.50","1.08","8.42","1.37","3.16","2.23","1.68","4.16","1.24","8.40","1.08","1.90","1.90"
"88852","30-01-26 20:45","Italy","Serie A","2025/2026","Lazio","Genoa","2.28","2.86","4.13","1.12","6.45","1.58","2.42","2.65","1.50","5.81","1.14","14.80","1.02","2.15","1.70"
"86845","26-01-26 20:45","Italy","Serie A","2025/2026","Verona","Udinese","2.98","2.98","2.78","1.13","6.32","1.50","2.63","2.50","1.54","5.01","1.18","10.10","1.06","2.02","1.80"
"85221","25-01-26 20:45","Italy","Serie A","2025/2026","AS Roma","AC Milan","2.94","2.98","2.82","1.08","8.51","1.33","3.41","2.19","1.74","3.82","1.28","7.62","1.09","1.74","2.09"
"85214","25-01-26 18:00","Italy","Serie A","2025/2026","Juventus","Napoli","1.98","3.23","4.67","1.11","6.84","1.43","2.90","2.41","1.58","4.45","1.22","9.03","1.07","2.06","1.76"
"85195","25-01-26 15:00","Italy","Serie A","2025/2026","Atalanta","Parma","1.37","5.02","10.00","1.04","11.60","1.24","4.21","1.80","2.10","2.86","1.43","5.53","1.15","2.06","1.76"
"85196","25-01-26 15:00","Italy","Serie A","2025/2026","Genoa","Bologna","3.34","3.08","2.46","1.10","7.00","1.46","2.75","2.44","1.57","4.68","1.20","9.48","1.06","1.96","1.85"
"85182","25-01-26 12:30","Italy","Serie A","2025/2026","Sassuolo","Cremonese","2.05","3.37","4.09","1.08","8.42","1.43","2.90","2.23","1.68","4.16","1.24","8.40","1.08","1.96","1.85"
"84320","24-01-26 20:45","Italy","Serie A","2025/2026","Lecce","Lazio","5.18","3.01","1.98","1.14","5.85","1.57","2.45","2.83","1.44","5.48","1.16","11.00","1.05","2.33","1.61"
"84306","24-01-26 18:00","Italy","Serie A","2025/2026","Fiorentina","Cagliari","1.81","3.69","4.85","1.06","10.00","1.31","3.50","1.97","1.91","3.37","1.34","6.80","1.11","1.76","2.06"
"84257","24-01-26 15:00","Italy","Serie A","2025/2026","Como","Torino","1.54","4.18","6.97","1.05","11.00","1.28","3.75","1.97","1.91","3.18","1.37","6.32","1.13","1.90","1.90"
"83926","23-01-26 20:45","Italy","Serie A","2025/2026","Inter","Pisa","1.28","6.27","11.50","1.01","19.50","1.18","5.00","1.54","2.50","2.34","1.62","4.05","1.25","1.90","1.90"
"81003","19-01-26 20:45","Italy","Serie A","2025/2026","Lazio","Como","2.98","2.96","2.79","1.13","6.32","1.50","2.63","2.50","1.54","5.01","1.18","10.10","1.06","2.02","1.80"
"81000","19-01-26 18:30","Italy","Serie A","2025/2026","Cremonese","Verona","2.48","3.09","3.30","1.08","8.42","1.34","3.37","2.21","1.73","3.85","1.27","7.69","1.09","1.78","2.03"
"79705","18-01-26 20:45","Italy","Serie A","2025/2026","AC Milan","Lecce","1.31","5.35","12.20","1.04","11.60","1.26","3.95","1.88","2.01","3.21","1.36","6.02","1.14","2.44","1.56"
"79698","18-01-26 18:00","Italy","Serie A","2025/2026","Torino","AS Roma","4.59","3.37","1.94","1.06","9.57","1.33","3.41","2.09","1.81","3.82","1.28","7.62","1.09","1.87","1.94"
"79684","18-01-26 15:00","Italy","Serie A","2025/2026","Bologna","Fiorentina","2.32","3.35","3.31","1.05","11.00","1.26","4.00","1.89","2.00","3.01","1.40","5.81","1.14","1.60","2.34"
"79673","18-01-26 12:30","Italy","Serie A","2025/2026","Parma","Genoa","3.01","2.73","3.01","1.17","5.24","1.54","2.50","2.77","1.46","5.53","1.15","11.10","1.05","1.96","1.85"
"79663","17-01-26 20:45","Italy","Serie A","2025/2026","Cagliari","Juventus","7.08","4.10","1.55","1.06","9.47","1.34","3.37","2.11","1.80","3.85","1.27","7.69","1.09","2.16","1.70"
"79648","17-01-26 18:00","Italy","Serie A","2025/2026","Napoli","Sassuolo","1.47","4.41","8.13","1.06","9.57","1.33","3.41","2.09","1.81","3.82","1.28","7.62","1.09","2.33","1.61"
"79598","17-01-26 15:00","Italy","Serie A","2025/2026","Udinese","Inter","7.16","4.60","1.49","1.02","15.00","1.26","4.00","1.80","2.10","3.01","1.40","5.81","1.14","1.98","1.83"
"79574","16-01-26 20:45","Italy","Serie A","2025/2026","Pisa","Atalanta","6.68","4.06","1.58","1.04","11.60","1.24","4.21","1.80","2.10","2.86","1.43","5.53","1.15","1.86","1.95"
"79562","15-01-26 20:45","Italy","Serie A","2025/2026","Como","AC Milan","3.17","3.28","2.44","1.06","9.57","1.30","3.62","2.09","1.81","3.50","1.31","6.83","1.11","1.74","2.09"
"79560","15-01-26 18:30","Italy","Serie A","2025/2026","Verona","Bologna","4.12","3.16","2.12","1.08","8.42","1.37","3.16","2.23","1.68","4.16","1.24","8.40","1.08","1.90","1.90"
"79557","14-01-26 20:45","Italy","Serie A","2025/2026","Inter","Lecce","1.18","8.24","15.40","1.02","18.50","1.18","5.00","1.54","2.50","2.44","1.57","4.37","1.22","2.33","1.61"
"79553","14-01-26 18:30","Italy","Serie A","2025/2026","Napoli","Parma","1.33","5.35","11.20","1.05","11.00","1.28","3.75","1.89","2.00","3.18","1.37","5.81","1.14","2.33","1.61"
"79547","12-01-26 20:45","Italy","Serie A","2025/2026","Juventus","Cremonese","1.28","6.27","11.50","1.02","15.80","1.20","4.74","1.58","2.42","2.50","1.54","4.45","1.22","2.06","1.76"
"79545","12-01-26 18:30","Italy","Serie A","2025/2026","Genoa","Cagliari","2.26","2.97","3.99","1.13","6.38","1.49","2.66","2.66","1.49","4.96","1.18","11.00","1.05","2.03","1.79"
"79031","11-01-26 20:45","Italy","Serie A","2025/2026","Inter","Napoli","1.79","3.61","5.11","1.08","8.51","1.37","3.19","2.19","1.74","3.82","1.28","7.62","1.09","1.98","1.83"
"79029","11-01-26 18:00","Italy","Serie A","2025/2026","Verona","Lazio","4.05","2.88","2.29","1.14","5.85","1.57","2.45","2.83","1.44","5.96","1.14","12.40","1.04","2.20","1.67"
"79017","11-01-26 15:00","Italy","Serie A","2025/2026","Fiorentina","AC Milan","3.59","3.33","2.21","1.05","10.60","1.23","4.25","1.78","2.13","2.83","1.44","5.48","1.16","1.60","2.34"
"79012","11-01-26 12:30","Italy","Serie A","2025/2026","Lecce","Parma","2.71","3.00","3.05","1.11","6.84","1.46","2.77","2.50","1.54","5.01","1.18","10.10","1.06","2.00","1.82"
"77860","10-01-26 20:45","Italy","Serie A","2025/2026","Atalanta","Torino","1.63","3.86","6.35","1.05","10.60","1.29","3.72","1.98","1.90","3.18","1.37","6.42","1.12","1.89","1.92"
"77854","10-01-26 18:00","Italy","Serie A","2025/2026","AS Roma","Sassuolo","1.71","3.69","5.72","1.08","8.51","1.33","3.41","2.09","1.81","3.82","1.28","7.62","1.09","1.96","1.85"
"77839","10-01-26 15:00","Italy","Serie A","2025/2026","Como","Bologna","2.00","3.34","4.31","1.07","9.00","1.33","3.40","2.21","1.73","3.71","1.29","7.24","1.10","1.83","1.98"
"77840","10-01-26 15:00","Italy","Serie A","2025/2026","Udinese","Pisa","1.96","3.38","4.44","1.08","8.42","1.37","3.16","2.21","1.73","3.85","1.27","7.69","1.09","1.90","1.90"
"75831","08-01-26 20:45","Italy","Serie A","2025/2026","AC Milan","Genoa","1.47","4.10","9.27","1.08","8.42","1.37","3.16","2.21","1.73","3.85","1.27","7.69","1.09","2.22","1.66"
"75830","08-01-26 18:30","Italy","Serie A","2025/2026","Cremonese","Cagliari","2.61","2.97","3.22","1.13","6.32","1.50","2.63","2.50","1.54","5.01","1.18","10.10","1.06","2.06","1.76"
"75812","07-01-26 20:45","Italy","Serie A","2025/2026","Lazio","Fiorentina","2.28","3.07","3.77","1.10","7.37","1.37","3.16","2.23","1.68","4.16","1.24","8.40","1.08","1.90","1.90"
"75813","07-01-26 20:45","Italy","Serie A","2025/2026","Parma","Inter","9.72","5.32","1.35","1.02","14.60","1.21","4.55","1.66","2.26","2.55","1.53","4.40","1.22","1.96","1.85"
"75814","07-01-26 20:45","Italy","Serie A","2025/2026","Torino","Udinese","2.25","3.17","3.68","1.10","7.00","1.40","3.00","2.34","1.62","4.37","1.22","8.82","1.07","1.90","1.90"
"75804","07-01-26 18:30","Italy","Serie A","2025/2026","Bologna","Atalanta","3.16","3.37","2.40","1.06","10.00","1.33","3.40","2.10","1.80","3.60","1.30","7.24","1.10","1.76","2.06"
"75805","07-01-26 18:30","Italy","Serie A","2025/2026","Napoli","Verona","1.32","5.21","12.10","1.05","10.60","1.30","3.62","1.98","1.90","3.40","1.33","6.42","1.12","2.44","1.56"
"75801","06-01-26 20:45","Italy","Serie A","2025/2026","Sassuolo","Juventus","5.75","3.81","1.69","1.06","9.57","1.30","3.62","1.98","1.90","3.50","1.31","6.83","1.11","1.89","1.92"
"75800","06-01-26 18:00","Italy","Serie A","2025/2026","Lecce","AS Roma","5.50","3.51","1.77","1.08","8.51","1.37","3.19","2.19","1.74","3.82","1.28","7.62","1.09","2.00","1.82"
"75799","06-01-26 15:00","Italy","Serie A","2025/2026","Pisa","Como","5.27","3.55","1.79","1.07","9.00","1.33","3.40","2.21","1.73","3.71","1.29","7.24","1.10","1.90","1.90"
"75782","04-01-26 20:45","Italy","Serie A","2025/2026","Inter","Bologna","1.41","5.13","8.10","1.02","15.80","1.20","4.74","1.63","2.32","2.50","1.54","4.45","1.22","1.81","2.00"
"75774","04-01-26 18:00","Italy","Serie A","2025/2026","Verona","Torino","2.73","3.01","3.01","1.11","6.84","1.46","2.77","2.50","1.54","5.01","1.18","10.10","1.06","2.02","1.80"
"75751","04-01-26 15:00","Italy","Serie A","2025/2026","Fiorentina","Cremonese","1.77","3.84","4.87","1.06","10.00","1.26","4.00","1.89","2.00","3.01","1.40","5.81","1.14","1.72","2.12"
"75740","04-01-26 12:30","Italy","Serie A","2025/2026","Lazio","Napoli","4.16","3.09","2.14","1.11","6.91","1.45","2.79","2.39","1.59","4.41","1.22","9.96","1.06","1.98","1.83"
"75734","03-01-26 20:45","Italy","Serie A","2025/2026","Atalanta","AS Roma","2.45","3.16","3.27","1.08","8.51","1.33","3.41","2.19","1.74","3.82","1.28","7.62","1.09","1.83","1.98"
"75720","03-01-26 18:00","Italy","Serie A","2025/2026","Juventus","Lecce","1.26","5.80","15.10","1.04","11.70","1.26","3.99","1.86","2.03","3.01","1.40","5.96","1.14","2.58","1.50"
"75706","03-01-26 15:00","Italy","Serie A","2025/2026","Genoa","Pisa","1.94","3.25","4.82","1.10","7.00","1.46","2.75","2.53","1.54","4.68","1.20","9.48","1.06","2.06","1.76"
"75707","03-01-26 15:00","Italy","Serie A","2025/2026","Sassuolo","Parma","2.15","3.33","3.78","1.06","9.57","1.33","3.41","2.09","1.81","3.50","1.31","6.83","1.11","1.76","2.06"
"75700","03-01-26 12:30","Italy","Serie A","2025/2026","Como","Udinese","1.80","3.70","4.88","1.06","9.47","1.34","3.37","2.11","1.80","3.53","1.31","6.90","1.11","1.90","1.90"
"75695","02-01-26 20:45","Italy","Serie A","2025/2026","Cagliari","AC Milan","6.49","4.01","1.59","1.06","9.57","1.33","3.41","2.09","1.81","3.82","1.28","7.62","1.09","2.05","1.78"
"75634","29-12-25 20:45","Italy","Serie A","2025/2026","AS Roma","Genoa","1.59","3.81","7.11","1.08","8.51","1.37","3.19","2.19","1.74","3.82","1.28","7.62","1.09","2.06","1.76"
"75575","28-12-25 20:45","Italy","Serie A","2025/2026","Atalanta","Inter","3.68","3.57","2.09","1.03","13.70","1.24","4.21","1.80","2.10","2.86","1.43","5.53","1.15","1.65","2.24"
"75576","28-12-25 18:00","Italy","Serie A","2025/2026","Bologna","Sassuolo","2.00","3.34","4.31","1.06","9.57","1.30","3.62","2.09","1.81","3.50","1.31","6.83","1.11","1.83","1.98"
"75577","28-12-25 15:00","Italy","Serie A","2025/2026","Cremonese","Napoli","7.09","3.69","1.62","1.08","8.42","1.37","3.16","2.21","1.73","3.85","1.27","7.69","1.09","2.16","1.70"
"75578","28-12-25 12:30","Italy","Serie A","2025/2026","AC Milan","Verona","1.38","5.26","8.39","1.04","11.70","1.26","3.99","1.86","2.03","3.01","1.40","5.96","1.14","2.14","1.71"
"75550","27-12-25 20:45","Italy","Serie A","2025/2026","Pisa","Juventus","8.15","4.19","1.50","1.06","9.57","1.30","3.62","2.09","1.81","3.50","1.31","6.83","1.11","2.16","1.70"
"75551","27-12-25 18:00","Italy","Serie A","2025/2026","Udinese","Lazio","3.56","2.97","2.42","1.13","6.38","1.54","2.53","2.66","1.49","5.48","1.16","11.00","1.05","2.14","1.71"
"75552","27-12-25 15:00","Italy","Serie A","2025/2026","Lecce","Como","5.09","3.46","1.83","1.09","8.00","1.46","2.75","2.34","1.62","4.37","1.22","8.82","1.07","2.02","1.80"
"75553","27-12-25 15:00","Italy","Serie A","2025/2026","Torino","Cagliari","1.83","3.46","5.09","1.09","8.00","1.40","3.00","2.34","1.62","4.37","1.22","8.82","1.07","2.02","1.80"
"75554","27-12-25 12:30","Italy","Serie A","2025/2026","Parma","Fiorentina","3.81","3.46","2.09","1.06","10.00","1.31","3.50","2.10","1.80","3.37","1.34","6.80","1.11","1.72","2.12"
"75466","21-12-25 20:45","Italy","Serie A","2025/2026","Genoa","Atalanta","4.09","3.38","2.04","1.08","8.51","1.37","3.19","2.19","1.74","3.82","1.28","7.62","1.09","1.90","1.90"
"75467","21-12-25 18:00","Italy","Serie A","2025/2026","Fiorentina","Udinese","2.09","3.32","3.98","1.09","8.00","1.40","3.00","2.32","1.67","4.37","1.22","8.82","1.07","1.90","1.90"
"75468","21-12-25 15:00","Italy","Serie A","2025/2026","Sassuolo","Torino","2.40","3.16","3.37","1.07","9.00","1.36","3.20","2.32","1.67","4.05","1.25","8.08","1.09","1.83","1.98"
"75469","21-12-25 12:30","Italy","Serie A","2025/2026","Cagliari","Pisa","1.99","3.26","4.50","1.10","7.37","1.43","2.90","2.23","1.68","4.16","1.24","8.40","1.08","1.96","1.85"
"75429","20-12-25 20:45","Italy","Serie A","2025/2026","Juventus","AS Roma","2.05","3.07","4.61","1.09","8.00","1.36","3.20","2.32","1.67","4.05","1.25","8.08","1.09","1.89","1.92"
"75430","20-12-25 18:00","Italy","Serie A","2025/2026","Lazio","Cremonese","1.57","3.98","7.14","1.05","10.50","1.29","3.68","2.01","1.88","3.43","1.33","6.48","1.12","2.02","1.80"
"75353","15-12-25 20:45","Italy","Serie A","2025/2026","AS Roma","Como","2.17","3.20","3.88","1.10","7.29","1.43","2.87","2.24","1.71","4.09","1.25","9.26","1.06","1.83","1.98"
"75324","14-12-25 20:45","Italy","Serie A","2025/2026","Bologna","Juventus","3.68","3.19","2.24","1.06","9.47","1.30","3.58","2.01","1.88","3.43","1.33","6.90","1.11","1.76","2.06"
"75325","14-12-25 18:00","Italy","Serie A","2025/2026","Genoa","Inter","7.72","4.32","1.49","1.05","10.60","1.30","3.62","1.98","1.90","3.50","1.31","6.83","1.11","2.16","1.70"
"75326","14-12-25 15:00","Italy","Serie A","2025/2026","Fiorentina","Verona","2.00","3.28","4.44","1.09","8.00","1.46","2.75","2.44","1.57","4.68","1.20","9.48","1.06","2.10","1.74"
"75327","14-12-25 15:00","Italy","Serie A","2025/2026","Udinese","Napoli","4.42","3.47","1.94","1.09","8.00","1.40","3.00","2.34","1.62","4.37","1.22","8.82","1.07","2.02","1.80"
"75328","14-12-25 12:30","Italy","Serie A","2025/2026","AC Milan","Sassuolo","1.53","4.47","6.59","1.04","11.60","1.26","3.95","1.88","2.01","3.21","1.36","6.02","1.14","1.96","1.85"
"75274","13-12-25 20:45","Italy","Serie A","2025/2026","Atalanta","Cagliari","1.38","5.31","8.52","1.03","13.70","1.24","4.21","1.80","2.10","2.86","1.43","5.53","1.15","2.06","1.76"
"75275","13-12-25 18:00","Italy","Serie A","2025/2026","Parma","Lazio","3.98","3.32","2.09","1.08","8.51","1.37","3.19","2.21","1.69","4.12","1.25","8.32","1.08","1.90","1.90"
"75276","13-12-25 15:00","Italy","Serie A","2025/2026","Torino","Cremonese","2.06","3.39","4.01","1.06","9.47","1.29","3.68","2.01","1.88","3.21","1.36","6.48","1.12","1.72","2.12"
"75213","12-12-25 20:45","Italy","Serie A","2025/2026","Lecce","Pisa","2.46","2.96","3.50","1.14","5.79","1.58","2.42","2.86","1.43","6.02","1.14","11.10","1.05","2.22","1.66"
"75133","08-12-25 20:45","Italy","Serie A","2025/2026","Torino","AC Milan","5.94","3.80","1.67","1.06","9.47","1.30","3.58","2.01","1.88","3.43","1.33","6.90","1.11","1.90","1.90"
"75134","08-12-25 18:00","Italy","Serie A","2025/2026","Udinese","Genoa","2.50","2.93","3.46","1.14","5.85","1.57","2.45","2.83","1.44","5.96","1.14","11.00","1.05","2.20","1.67"
"75135","08-12-25 15:00","Italy","Serie A","2025/2026","Pisa","Parma","2.46","3.15","3.25","1.09","8.00","1.36","3.20","2.32","1.67","4.05","1.25","8.08","1.09","1.76","2.06"
"75100","07-12-25 20:45","Italy","Serie A","2025/2026","Napoli","Juventus","2.53","2.91","3.43","1.14","5.85","1.54","2.53","2.66","1.49","5.48","1.16","11.00","1.05","2.12","1.73"
"75101","07-12-25 18:00","Italy","Serie A","2025/2026","Lazio","Bologna","2.34","3.12","3.53","1.07","9.00","1.31","3.50","2.10","1.80","3.60","1.30","7.24","1.10","1.72","2.12"
"75102","07-12-25 15:00","Italy","Serie A","2025/2026","Cagliari","AS Roma","5.94","3.62","1.70","1.10","7.37","1.43","2.90","2.32","1.63","4.45","1.22","9.03","1.07","2.16","1.70"
"75103","07-12-25 12:30","Italy","Serie A","2025/2026","Cremonese","Lecce","2.34","3.16","3.49","1.08","8.42","1.37","3.16","2.21","1.73","3.85","1.27","8.40","1.08","1.83","1.98"
"75050","06-12-25 20:45","Italy","Serie A","2025/2026","Verona","Atalanta","5.65","3.88","1.68","1.06","10.00","1.31","3.50","1.97","1.91","3.37","1.34","6.80","1.11","1.83","1.98"
"75051","06-12-25 18:00","Italy","Serie A","2025/2026","Inter","Como","1.57","4.45","5.94","1.03","13.00","1.23","4.33","1.69","2.20","2.82","1.45","5.26","1.17","1.72","2.12"
"75052","06-12-25 15:00","Italy","Serie A","2025/2026","Sassuolo","Fiorentina","2.78","3.34","2.70","1.06","9.47","1.34","3.37","2.11","1.80","3.53","1.31","7.69","1.09","1.76","2.06"
"74945","01-12-25 20:45","Italy","Serie A","2025/2026","Bologna","Cremonese","1.55","4.10","7.01","1.04","11.60","1.26","3.95","1.88","2.01","3.03","1.39","6.02","1.14","1.90","1.90"
"74911","30-11-25 20:45","Italy","Serie A","2025/2026","AS Roma","Napoli","2.80","2.80","3.16","1.14","5.85","1.54","2.53","2.66","1.49","5.48","1.16","11.00","1.05","2.05","1.78"
"74912","30-11-25 18:00","Italy","Serie A","2025/2026","Atalanta","Fiorentina","1.66","4.11","5.40","1.05","11.00","1.28","3.75","1.97","1.91","3.18","1.37","6.32","1.13","1.81","2.00"
"74913","30-11-25 15:00","Italy","Serie A","2025/2026","Pisa","Inter","10.50","6.59","1.28","1.02","18.50","1.18","5.00","1.54","2.50","2.34","1.62","4.05","1.25","1.96","1.85"
"74914","30-11-25 12:30","Italy","Serie A","2025/2026","Lecce","Torino","3.09","2.96","2.70","1.14","6.00","1.54","2.50","2.63","1.50","5.26","1.17","10.60","1.05","2.02","1.80"
"74853","29-11-25 20:45","Italy","Serie A","2025/2026","AC Milan","Lazio","1.73","3.78","5.36","1.08","8.54","1.34","3.33","2.14","1.78","3.56","1.30","7.03","1.10","1.99","1.82"
"74854","29-11-25 18:00","Italy","Serie A","2025/2026","Juventus","Cagliari","1.25","6.43","13.30","1.02","15.00","1.18","5.00","1.60","2.38","2.53","1.54","4.37","1.22","2.16","1.70"
"74855","29-11-25 15:00","Italy","Serie A","2025/2026","Genoa","Verona","2.08","2.90","4.90","1.18","5.00","1.74","2.20","3.18","1.37","6.32","1.13","13.10","1.03","2.44","1.56"
"74856","29-11-25 15:00","Italy","Serie A","2025/2026","Parma","Udinese","2.85","3.10","2.80","1.09","8.00","1.36","3.20","2.21","1.73","4.05","1.25","8.08","1.09","1.76","2.06"
"74791","28-11-25 20:45","Italy","Serie A","2025/2026","Como","Sassuolo","1.81","3.69","4.85","1.04","11.70","1.26","3.99","1.86","2.03","3.01","1.40","5.96","1.14","1.76","2.06"
"74732","24-11-25 20:45","Italy","Serie A","2025/2026","Sassuolo","Pisa","2.04","3.32","4.18","1.09","8.00","1.40","3.00","2.32","1.67","4.05","1.25","8.08","1.09","1.90","1.90"
"74733","24-11-25 18:30","Italy","Serie A","2025/2026","Torino","Como","3.88","3.17","2.18","1.10","7.37","1.43","2.90","2.32","1.63","4.45","1.22","9.03","1.07","1.96","1.85"
"74696","23-11-25 20:45","Italy","Serie A","2025/2026","Inter","AC Milan","2.09","3.26","4.07","1.06","9.57","1.30","3.62","2.09","1.81","3.50","1.31","6.83","1.11","1.74","2.09"
"74697","23-11-25 18:00","Italy","Serie A","2025/2026","Lazio","Lecce","1.85","3.18","5.67","1.14","6.00","1.54","2.50","2.63","1.50","5.26","1.17","10.60","1.05","2.22","1.66"
"74698","23-11-25 15:00","Italy","Serie A","2025/2026","Cremonese","AS Roma","5.13","3.59","1.80","1.09","8.00","1.40","3.00","2.32","1.67","4.37","1.22","8.82","1.07","2.02","1.80"
"74699","23-11-25 12:30","Italy","Serie A","2025/2026","Verona","Parma","2.19","3.16","3.87","1.10","7.00","1.46","2.75","2.44","1.57","4.37","1.22","9.48","1.06","1.96","1.85"
"74643","22-11-25 20:45","Italy","Serie A","2025/2026","Napoli","Atalanta","2.23","3.19","3.72","1.08","8.51","1.33","3.41","2.19","1.74","3.82","1.28","7.62","1.09","1.83","1.98"
"74644","22-11-25 18:00","Italy","Serie A","2025/2026","Fiorentina","Juventus","4.18","3.46","1.99","1.06","9.57","1.33","3.41","2.19","1.74","3.82","1.28","7.62","1.09","1.90","1.90"
"74645","22-11-25 15:00","Italy","Serie A","2025/2026","Cagliari","Genoa","3.30","2.94","2.58","1.18","5.00","1.74","2.20","3.18","1.37","6.80","1.11","13.10","1.03","2.33","1.61"
"74646","22-11-25 15:00","Italy","Serie A","2025/2026","Udinese","Bologna","3.08","3.18","2.56","1.10","7.00","1.50","2.63","2.53","1.54","4.68","1.20","9.48","1.06","1.96","1.85"
"74481","09-11-25 20:45","Italy","Serie A","2025/2026","Inter","Lazio","1.34","5.46","9.91","1.04","11.70","1.23","4.25","1.78","2.13","2.83","1.44","5.48","1.16","2.22","1.66"
"74482","09-11-25 18:00","Italy","Serie A","2025/2026","AS Roma","Udinese","1.57","4.10","6.66","1.05","10.50","1.30","3.58","2.01","1.88","3.53","1.31","6.90","1.11","2.06","1.76"
"74483","09-11-25 15:00","Italy","Serie A","2025/2026","Bologna","Napoli","3.25","2.98","2.58","1.11","6.84","1.50","2.63","2.50","1.54","5.01","1.18","10.10","1.06","2.02","1.80"
"74484","09-11-25 15:00","Italy","Serie A","2025/2026","Genoa","Fiorentina","3.16","2.75","2.85","1.18","5.00","1.63","2.30","3.01","1.40","5.81","1.14","11.70","1.04","2.25","1.65"
"74485","09-11-25 12:30","Italy","Serie A","2025/2026","Atalanta","Sassuolo","1.52","4.62","6.41","1.04","12.40","1.25","4.13","1.76","2.10","2.77","1.46","4.92","1.18","1.76","2.06"
"74418","08-11-25 20:45","Italy","Serie A","2025/2026","Parma","AC Milan","7.10","4.15","1.54","1.06","9.47","1.30","3.58","2.01","1.88","3.43","1.33","6.90","1.11","1.98","1.83"
"74419","08-11-25 18:00","Italy","Serie A","2025/2026","Juventus","Torino","1.55","4.23","6.71","1.05","10.60","1.26","3.99","1.86","2.03","3.01","1.40","5.96","1.14","1.90","1.90"
"74420","08-11-25 15:00","Italy","Serie A","2025/2026","Como","Cagliari","1.61","3.98","6.38","1.07","9.00","1.33","3.40","2.10","1.80","3.60","1.30","6.80","1.11","1.96","1.85"
"74421","08-11-25 15:00","Italy","Serie A","2025/2026","Lecce","Verona","2.75","2.93","3.06","1.16","5.50","1.63","2.30","3.01","1.40","5.81","1.14","11.70","1.04","2.16","1.70"
"74353","07-11-25 20:45","Italy","Serie A","2025/2026","Pisa","Cremonese","2.34","3.16","3.47","1.11","6.84","1.46","2.77","2.50","1.54","5.01","1.18","10.10","1.06","2.00","1.82"
"74286","03-11-25 20:45","Italy","Serie A","2025/2026","Lazio","Cagliari","1.64","3.71","6.58","1.06","9.47","1.34","3.37","2.11","1.80","3.85","1.27","7.69","1.09","2.02","1.80"
"74287","03-11-25 18:30","Italy","Serie A","2025/2026","Sassuolo","Genoa","2.55","2.99","3.29","1.13","6.38","1.54","2.53","2.66","1.49","5.48","1.16","11.00","1.05","2.03","1.79"
"74248","02-11-25 20:45","Italy","Serie A","2025/2026","AC Milan","AS Roma","2.30","2.98","3.86","1.11","6.91","1.42","2.93","2.39","1.59","4.41","1.22","8.94","1.07","1.92","1.88"
"74249","02-11-25 18:00","Italy","Serie A","2025/2026","Parma","Bologna","4.87","3.08","2.00","1.12","6.50","1.50","2.63","2.63","1.50","5.26","1.17","10.60","1.05","2.16","1.70"
"74250","02-11-25 15:00","Italy","Serie A","2025/2026","Fiorentina","Lecce","1.72","3.58","5.93","1.09","8.00","1.36","3.20","2.21","1.73","4.05","1.25","8.08","1.09","1.96","1.85"
"74251","02-11-25 15:00","Italy","Serie A","2025/2026","Torino","Pisa","1.88","3.30","5.08","1.10","7.00","1.46","2.75","2.44","1.57","4.68","1.20","9.48","1.06","2.06","1.76"
"74252","02-11-25 12:30","Italy","Serie A","2025/2026","Verona","Inter","8.73","5.13","1.38","1.03","13.70","1.24","4.21","1.80","2.10","2.86","1.43","5.53","1.15","2.02","1.80"
"74193","01-11-25 20:45","Italy","Serie A","2025/2026","Cremonese","Juventus","6.19","4.47","1.55","1.04","11.70","1.23","4.25","1.78","2.13","3.01","1.40","5.48","1.16","1.89","1.92"
"74194","01-11-25 18:00","Italy","Serie A","2025/2026","Napoli","Como","1.91","3.29","4.92","1.06","9.47","1.30","3.58","2.11","1.80","3.53","1.31","6.90","1.11","1.83","1.98"
"74195","01-11-25 15:00","Italy","Serie A","2025/2026","Udinese","Atalanta","5.43","3.92","1.69","1.04","11.70","1.23","4.25","1.78","2.13","3.01","1.40","5.48","1.16","1.76","2.06"
"72792","30-10-25 20:45","Italy","Serie A","2025/2026","Pisa","Lazio","4.25","3.18","2.08","1.10","7.37","1.43","2.90","2.32","1.63","4.45","1.22","9.03","1.07","1.96","1.85"
"72793","30-10-25 18:30","Italy","Serie A","2025/2026","Cagliari","Sassuolo","2.58","3.19","3.03","1.08","8.51","1.33","3.41","2.19","1.74","3.82","1.28","7.62","1.09","1.81","2.00"
"72348","29-10-25 20:45","Italy","Serie A","2025/2026","Bologna","Torino","1.81","3.62","4.92","1.09","8.00","1.40","3.00","2.32","1.67","4.05","1.25","8.08","1.09","1.96","1.85"
"72349","29-10-25 20:45","Italy","Serie A","2025/2026","Genoa","Cremonese","1.77","3.58","5.37","1.09","8.00","1.40","3.00","2.32","1.67","4.05","1.25","8.82","1.07","2.10","1.74"
"72350","29-10-25 20:45","Italy","Serie A","2025/2026","Inter","Fiorentina","1.39","5.10","8.66","1.02","17.50","1.18","5.00","1.60","2.38","2.44","1.57","4.37","1.22","1.76","2.06"
"72351","29-10-25 18:30","Italy","Serie A","2025/2026","AS Roma","Parma","1.50","3.89","9.17","1.09","8.00","1.36","3.20","2.21","1.73","4.05","1.25","8.08","1.09","2.22","1.66"
"72352","29-10-25 18:30","Italy","Serie A","2025/2026","Como","Verona","1.61","3.84","6.66","1.07","9.00","1.33","3.40","2.10","1.80","3.60","1.30","6.80","1.11","1.96","1.85"
"72353","29-10-25 18:30","Italy","Serie A","2025/2026","Juventus","Udinese","1.47","4.60","7.54","1.03","13.00","1.26","4.00","1.89","2.00","3.01","1.40","5.81","1.14","1.90","1.90"
"71361","28-10-25 20:45","Italy","Serie A","2025/2026","Atalanta","AC Milan","2.77","3.33","2.71","1.05","10.50","1.29","3.68","1.88","2.01","3.21","1.36","6.48","1.12","1.68","2.18"
"71362","28-10-25 18:30","Italy","Serie A","2025/2026","Lecce","Napoli","6.58","3.71","1.64","1.08","8.42","1.37","3.16","2.21","1.73","4.16","1.24","8.40","1.08","2.16","1.70"
"69153","26-10-25 20:45","Italy","Serie A","2025/2026","Lazio","Juventus","3.80","3.27","2.17","1.08","8.51","1.33","3.41","2.19","1.74","3.82","1.28","7.62","1.09","1.81","2.00"
"69154","26-10-25 18:00","Italy","Serie A","2025/2026","Fiorentina","Bologna","2.86","2.94","2.94","1.11","6.84","1.46","2.77","2.50","1.54","5.01","1.18","10.10","1.06","1.96","1.85"
"69155","26-10-25 15:00","Italy","Serie A","2025/2026","Sassuolo","AS Roma","4.53","3.45","1.93","1.08","8.42","1.37","3.16","2.21","1.73","3.85","1.27","7.69","1.09","1.90","1.90"
"69156","26-10-25 15:00","Italy","Serie A","2025/2026","Verona","Cagliari","2.00","3.28","4.44","1.10","7.00","1.46","2.75","2.44","1.57","4.68","1.20","9.48","1.06","2.04","1.78"
"69157","26-10-25 12:30","Italy","Serie A","2025/2026","Torino","Genoa","2.44","2.97","3.53","1.13","6.32","1.54","2.50","2.69","1.48","5.53","1.15","11.10","1.05","2.14","1.71"
"67662","25-10-25 20:45","Italy","Serie A","2025/2026","Cremonese","Atalanta","6.84","4.87","1.47","1.01","17.00","1.18","5.00","1.60","2.38","2.44","1.57","4.37","1.22","1.78","2.04"
"67663","25-10-25 18:00","Italy","Serie A","2025/2026","Napoli","Inter","3.88","3.25","2.15","1.06","9.57","1.29","3.72","1.98","1.90","3.18","1.37","6.42","1.12","1.70","2.14"
"67664","25-10-25 15:00","Italy","Serie A","2025/2026","Parma","Como","4.66","3.24","1.97","1.10","7.00","1.46","2.75","2.44","1.57","4.68","1.20","9.48","1.06","2.02","1.80"
"67665","25-10-25 15:00","Italy","Serie A","2025/2026","Udinese","Lecce","1.98","3.25","4.57","1.09","8.00","1.40","3.00","2.34","1.62","4.37","1.22","8.82","1.07","1.96","1.85"
"67358","24-10-25 20:45","Italy","Serie A","2025/2026","AC Milan","Pisa","1.32","5.94","9.81","1.03","13.00","1.26","4.00","1.89","2.00","3.01","1.40","5.81","1.14","2.15","1.70"
"67302","20-10-25 20:45","Italy","Serie A","2025/2026","Cremonese","Udinese","3.26","3.17","2.45","1.08","8.51","1.37","3.19","2.19","1.74","3.82","1.28","8.32","1.08","1.83","1.98"
"67222","19-10-25 20:45","Italy","Serie A","2025/2026","AC Milan","Fiorentina","1.74","3.69","5.45","1.08","8.51","1.33","3.41","2.09","1.81","3.82","1.28","7.62","1.09","1.94","1.86"
"67223","19-10-25 18:00","Italy","Serie A","2025/2026","Atalanta","Lazio","1.87","3.82","4.28","1.03","13.80","1.23","4.25","1.78","2.13","2.83","1.44","5.48","1.16","1.70","2.14"
"67224","19-10-25 15:00","Italy","Serie A","2025/2026","Cagliari","Bologna","3.90","3.34","2.10","1.09","8.00","1.36","3.20","2.32","1.67","4.05","1.25","8.08","1.09","1.90","1.90"
"67225","19-10-25 15:00","Italy","Serie A","2025/2026","Genoa","Parma","2.31","2.95","3.85","1.14","6.00","1.60","2.38","2.82","1.45","5.81","1.14","11.70","1.04","2.16","1.70"
"67226","19-10-25 12:30","Italy","Serie A","2025/2026","Como","Juventus","3.39","3.39","2.26","1.06","9.57","1.30","3.62","2.09","1.81","3.50","1.31","6.83","1.11","1.76","2.06"
"67180","18-10-25 20:45","Italy","Serie A","2025/2026","AS Roma","Inter","3.82","3.34","2.13","1.06","9.57","1.33","3.41","2.09","1.81","3.50","1.31","6.83","1.11","1.74","2.09"
"67181","18-10-25 18:00","Italy","Serie A","2025/2026","Torino","Napoli","5.65","3.32","1.81","1.08","8.51","1.37","3.19","2.21","1.69","4.12","1.25","8.32","1.08","1.98","1.83"
"67182","18-10-25 15:00","Italy","Serie A","2025/2026","Lecce","Sassuolo","2.83","3.09","2.83","1.09","8.00","1.36","3.20","2.32","1.67","4.05","1.25","8.08","1.09","1.83","1.98"
"67183","18-10-25 15:00","Italy","Serie A","2025/2026","Pisa","Verona","2.78","2.97","2.99","1.14","6.00","1.54","2.50","2.63","1.50","5.26","1.17","10.60","1.05","2.10","1.74"
"65608","05-10-25 20:45","Italy","Serie A","2025/2026","Juventus","AC Milan","2.81","3.07","2.86","1.06","9.57","1.30","3.62","2.09","1.81","3.50","1.31","6.83","1.11","1.70","2.14"
"65609","05-10-25 18:00","Italy","Serie A","2025/2026","Napoli","Genoa","1.46","4.08","9.66","1.08","8.51","1.37","3.19","2.21","1.69","4.12","1.25","8.32","1.08","2.44","1.56"
"65610","05-10-25 15:00","Italy","Serie A","2025/2026","Bologna","Pisa","1.73","3.73","5.44","1.07","9.00","1.40","3.00","2.32","1.67","4.05","1.25","8.08","1.09","2.06","1.76"
"65611","05-10-25 15:00","Italy","Serie A","2025/2026","Fiorentina","AS Roma","3.07","3.27","2.50","1.09","8.00","1.40","3.00","2.32","1.67","4.05","1.25","8.82","1.07","1.90","1.90"
"65612","05-10-25 12:30","Italy","Serie A","2025/2026","Udinese","Cagliari","2.15","3.18","3.99","1.08","8.42","1.37","3.16","2.21","1.73","3.85","1.27","7.69","1.09","1.90","1.90"
"65554","04-10-25 20:45","Italy","Serie A","2025/2026","Atalanta","Como","2.12","3.48","3.70","1.03","13.70","1.24","4.21","1.80","2.10","2.86","1.43","5.53","1.15","1.65","2.24"
"65555","04-10-25 18:00","Italy","Serie A","2025/2026","Inter","Cremonese","1.19","7.16","20.00","1.02","17.50","1.18","5.00","1.60","2.38","2.44","1.57","4.37","1.22","2.44","1.56"
"65556","04-10-25 15:00","Italy","Serie A","2025/2026","Lazio","Torino","2.10","3.19","4.12","1.07","9.00","1.36","3.20","2.21","1.73","3.71","1.29","8.08","1.09","1.83","1.98"
"65557","04-10-25 15:00","Italy","Serie A","2025/2026","Parma","Lecce","1.90","3.49","4.61","1.09","8.00","1.40","3.00","2.34","1.62","4.37","1.22","8.82","1.07","1.96","1.85"
"65493","03-10-25 20:45","Italy","Serie A","2025/2026","Verona","Sassuolo","2.39","3.12","3.43","1.09","8.00","1.40","3.00","2.34","1.62","4.37","1.22","8.82","1.07","1.90","1.90"
"65437","29-09-25 20:45","Italy","Serie A","2025/2026","Genoa","Lazio","3.06","2.98","2.71","1.13","6.32","1.50","2.63","2.69","1.48","5.01","1.18","10.10","1.06","2.06","1.76"
"65438","29-09-25 18:30","Italy","Serie A","2025/2026","Parma","Torino","2.57","2.98","3.28","1.11","6.91","1.45","2.79","2.39","1.59","4.41","1.22","8.94","1.07","1.92","1.88"
"65393","28-09-25 20:45","Italy","Serie A","2025/2026","AC Milan","Napoli","1.95","3.59","4.19","1.06","9.57","1.30","3.62","1.98","1.90","3.40","1.33","6.83","1.11","1.81","2.00"
"65394","28-09-25 18:00","Italy","Serie A","2025/2026","Lecce","Bologna","5.91","3.60","1.71","1.09","8.00","1.40","3.00","2.34","1.62","4.37","1.22","8.82","1.07","2.06","1.76"
"65395","28-09-25 15:00","Italy","Serie A","2025/2026","AS Roma","Verona","1.44","4.49","8.80","1.05","10.50","1.29","3.68","2.01","1.88","3.43","1.33","6.48","1.12","2.19","1.68"
"65396","28-09-25 15:00","Italy","Serie A","2025/2026","Pisa","Fiorentina","3.73","3.45","2.11","1.07","9.00","1.36","3.20","2.21","1.73","3.71","1.29","7.24","1.10","1.83","1.98"
"65397","28-09-25 12:30","Italy","Serie A","2025/2026","Sassuolo","Udinese","2.49","3.16","3.21","1.09","8.00","1.36","3.20","2.21","1.73","4.05","1.25","8.08","1.09","1.74","2.09"
"65346","27-09-25 20:45","Italy","Serie A","2025/2026","Cagliari","Inter","7.17","4.30","1.52","1.04","11.60","1.26","3.95","1.88","2.01","3.03","1.39","6.02","1.14","1.94","1.86"
"65347","27-09-25 18:00","Italy","Serie A","2025/2026","Juventus","Atalanta","1.90","3.47","4.65","1.05","10.50","1.29","3.68","2.01","1.88","3.43","1.33","6.48","1.12","1.76","2.06"
"65348","27-09-25 15:00","Italy","Serie A","2025/2026","Como","Cremonese","1.50","4.44","7.32","1.05","11.00","1.26","4.00","1.89","2.00","3.18","1.37","5.81","1.14","1.96","1.85"
"65239","22-09-25 20:45","Italy","Serie A","2025/2026","Napoli","Pisa","1.32","5.46","11.10","1.05","10.50","1.30","3.58","2.01","1.88","3.43","1.33","6.48","1.12","2.44","1.56"
"65197","21-09-25 20:45","Italy","Serie A","2025/2026","Inter","Sassuolo","1.32","5.74","10.40","1.02","19.50","1.17","5.26","1.50","2.63","2.23","1.68","3.85","1.27","1.83","1.98"
"65198","21-09-25 18:00","Italy","Serie A","2025/2026","Fiorentina","Como","2.57","3.34","2.92","1.05","11.00","1.31","3.50","1.97","1.91","3.37","1.34","6.80","1.11","1.68","2.18"
"65199","21-09-25 15:00","Italy","Serie A","2025/2026","Cremonese","Parma","3.08","3.38","2.44","1.06","10.00","1.31","3.50","2.10","1.80","3.60","1.30","6.80","1.11","1.72","2.12"
"65200","21-09-25 15:00","Italy","Serie A","2025/2026","Torino","Atalanta","4.42","3.28","2.00","1.06","9.47","1.30","3.58","2.01","1.88","3.43","1.33","6.90","1.11","1.78","2.03"
"65201","21-09-25 12:30","Italy","Serie A","2025/2026","Lazio","AS Roma","2.88","2.98","2.88","1.10","7.45","1.37","3.19","2.21","1.69","4.12","1.25","8.32","1.08","1.89","1.92"
"65147","20-09-25 20:45","Italy","Serie A","2025/2026","Udinese","AC Milan","5.09","4.18","1.68","1.03","13.70","1.21","4.56","1.73","2.21","2.69","1.48","5.01","1.18","1.72","2.12"
"65148","20-09-25 18:00","Italy","Serie A","2025/2026","Verona","Juventus","7.60","3.98","1.54","1.05","10.50","1.29","3.68","2.01","1.88","3.43","1.33","6.48","1.12","1.96","1.85"
"65149","20-09-25 15:00","Italy","Serie A","2025/2026","Bologna","Genoa","2.14","2.96","4.42","1.14","6.00","1.54","2.50","2.63","1.50","5.26","1.17","10.60","1.05","2.16","1.70"
"65081","19-09-25 20:45","Italy","Serie A","2025/2026","Lecce","Cagliari","2.89","2.96","2.89","1.13","6.32","1.50","2.63","2.50","1.54","5.01","1.18","10.10","1.06","2.02","1.80"
"65055","15-09-25 20:45","Italy","Serie A","2025/2026","Como","Genoa","1.73","3.55","5.57","1.09","8.00","1.40","3.00","2.32","1.67","4.05","1.25","8.08","1.09","2.00","1.82"
"65056","15-09-25 18:30","Italy","Serie A","2025/2026","Verona","Cremonese","2.63","3.03","3.03","1.10","7.37","1.43","2.90","2.32","1.63","4.16","1.24","9.03","1.07","1.90","1.90"
"65011","14-09-25 20:45","Italy","Serie A","2025/2026","AC Milan","Bologna","1.78","3.65","4.87","1.07","9.00","1.36","3.20","2.21","1.73","3.71","1.29","7.24","1.10","1.90","1.90"
"65012","14-09-25 18:00","Italy","Serie A","2025/2026","Sassuolo","Lazio","4.27","3.46","1.93","1.06","9.57","1.30","3.62","1.98","1.90","3.40","1.33","6.42","1.12","1.76","2.06"
"65013","14-09-25 15:00","Italy","Serie A","2025/2026","Atalanta","Lecce","1.42","4.55","8.60","1.05","11.00","1.26","4.00","1.89","2.00","3.01","1.40","5.81","1.14","2.10","1.74"
"65014","14-09-25 15:00","Italy","Serie A","2025/2026","Pisa","Udinese","2.90","3.03","2.73","1.10","7.00","1.50","2.63","2.53","1.54","5.26","1.17","10.60","1.05","2.02","1.80"
"65015","14-09-25 12:30","Italy","Serie A","2025/2026","AS Roma","Torino","1.53","4.13","6.97","1.06","9.47","1.30","3.58","2.01","1.88","3.53","1.31","6.90","1.11","2.06","1.76"
"64961","13-09-25 20:45","Italy","Serie A","2025/2026","Fiorentina","Napoli","4.67","3.25","1.93","1.08","8.42","1.34","3.37","2.21","1.73","3.85","1.27","7.69","1.09","1.90","1.90"
"64962","13-09-25 18:00","Italy","Serie A","2025/2026","Juventus","Inter","2.84","2.97","2.84","1.10","7.37","1.37","3.16","2.23","1.68","3.85","1.27","8.40","1.08","1.83","1.98"
"64963","13-09-25 15:00","Italy","Serie A","2025/2026","Cagliari","Parma","2.28","3.04","3.65","1.09","8.00","1.40","3.00","2.34","1.62","4.05","1.25","8.82","1.07","1.98","1.83"
"64776","31-08-25 20:45","Italy","Serie A","2025/2026","Inter","Udinese","1.29","6.07","10.10","1.01","17.00","1.18","5.00","1.54","2.50","2.44","1.57","4.05","1.25","1.98","1.83"
"64777","31-08-25 20:45","Italy","Serie A","2025/2026","Lazio","Verona","1.57","3.95","6.59","1.06","9.47","1.34","3.37","2.11","1.80","3.85","1.27","7.69","1.09","2.06","1.76"
"64778","31-08-25 18:30","Italy","Serie A","2025/2026","Genoa","Juventus","5.56","3.22","1.82","1.14","6.00","1.54","2.50","2.82","1.45","5.26","1.17","10.60","1.05","2.22","1.66"
"64779","31-08-25 18:30","Italy","Serie A","2025/2026","Torino","Fiorentina","3.26","3.06","2.45","1.08","8.42","1.37","3.16","2.21","1.73","3.85","1.27","7.69","1.09","1.86","1.95"
"64727","30-08-25 20:45","Italy","Serie A","2025/2026","Napoli","Cagliari","1.45","4.27","8.65","1.08","8.42","1.37","3.16","2.21","1.73","4.16","1.24","8.40","1.08","2.44","1.56"
"64728","30-08-25 20:45","Italy","Serie A","2025/2026","Pisa","AS Roma","5.32","3.55","1.75","1.07","9.00","1.36","3.20","2.21","1.73","4.05","1.25","8.08","1.09","2.04","1.78"
"64729","30-08-25 18:30","Italy","Serie A","2025/2026","Bologna","Como","2.90","3.13","2.65","1.09","8.00","1.40","3.00","2.32","1.67","4.05","1.25","8.08","1.09","1.83","1.98"
"64730","30-08-25 18:30","Italy","Serie A","2025/2026","Parma","Atalanta","4.38","3.79","1.82","1.03","13.00","1.23","4.33","1.80","2.10","2.82","1.45","5.26","1.17","1.74","2.10"
"64660","29-08-25 20:45","Italy","Serie A","2025/2026","Lecce","AC Milan","7.54","3.78","1.55","1.06","9.47","1.34","3.37","2.11","1.80","3.85","1.27","7.69","1.09","2.06","1.76"
"64661","29-08-25 18:30","Italy","Serie A","2025/2026","Cremonese","Sassuolo","2.86","3.17","2.66","1.08","8.42","1.34","3.37","2.21","1.73","3.85","1.27","7.69","1.09","1.76","2.06"
"64634","25-08-25 20:45","Italy","Serie A","2025/2026","Inter","Torino","1.37","5.04","9.02","1.02","15.00","1.21","4.50","1.69","2.20","2.63","1.50","4.68","1.20","1.90","1.90"
"64635","25-08-25 18:30","Italy","Serie A","2025/2026","Udinese","Verona","1.98","3.25","4.39","1.11","6.84","1.50","2.63","2.50","1.54","5.01","1.18","10.10","1.06","2.16","1.70"
"64594","24-08-25 20:45","Italy","Serie A","2025/2026","Atalanta","Pisa","1.51","4.59","6.63","1.04","13.00","1.26","4.00","1.90","2.00","3.06","1.40","6.00","1.14","1.98","1.83"
"64595","24-08-25 20:45","Italy","Serie A","2025/2026","Juventus","Parma","1.45","4.59","8.16","1.07","9.47","1.34","3.37","2.14","1.80","3.61","1.31","7.18","1.11","2.33","1.61"
"64596","24-08-25 18:30","Italy","Serie A","2025/2026","Cagliari","Fiorentina","3.08","3.08","2.62","1.11","7.00","1.41","3.00","2.37","1.62","4.48","1.22","9.26","1.07","1.90","1.90"
"64597","24-08-25 18:30","Italy","Serie A","2025/2026","Como","Lazio","2.37","3.39","3.19","1.05","11.00","1.29","3.75","1.99","1.91","3.24","1.37","6.54","1.13","1.68","2.18"
"64553","23-08-25 20:45","Italy","Serie A","2025/2026","AC Milan","Cremonese","1.35","5.29","9.98","1.05","12.00","1.24","4.24","1.79","2.14","2.78","1.46","4.95","1.19","2.10","1.74"
"64554","23-08-25 20:45","Italy","Serie A","2025/2026","AS Roma","Bologna","2.22","3.22","3.72","1.10","7.59","1.43","2.95","2.25","1.72","4.20","1.25","8.74","1.06","1.83","1.98"
"64555","23-08-25 18:30","Italy","Serie A","2025/2026","Genoa","Lecce","1.79","3.49","5.38","1.11","7.00","1.51","2.63","2.57","1.54","5.41","1.17","11.20","1.05","2.22","1.66"
"64556","23-08-25 18:30","Italy","Serie A","2025/2026","Sassuolo","Napoli","5.95","3.70","1.69","1.06","10.00","1.32","3.50","2.13","1.80","3.43","1.34","7.06","1.11","1.98","1.83"