squadra_casa,squadra_ospite,data_partita,valore_titolari_casa,valore_titolari_ospite
Associazione Calcio Milan,Cagliari Calcio,2026-05-24,271000000,63100000
Società Sportiva Calcio Napoli,Udinese Calcio,2026-05-24,213000000,92300000
Pisa Sporting Club,Società Sportiva Calcio Napoli,2026-05-17,33300000,236500000
Unione Sportiva Sassuolo Calcio,Unione Sportiva Lecce,2026-05-17,90500000,44600000
Unione Sportiva Cremonese S.p.A.,Società Sportiva Lazio S.p.A.,2026-05-04,30200000,97500000
Associazione Sportiva Roma,Associazione Calcio Fiorentina,2026-05-04,291000000,105500000
Juventus Football Club,Verona Hellas Football Club,2026-05-03,366000000,39700000
Football Club Internazionale Milano S.p.A.,Parma Calcio 1913,2026-05-03,390500000,114000000
Unione Sportiva Sassuolo Calcio,Associazione Calcio Milan,2026-05-03,102300000,307000000
Bologna Football Club 1909,Cagliari Calcio,2026-05-03,95700000,94600000
Udinese Calcio,Torino Calcio,2026-05-02,96800000,65500000
Atalanta Bergamasca Calcio S.p.a.,Genoa Cricket and Football Club,2026-05-02,237000000,96900000
Calcio Como,Società Sportiva Calcio Napoli,2026-05-02,238500000,250000000
Pisa Sporting Club,Unione Sportiva Lecce,2026-05-01,40300000,44600000
Società Sportiva Lazio S.p.A.,Udinese Calcio,2026-04-27,67000000,91300000
Cagliari Calcio,Atalanta Bergamasca Calcio S.p.a.,2026-04-27,63400000,180000000
Associazione Calcio Milan,Juventus Football Club,2026-04-26,312000000,299000000
Torino Calcio,Football Club Internazionale Milano S.p.A.,2026-04-26,57500000,313000000
Associazione Calcio Fiorentina,Unione Sportiva Sassuolo Calcio,2026-04-26,97000000,115300000
Genoa Cricket and Football Club,Calcio Como,2026-04-26,89400000,238500000
Parma Calcio 1913,Pisa Sporting Club,2026-04-25,114000000,40300000
Verona Hellas Football Club,Unione Sportiva Lecce,2026-04-25,44700000,34800000
Bologna Football Club 1909,Associazione Sportiva Roma,2026-04-25,166500000,261000000
Società Sportiva Calcio Napoli,Unione Sportiva Cremonese S.p.A.,2026-04-24,240000000,39200000
Unione Sportiva Lecce,Associazione Calcio Fiorentina,2026-04-20,43100000,113500000
Pisa Sporting Club,Genoa Cricket and Football Club,2026-04-19,46100000,85900000
Juventus Football Club,Bologna Football Club 1909,2026-04-19,272000000,146500000
Verona Hellas Football Club,Associazione Calcio Milan,2026-04-19,40200000,297000000
Unione Sportiva Cremonese S.p.A.,Torino Calcio,2026-04-19,38000000,64000000
Associazione Sportiva Roma,Atalanta Bergamasca Calcio S.p.a.,2026-04-18,212000000,213000000
Società Sportiva Calcio Napoli,Società Sportiva Lazio S.p.A.,2026-04-18,246500000,106000000
Udinese Calcio,Parma Calcio 1913,2026-04-18,91300000,114000000
Football Club Internazionale Milano S.p.A.,Cagliari Calcio,2026-04-17,296500000,94000000
Unione Sportiva Sassuolo Calcio,Calcio Como,2026-04-17,103800000,202000000
Associazione Calcio Fiorentina,Società Sportiva Lazio S.p.A.,2026-04-13,98000000,82000000
Genoa Cricket and Football Club,Unione Sportiva Sassuolo Calcio,2026-04-12,88900000,119300000
Parma Calcio 1913,Società Sportiva Calcio Napoli,2026-04-12,96000000,223000000
Bologna Football Club 1909,Unione Sportiva Lecce,2026-04-12,142000000,43700000
Calcio Como,Football Club Internazionale Milano S.p.A.,2026-04-12,199500000,341000000
Atalanta Bergamasca Calcio S.p.a.,Juventus Football Club,2026-04-11,208000000,322000000
Associazione Calcio Milan,Udinese Calcio,2026-04-11,305000000,95800000
Cagliari Calcio,Unione Sportiva Cremonese S.p.A.,2026-04-11,88500000,37500000
Torino Calcio,Verona Hellas Football Club,2026-04-11,66000000,34500000
Associazione Sportiva Roma,Pisa Sporting Club,2026-04-10,218500000,34800000
Unione Sportiva Lecce,Atalanta Bergamasca Calcio S.p.a.,2026-04-06,39600000,208000000
Udinese Calcio,Calcio Como,2026-04-06,91300000,208000000
Juventus Football Club,Genoa Cricket and Football Club,2026-04-06,354000000,86700000
Società Sportiva Calcio Napoli,Associazione Calcio Milan,2026-04-06,194000000,233000000
Pisa Sporting Club,Torino Calcio,2026-04-05,32800000,53500000
Unione Sportiva Cremonese S.p.A.,Bologna Football Club 1909,2026-04-05,27000000,137500000
Football Club Internazionale Milano S.p.A.,Associazione Sportiva Roma,2026-04-05,381000000,218500000
Verona Hellas Football Club,Associazione Calcio Fiorentina,2026-04-04,42700000,142500000
Società Sportiva Lazio S.p.A.,Parma Calcio 1913,2026-04-04,92500000,111500000
Unione Sportiva Sassuolo Calcio,Cagliari Calcio,2026-04-04,106300000,92600000
Associazione Sportiva Roma,Unione Sportiva Lecce,2026-03-22,178500000,46700000
Calcio Como,Pisa Sporting Club,2026-03-22,195500000,38900000
Bologna Football Club 1909,Società Sportiva Lazio S.p.A.,2026-03-22,142500000,113200000
Atalanta Bergamasca Calcio S.p.a.,Verona Hellas Football Club,2026-03-22,182000000,39700000
Associazione Calcio Fiorentina,Football Club Internazionale Milano S.p.A.,2026-03-22,131000000,347500000
Juventus Football Club,Unione Sportiva Sassuolo Calcio,2026-03-21,315000000,96500000
Parma Calcio 1913,Unione Sportiva Cremonese S.p.A.,2026-03-21,90000000,28700000
Associazione Calcio Milan,Torino Calcio,2026-03-21,256000000,51500000
Cagliari Calcio,Società Sportiva Calcio Napoli,2026-03-20,88500000,279000000
Genoa Cricket and Football Club,Udinese Calcio,2026-03-20,84700000,85800000
Unione Sportiva Cremonese S.p.A.,Associazione Calcio Fiorentina,2026-03-16,30500000,109000000
Pisa Sporting Club,Cagliari Calcio,2026-03-15,38100000,88500000
Unione Sportiva Sassuolo Calcio,Bologna Football Club 1909,2026-03-15,101300000,137700000
Calcio Como,Associazione Sportiva Roma,2026-03-15,161000000,205500000
Società Sportiva Lazio S.p.A.,Associazione Calcio Milan,2026-03-15,124700000,326000000
Verona Hellas Football Club,Genoa Cricket and Football Club,2026-03-15,33200000,63400000
Società Sportiva Calcio Napoli,Unione Sportiva Lecce,2026-03-14,224500000,44200000
Football Club Internazionale Milano S.p.A.,Atalanta Bergamasca Calcio S.p.a.,2026-03-14,355500000,134000000
Udinese Calcio,Juventus Football Club,2026-03-14,67600000,315000000
Torino Calcio,Parma Calcio 1913,2026-03-13,52500000,90500000
Società Sportiva Lazio S.p.A.,Unione Sportiva Sassuolo Calcio,2026-03-09,129200000,92500000
Associazione Calcio Milan,Football Club Internazionale Milano S.p.A.,2026-03-08,314000000,356000000
Associazione Calcio Fiorentina,Parma Calcio 1913,2026-03-08,112000000,71700000
Bologna Football Club 1909,Verona Hellas Football Club,2026-03-08,171000000,30700000
Unione Sportiva Lecce,Unione Sportiva Cremonese S.p.A.,2026-03-08,44200000,26400000
Genoa Cricket and Football Club,Associazione Sportiva Roma,2026-03-08,67900000,208000000
Juventus Football Club,Pisa Sporting Club,2026-03-07,342000000,28800000
Atalanta Bergamasca Calcio S.p.a.,Udinese Calcio,2026-03-07,187000000,59300000
Cagliari Calcio,Calcio Como,2026-03-07,87500000,193000000
Società Sportiva Calcio Napoli,Torino Calcio,2026-03-06,181500000,52000000
Pisa Sporting Club,Bologna Football Club 1909,2026-03-02,28800000,128500000
Udinese Calcio,Associazione Calcio Fiorentina,2026-03-02,62300000,124000000
Associazione Sportiva Roma,Juventus Football Club,2026-03-01,238500000,345000000
Unione Sportiva Sassuolo Calcio,Atalanta Bergamasca Calcio S.p.a.,2026-03-01,98800000,152500000
Unione Sportiva Cremonese S.p.A.,Associazione Calcio Milan,2026-03-01,24600000,318000000
Torino Calcio,Società Sportiva Lazio S.p.A.,2026-03-01,52000000,83500000
Football Club Internazionale Milano S.p.A.,Genoa Cricket and Football Club,2026-02-28,295500000,84500000
Verona Hellas Football Club,Società Sportiva Calcio Napoli,2026-02-28,30200000,183500000
Calcio Como,Unione Sportiva Lecce,2026-02-28,128000000,43800000
Parma Calcio 1913,Cagliari Calcio,2026-02-27,74700000,91500000
Associazione Calcio Fiorentina,Pisa Sporting Club,2026-02-23,131000000,46900000
Bologna Football Club 1909,Udinese Calcio,2026-02-23,158000000,84300000
Associazione Calcio Milan,Parma Calcio 1913,2026-02-22,286000000,74700000
Atalanta Bergamasca Calcio S.p.a.,Società Sportiva Calcio Napoli,2026-02-22,170000000,196700000
Genoa Cricket and Football Club,Torino Calcio,2026-02-22,86800000,46500000
Associazione Sportiva Roma,Unione Sportiva Cremonese S.p.A.,2026-02-22,236000000,31800000
Cagliari Calcio,Società Sportiva Lazio S.p.A.,2026-02-21,88900000,120500000
Unione Sportiva Lecce,Football Club Internazionale Milano S.p.A.,2026-02-21,46600000,357000000
Juventus Football Club,Calcio Como,2026-02-21,332000000,124000000
Unione Sportiva Sassuolo Calcio,Verona Hellas Football Club,2026-02-20,92000000,39800000
Associazione Calcio Milan,Calcio Como,2026-02-18,282000000,165000000
Cagliari Calcio,Unione Sportiva Lecce,2026-02-16,77700000,46600000
Unione Sportiva Cremonese S.p.A.,Genoa Cricket and Football Club,2026-02-15,32400000,84700000
Torino Calcio,Bologna Football Club 1909,2026-02-15,68000000,134000000
Società Sportiva Calcio Napoli,Associazione Sportiva Roma,2026-02-15,213000000,198000000
Parma Calcio 1913,Verona Hellas Football Club,2026-02-15,77700000,49800000
Udinese Calcio,Unione Sportiva Sassuolo Calcio,2026-02-15,97500000,106000000
Società Sportiva Lazio S.p.A.,Atalanta Bergamasca Calcio S.p.a.,2026-02-14,120000000,181000000
Calcio Como,Associazione Calcio Fiorentina,2026-02-14,186500000,136000000
Football Club Internazionale Milano S.p.A.,Juventus Football Club,2026-02-14,457500000,332000000
Pisa Sporting Club,Associazione Calcio Milan,2026-02-13,44400000,213000000
Associazione Sportiva Roma,Cagliari Calcio,2026-02-09,223000000,88900000
Atalanta Bergamasca Calcio S.p.a.,Unione Sportiva Cremonese S.p.A.,2026-02-09,183500000,27100000
Juventus Football Club,Società Sportiva Lazio S.p.A.,2026-02-08,345000000,110500000
Bologna Football Club 1909,Parma Calcio 1913,2026-02-08,116000000,81200000
Unione Sportiva Sassuolo Calcio,Football Club Internazionale Milano S.p.A.,2026-02-08,103300000,401000000
Unione Sportiva Lecce,Udinese Calcio,2026-02-08,46600000,86500000
Associazione Calcio Fiorentina,Torino Calcio,2026-02-07,155000000,61000000
Genoa Cricket and Football Club,Società Sportiva Calcio Napoli,2026-02-07,90500000,217500000
Verona Hellas Football Club,Pisa Sporting Club,2026-02-06,45000000,46800000
Bologna Football Club 1909,Associazione Calcio Milan,2026-02-03,158500000,213000000
Udinese Calcio,Associazione Sportiva Roma,2026-02-02,87000000,230000000
Parma Calcio 1913,Juventus Football Club,2026-02-01,81700000,358000000
Unione Sportiva Cremonese S.p.A.,Football Club Internazionale Milano S.p.A.,2026-02-01,23500000,400500000
Calcio Como,Atalanta Bergamasca Calcio S.p.a.,2026-02-01,174000000,206000000
Torino Calcio,Unione Sportiva Lecce,2026-02-01,65000000,46900000
Cagliari Calcio,Verona Hellas Football Club,2026-01-31,83900000,37600000
Pisa Sporting Club,Unione Sportiva Sassuolo Calcio,2026-01-31,42300000,103300000
Società Sportiva Calcio Napoli,Associazione Calcio Fiorentina,2026-01-31,215500000,129500000
Società Sportiva Lazio S.p.A.,Genoa Cricket and Football Club,2026-01-30,99000000,90500000
Verona Hellas Football Club,Udinese Calcio,2026-01-26,36800000,90000000
Juventus Football Club,Società Sportiva Calcio Napoli,2026-01-25,358000000,215500000
Associazione Sportiva Roma,Associazione Calcio Milan,2026-01-25,257000000,279000000
Unione Sportiva Sassuolo Calcio,Unione Sportiva Cremonese S.p.A.,2026-01-25,81800000,31000000
Atalanta Bergamasca Calcio S.p.a.,Parma Calcio 1913,2026-01-25,224000000,67700000
Genoa Cricket and Football Club,Bologna Football Club 1909,2026-01-25,87500000,99500000
Calcio Como,Torino Calcio,2026-01-24,201500000,66500000
Unione Sportiva Lecce,Società Sportiva Lazio S.p.A.,2026-01-24,48600000,103000000
Associazione Calcio Fiorentina,Cagliari Calcio,2026-01-24,127000000,83900000
Football Club Internazionale Milano S.p.A.,Pisa Sporting Club,2026-01-23,333500000,42200000
Unione Sportiva Cremonese S.p.A.,Verona Hellas Football Club,2026-01-19,34400000,44300000
Società Sportiva Lazio S.p.A.,Calcio Como,2026-01-19,109000000,211500000
Parma Calcio 1913,Genoa Cricket and Football Club,2026-01-18,71700000,73400000
Bologna Football Club 1909,Associazione Calcio Fiorentina,2026-01-18,155000000,122500000
Associazione Calcio Milan,Unione Sportiva Lecce,2026-01-18,331000000,48000000
Torino Calcio,Associazione Sportiva Roma,2026-01-18,63500000,226500000
Società Sportiva Calcio Napoli,Unione Sportiva Sassuolo Calcio,2026-01-17,199500000,87800000
Udinese Calcio,Football Club Internazionale Milano S.p.A.,2026-01-17,80300000,352000000
Cagliari Calcio,Juventus Football Club,2026-01-17,83900000,314000000
Pisa Sporting Club,Atalanta Bergamasca Calcio S.p.a.,2026-01-16,42200000,207500000
Calcio Como,Associazione Calcio Milan,2026-01-15,166000000,282000000
Verona Hellas Football Club,Bologna Football Club 1909,2026-01-15,49500000,154000000
Football Club Internazionale Milano S.p.A.,Unione Sportiva Lecce,2026-01-14,319500000,48300000
Società Sportiva Calcio Napoli,Parma Calcio 1913,2026-01-14,247700000,63300000
Juventus Football Club,Unione Sportiva Cremonese S.p.A.,2026-01-12,342000000,31900000
Genoa Cricket and Football Club,Cagliari Calcio,2026-01-12,88000000,88900000
Associazione Calcio Fiorentina,Associazione Calcio Milan,2026-01-11,149500000,267000000
Football Club Internazionale Milano S.p.A.,Società Sportiva Calcio Napoli,2026-01-11,449500000,205000000
Unione Sportiva Lecce,Parma Calcio 1913,2026-01-11,40200000,77700000
Verona Hellas Football Club,Società Sportiva Lazio S.p.A.,2026-01-11,54900000,103500000
Associazione Sportiva Roma,Unione Sportiva Sassuolo Calcio,2026-01-10,214000000,94800000
Atalanta Bergamasca Calcio S.p.a.,Torino Calcio,2026-01-10,201000000,60500000
Udinese Calcio,Pisa Sporting Club,2026-01-10,78800000,36500000
Calcio Como,Bologna Football Club 1909,2026-01-10,168500000,155500000
Associazione Calcio Milan,Genoa Cricket and Football Club,2026-01-08,318000000,87500000
Unione Sportiva Cremonese S.p.A.,Cagliari Calcio,2026-01-08,36400000,78500000
Parma Calcio 1913,Football Club Internazionale Milano S.p.A.,2026-01-07,83200000,334000000
Società Sportiva Lazio S.p.A.,Associazione Calcio Fiorentina,2026-01-07,117500000,122500000
Bologna Football Club 1909,Atalanta Bergamasca Calcio S.p.a.,2026-01-07,137500000,201000000
Società Sportiva Calcio Napoli,Verona Hellas Football Club,2026-01-07,259000000,41900000
Torino Calcio,Udinese Calcio,2026-01-07,65000000,81800000
Pisa Sporting Club,Calcio Como,2026-01-06,48300000,198000000
Unione Sportiva Sassuolo Calcio,Juventus Football Club,2026-01-06,96600000,350000000
Unione Sportiva Lecce,Associazione Sportiva Roma,2026-01-06,53800000,199000000
Società Sportiva Lazio S.p.A.,Società Sportiva Calcio Napoli,2026-01-04,107500000,205000000
Football Club Internazionale Milano S.p.A.,Bologna Football Club 1909,2026-01-04,449500000,166000000
Verona Hellas Football Club,Torino Calcio,2026-01-04,53000000,62500000
Associazione Calcio Fiorentina,Unione Sportiva Cremonese S.p.A.,2026-01-04,123500000,40600000
Juventus Football Club,Unione Sportiva Lecce,2026-01-03,358000000,52300000
Unione Sportiva Sassuolo Calcio,Parma Calcio 1913,2026-01-03,90800000,77700000
Atalanta Bergamasca Calcio S.p.a.,Associazione Sportiva Roma,2026-01-03,187000000,207000000
Calcio Como,Udinese Calcio,2026-01-03,128000000,56450000
Genoa Cricket and Football Club,Pisa Sporting Club,2026-01-03,87500000,37500000
Cagliari Calcio,Associazione Calcio Milan,2026-01-02,89400000,254000000
Associazione Sportiva Roma,Genoa Cricket and Football Club,2025-12-29,233500000,81900000
Unione Sportiva Cremonese S.p.A.,Società Sportiva Calcio Napoli,2025-12-28,32500000,205000000
Atalanta Bergamasca Calcio S.p.a.,Football Club Internazionale Milano S.p.A.,2025-12-28,190000000,449500000
Associazione Calcio Milan,Verona Hellas Football Club,2025-12-28,262000000,51000000
Bologna Football Club 1909,Unione Sportiva Sassuolo Calcio,2025-12-28,138000000,103800000
Udinese Calcio,Società Sportiva Lazio S.p.A.,2025-12-27,73450000,87000000
Unione Sportiva Lecce,Calcio Como,2025-12-27,44100000,182500000
Torino Calcio,Cagliari Calcio,2025-12-27,61500000,79500000
Pisa Sporting Club,Juventus Football Club,2025-12-27,42000000,361000000
Parma Calcio 1913,Associazione Calcio Fiorentina,2025-12-27,75200000,148500000
Genoa Cricket and Football Club,Atalanta Bergamasca Calcio S.p.a.,2025-12-21,71200000,207000000
Cagliari Calcio,Pisa Sporting Club,2025-12-21,66600000,42700000
Unione Sportiva Sassuolo Calcio,Torino Calcio,2025-12-21,76500000,60500000
Associazione Calcio Fiorentina,Udinese Calcio,2025-12-21,184000000,77700000
Società Sportiva Lazio S.p.A.,Unione Sportiva Cremonese S.p.A.,2025-12-20,115500000,29200000
Juventus Football Club,Associazione Sportiva Roma,2025-12-20,391000000,196000000
Associazione Sportiva Roma,Calcio Como,2025-12-15,238000000,161300000
Udinese Calcio,Società Sportiva Calcio Napoli,2025-12-14,77700000,281500000
Associazione Calcio Fiorentina,Verona Hellas Football Club,2025-12-14,189000000,45500000
Genoa Cricket and Football Club,Football Club Internazionale Milano S.p.A.,2025-12-14,74900000,402000000
Associazione Calcio Milan,Unione Sportiva Sassuolo Calcio,2025-12-14,231000000,78000000
Bologna Football Club 1909,Juventus Football Club,2025-12-14,136500000,371000000
Torino Calcio,Unione Sportiva Cremonese S.p.A.,2025-12-13,68500000,34600000
Parma Calcio 1913,Società Sportiva Lazio S.p.A.,2025-12-13,57350000,106000000
Atalanta Bergamasca Calcio S.p.a.,Cagliari Calcio,2025-12-13,218000000,57800000
Unione Sportiva Lecce,Pisa Sporting Club,2025-12-12,35200000,36900000
Torino Calcio,Associazione Calcio Milan,2025-12-08,69000000,241000000
Pisa Sporting Club,Parma Calcio 1913,2025-12-08,41100000,59350000
Udinese Calcio,Genoa Cricket and Football Club,2025-12-08,73200000,60500000
Unione Sportiva Cremonese S.p.A.,Unione Sportiva Lecce,2025-12-07,34500000,33100000
Società Sportiva Calcio Napoli,Juventus Football Club,2025-12-07,298000000,335000000
Cagliari Calcio,Associazione Sportiva Roma,2025-12-07,57800000,212000000
Società Sportiva Lazio S.p.A.,Bologna Football Club 1909,2025-12-07,165000000,132500000
Football Club Internazionale Milano S.p.A.,Calcio Como,2025-12-06,444000000,163000000
Verona Hellas Football Club,Atalanta Bergamasca Calcio S.p.a.,2025-12-06,45500000,262500000
Unione Sportiva Sassuolo Calcio,Associazione Calcio Fiorentina,2025-12-06,91000000,182000000
Bologna Football Club 1909,Unione Sportiva Cremonese S.p.A.,2025-12-01,152000000,35000000
Unione Sportiva Lecce,Torino Calcio,2025-11-30,33100000,79500000
Atalanta Bergamasca Calcio S.p.a.,Associazione Calcio Fiorentina,2025-11-30,262500000,169000000
Associazione Sportiva Roma,Società Sportiva Calcio Napoli,2025-11-30,234000000,309000000
Pisa Sporting Club,Football Club Internazionale Milano S.p.A.,2025-11-30,41400000,454000000
Juventus Football Club,Cagliari Calcio,2025-11-29,314000000,54975000
Parma Calcio 1913,Udinese Calcio,2025-11-29,67350000,78200000
Associazione Calcio Milan,Società Sportiva Lazio S.p.A.,2025-11-29,261000000,136500000
Genoa Cricket and Football Club,Verona Hellas Football Club,2025-11-29,74400000,38400000
Calcio Como,Unione Sportiva Sassuolo Calcio,2025-11-28,159500000,92500000
Torino Calcio,Calcio Como,2025-11-24,63000000,157800000
Unione Sportiva Sassuolo Calcio,Pisa Sporting Club,2025-11-24,79500000,45400000
Società Sportiva Lazio S.p.A.,Unione Sportiva Lecce,2025-11-23,138000000,36600000
Unione Sportiva Cremonese S.p.A.,Associazione Sportiva Roma,2025-11-23,34500000,218000000
Verona Hellas Football Club,Parma Calcio 1913,2025-11-23,45400000,69350000
Football Club Internazionale Milano S.p.A.,Associazione Calcio Milan,2025-11-23,455000000,286000000
Cagliari Calcio,Genoa Cricket and Football Club,2025-11-22,57600000,81000000
Società Sportiva Calcio Napoli,Atalanta Bergamasca Calcio S.p.a.,2025-11-22,309000000,243500000
Associazione Calcio Fiorentina,Juventus Football Club,2025-11-22,169000000,334500000
Udinese Calcio,Bologna Football Club 1909,2025-11-22,77100000,128300000
Genoa Cricket and Football Club,Associazione Calcio Fiorentina,2025-11-09,81900000,131000000
Associazione Sportiva Roma,Udinese Calcio,2025-11-09,234000000,80700000
Football Club Internazionale Milano S.p.A.,Società Sportiva Lazio S.p.A.,2025-11-09,412000000,138500000
Atalanta Bergamasca Calcio S.p.a.,Unione Sportiva Sassuolo Calcio,2025-11-09,263500000,79500000
Bologna Football Club 1909,Società Sportiva Calcio Napoli,2025-11-09,153000000,283000000
Calcio Como,Cagliari Calcio,2025-11-08,163800000,60800000
Parma Calcio 1913,Associazione Calcio Milan,2025-11-08,89500000,287000000
Unione Sportiva Lecce,Verona Hellas Football Club,2025-11-08,31100000,48700000
Juventus Football Club,Torino Calcio,2025-11-08,345000000,77000000
Pisa Sporting Club,Unione Sportiva Cremonese S.p.A.,2025-11-07,37700000,38250000
Unione Sportiva Sassuolo Calcio,Genoa Cricket and Football Club,2025-11-03,92500000,81000000
Società Sportiva Lazio S.p.A.,Cagliari Calcio,2025-11-03,138500000,63200000
Parma Calcio 1913,Bologna Football Club 1909,2025-11-02,83000000,161000000
Associazione Calcio Milan,Associazione Sportiva Roma,2025-11-02,268000000,228000000
Torino Calcio,Pisa Sporting Club,2025-11-02,79000000,33600000
Associazione Calcio Fiorentina,Unione Sportiva Lecce,2025-11-02,167600000,31100000
Verona Hellas Football Club,Football Club Internazionale Milano S.p.A.,2025-11-02,45400000,355000000
Udinese Calcio,Atalanta Bergamasca Calcio S.p.a.,2025-11-01,80700000,222500000
Società Sportiva Calcio Napoli,Calcio Como,2025-11-01,271500000,157300000
Unione Sportiva Cremonese S.p.A.,Juventus Football Club,2025-11-01,34500000,310500000
Pisa Sporting Club,Società Sportiva Lazio S.p.A.,2025-10-30,42500000,138000000
Cagliari Calcio,Unione Sportiva Sassuolo Calcio,2025-10-30,59700000,83500000
Bologna Football Club 1909,Torino Calcio,2025-10-29,109000000,76000000
Associazione Sportiva Roma,Parma Calcio 1913,2025-10-29,233000000,82000000
Genoa Cricket and Football Club,Unione Sportiva Cremonese S.p.A.,2025-10-29,79400000,34500000
Football Club Internazionale Milano S.p.A.,Associazione Calcio Fiorentina,2025-10-29,451000000,165000000
Calcio Como,Verona Hellas Football Club,2025-10-29,170000000,52400000
Juventus Football Club,Udinese Calcio,2025-10-29,333500000,74600000
Atalanta Bergamasca Calcio S.p.a.,Associazione Calcio Milan,2025-10-28,241000000,256000000
Unione Sportiva Lecce,Società Sportiva Calcio Napoli,2025-10-28,38100000,227500000
Associazione Calcio Fiorentina,Bologna Football Club 1909,2025-10-26,168500000,165000000
Società Sportiva Lazio S.p.A.,Juventus Football Club,2025-10-26,138500000,299500000
Verona Hellas Football Club,Cagliari Calcio,2025-10-26,46900000,49375000
Torino Calcio,Genoa Cricket and Football Club,2025-10-26,72300000,77300000
Unione Sportiva Sassuolo Calcio,Associazione Sportiva Roma,2025-10-26,75800000,226000000
Parma Calcio 1913,Calcio Como,2025-10-25,86000000,129300000
Unione Sportiva Cremonese S.p.A.,Atalanta Bergamasca Calcio S.p.a.,2025-10-25,32700000,261000000
Udinese Calcio,Unione Sportiva Lecce,2025-10-25,79700000,32600000
Società Sportiva Calcio Napoli,Football Club Internazionale Milano S.p.A.,2025-10-25,236000000,396000000
Associazione Calcio Milan,Pisa Sporting Club,2025-10-24,258000000,43000000
Unione Sportiva Cremonese S.p.A.,Udinese Calcio,2025-10-20,32200000,79700000
Associazione Calcio Milan,Associazione Calcio Fiorentina,2025-10-19,239000000,160500000
Atalanta Bergamasca Calcio S.p.a.,Società Sportiva Lazio S.p.A.,2025-10-19,237000000,140500000
Genoa Cricket and Football Club,Parma Calcio 1913,2025-10-19,76600000,87000000
Cagliari Calcio,Bologna Football Club 1909,2025-10-19,62800000,128500000
Calcio Como,Juventus Football Club,2025-10-19,129300000,351000000
Torino Calcio,Società Sportiva Calcio Napoli,2025-10-18,78500000,204000000
Pisa Sporting Club,Verona Hellas Football Club,2025-10-18,39200000,45400000
Unione Sportiva Lecce,Unione Sportiva Sassuolo Calcio,2025-10-18,32100000,81300000
Associazione Sportiva Roma,Football Club Internazionale Milano S.p.A.,2025-10-18,217000000,396000000
Bologna Football Club 1909,Pisa Sporting Club,2025-10-05,112700000,40700000
Società Sportiva Calcio Napoli,Genoa Cricket and Football Club,2025-10-05,254500000,67300000
Udinese Calcio,Cagliari Calcio,2025-10-05,70600000,49600000
Associazione Calcio Fiorentina,Associazione Sportiva Roma,2025-10-05,161000000,233000000
Juventus Football Club,Associazione Calcio Milan,2025-10-05,299000000,234800000
Società Sportiva Lazio S.p.A.,Torino Calcio,2025-10-04,116300000,77500000
Football Club Internazionale Milano S.p.A.,Unione Sportiva Cremonese S.p.A.,2025-10-04,431000000,25450000
Parma Calcio 1913,Unione Sportiva Lecce,2025-10-04,87600000,32100000
Atalanta Bergamasca Calcio S.p.a.,Calcio Como,2025-10-04,221800000,109300000
Verona Hellas Football Club,Unione Sportiva Sassuolo Calcio,2025-10-03,44900000,83500000
Genoa Cricket and Football Club,Società Sportiva Lazio S.p.A.,2025-09-29,80400000,115300000
Parma Calcio 1913,Torino Calcio,2025-09-29,86600000,82000000
Unione Sportiva Lecce,Bologna Football Club 1909,2025-09-28,28100000,142200000
Associazione Calcio Milan,Società Sportiva Calcio Napoli,2025-09-28,263000000,226000000
Associazione Sportiva Roma,Verona Hellas Football Club,2025-09-28,232000000,44000000
Pisa Sporting Club,Associazione Calcio Fiorentina,2025-09-28,43700000,161000000
Unione Sportiva Sassuolo Calcio,Udinese Calcio,2025-09-28,85000000,69900000
Cagliari Calcio,Football Club Internazionale Milano S.p.A.,2025-09-27,48600000,455000000
Juventus Football Club,Atalanta Bergamasca Calcio S.p.a.,2025-09-27,350000000,150000000
Calcio Como,Unione Sportiva Cremonese S.p.A.,2025-09-27,128500000,33700000
Società Sportiva Calcio Napoli,Pisa Sporting Club,2025-09-22,260500000,34500000
Torino Calcio,Atalanta Bergamasca Calcio S.p.a.,2025-09-21,85300000,163000000
Associazione Calcio Fiorentina,Calcio Como,2025-09-21,162500000,98300000
Football Club Internazionale Milano S.p.A.,Unione Sportiva Sassuolo Calcio,2025-09-21,373000000,82500000
Unione Sportiva Cremonese S.p.A.,Parma Calcio 1913,2025-09-21,36650000,90000000
Società Sportiva Lazio S.p.A.,Associazione Sportiva Roma,2025-09-21,174000000,217000000
Verona Hellas Football Club,Juventus Football Club,2025-09-20,44000000,314000000
Bologna Football Club 1909,Genoa Cricket and Football Club,2025-09-20,118500000,80400000
Udinese Calcio,Associazione Calcio Milan,2025-09-20,60800000,239000000
Unione Sportiva Lecce,Cagliari Calcio,2025-09-19,30600000,50600000
Calcio Como,Genoa Cricket and Football Club,2025-09-15,130500000,73800000
Verona Hellas Football Club,Unione Sportiva Cremonese S.p.A.,2025-09-15,44900000,36900000
Associazione Calcio Milan,Bologna Football Club 1909,2025-09-14,223000000,145700000
Associazione Sportiva Roma,Torino Calcio,2025-09-14,217000000,80300000
Atalanta Bergamasca Calcio S.p.a.,Unione Sportiva Lecce,2025-09-14,229000000,31600000
Unione Sportiva Sassuolo Calcio,Società Sportiva Lazio S.p.A.,2025-09-14,85000000,187500000
Pisa Sporting Club,Udinese Calcio,2025-09-14,41600000,61300000
Cagliari Calcio,Parma Calcio 1913,2025-09-13,53500000,87500000
Associazione Calcio Fiorentina,Società Sportiva Calcio Napoli,2025-09-13,170600000,276500000
Juventus Football Club,Football Club Internazionale Milano S.p.A.,2025-09-13,348000000,455000000
Società Sportiva Lazio S.p.A.,Verona Hellas Football Club,2025-08-31,184000000,37950000
Football Club Internazionale Milano S.p.A.,Udinese Calcio,2025-08-31,496000000,63300000
Torino Calcio,Associazione Calcio Fiorentina,2025-08-31,88800000,181000000
Genoa Cricket and Football Club,Juventus Football Club,2025-08-31,85400000,339000000
Pisa Sporting Club,Associazione Sportiva Roma,2025-08-30,42600000,222500000
Società Sportiva Calcio Napoli,Cagliari Calcio,2025-08-30,201000000,52600000
Bologna Football Club 1909,Calcio Como,2025-08-30,111200000,117500000
Parma Calcio 1913,Atalanta Bergamasca Calcio S.p.a.,2025-08-30,86500000,216000000
Unione Sportiva Lecce,Associazione Calcio Milan,2025-08-29,35600000,218000000
Unione Sportiva Cremonese S.p.A.,Unione Sportiva Sassuolo Calcio,2025-08-29,36650000,83500000
Udinese Calcio,Verona Hellas Football Club,2025-08-25,66300000,38650000
Football Club Internazionale Milano S.p.A.,Torino Calcio,2025-08-25,460000000,66500000
Atalanta Bergamasca Calcio S.p.a.,Pisa Sporting Club,2025-08-24,216000000,42800000
Cagliari Calcio,Associazione Calcio Fiorentina,2025-08-24,51300000,180000000
Calcio Como,Società Sportiva Lazio S.p.A.,2025-08-24,117500000,157500000
Juventus Football Club,Parma Calcio 1913,2025-08-24,364000000,86500000
Associazione Calcio Milan,Unione Sportiva Cremonese S.p.A.,2025-08-23,248000000,28100000
Unione Sportiva Sassuolo Calcio,Società Sportiva Calcio Napoli,2025-08-23,81800000,217500000
Genoa Cricket and Football Club,Unione Sportiva Lecce,2025-08-23,85000000,35600000
Associazione Sportiva Roma,Bologna Football Club 1909,2025-08-23,222500000,94500000
Venezia FC,Juventus Football Club,2025-05-25,27100000,307000000
Torino Calcio,Associazione Sportiva Roma,2025-05-25,106300000,170000000
Udinese Calcio,Associazione Calcio Fiorentina,2025-05-25,86000000,170500000
FC Empoli,Verona Hellas Football Club,2025-05-25,49900000,49700000
Atalanta Bergamasca Calcio S.p.a.,Parma Calcio 1913,2025-05-25,210000000,77000000
Società Sportiva Lazio S.p.A.,Unione Sportiva Lecce,2025-05-25,214000000,45500000
Associazione Calcio Milan,AC Monza,2025-05-24,243700000,26800000
Bologna Football Club 1909,Genoa Cricket and Football Club,2025-05-24,156000000,52150000
Calcio Como,Football Club Internazionale Milano S.p.A.,2025-05-23,94100000,195000000
Società Sportiva Calcio Napoli,Cagliari Calcio,2025-05-23,195500000,35400000
Associazione Calcio Fiorentina,Bologna Football Club 1909,2025-05-18,157500000,156500000
AC Monza,FC Empoli,2025-05-18,28800000,46900000
Associazione Sportiva Roma,Associazione Calcio Milan,2025-05-18,170000000,287000000
Juventus Football Club,Udinese Calcio,2025-05-18,295000000,60000000
Cagliari Calcio,Venezia FC,2025-05-18,46900000,43600000
Football Club Internazionale Milano S.p.A.,Società Sportiva Lazio S.p.A.,2025-05-18,404000000,196500000
Unione Sportiva Lecce,Torino Calcio,2025-05-18,40700000,97300000
Verona Hellas Football Club,Calcio Como,2025-05-18,53000000,93300000
Parma Calcio 1913,Società Sportiva Calcio Napoli,2025-05-18,81500000,195500000
Genoa Cricket and Football Club,Atalanta Bergamasca Calcio S.p.a.,2025-05-17,77800000,175000000
Venezia FC,Associazione Calcio Fiorentina,2025-05-12,43600000,120500000
Atalanta Bergamasca Calcio S.p.a.,Associazione Sportiva Roma,2025-05-12,299000000,190000000
Torino Calcio,Football Club Internazionale Milano S.p.A.,2025-05-11,96300000,202000000
Udinese Calcio,AC Monza,2025-05-11,68800000,28100000
Società Sportiva Calcio Napoli,Genoa Cricket and Football Club,2025-05-11,204500000,74150000
Verona Hellas Football Club,Unione Sportiva Lecce,2025-05-11,52000000,40700000
Società Sportiva Lazio S.p.A.,Juventus Football Club,2025-05-10,184500000,253000000
FC Empoli,Parma Calcio 1913,2025-05-10,46900000,78000000
Calcio Como,Cagliari Calcio,2025-05-10,92600000,43500000
Associazione Calcio Milan,Bologna Football Club 1909,2025-05-09,270500000,102900000
Genoa Cricket and Football Club,Associazione Calcio Milan,2025-05-05,87500000,275500000
Bologna Football Club 1909,Juventus Football Club,2025-05-04,138400000,283000000
Associazione Sportiva Roma,Associazione Calcio Fiorentina,2025-05-04,192000000,136500000
AC Monza,Atalanta Bergamasca Calcio S.p.a.,2025-05-04,32900000,316000000
FC Empoli,Società Sportiva Lazio S.p.A.,2025-05-04,50000000,149500000
Cagliari Calcio,Udinese Calcio,2025-05-03,46500000,70800000
Football Club Internazionale Milano S.p.A.,Verona Hellas Football Club,2025-05-03,152500000,46500000
Parma Calcio 1913,Calcio Como,2025-05-03,78000000,93300000
Unione Sportiva Lecce,Società Sportiva Calcio Napoli,2025-05-03,45500000,204500000
Torino Calcio,Venezia FC,2025-05-02,99000000,36000000
Verona Hellas Football Club,Cagliari Calcio,2025-04-28,51500000,39200000
Società Sportiva Lazio S.p.A.,Parma Calcio 1913,2025-04-28,191500000,78000000
Udinese Calcio,Bologna Football Club 1909,2025-04-28,58500000,139500000
Atalanta Bergamasca Calcio S.p.a.,Unione Sportiva Lecce,2025-04-27,291000000,33000000
Calcio Como,Genoa Cricket and Football Club,2025-04-27,93000000,77500000
Società Sportiva Calcio Napoli,Torino Calcio,2025-04-27,229500000,85000000
Venezia FC,Associazione Calcio Milan,2025-04-27,37400000,347000000
Football Club Internazionale Milano S.p.A.,Associazione Sportiva Roma,2025-04-27,368500000,192000000
Juventus Football Club,AC Monza,2025-04-27,315000000,38000000
Associazione Calcio Fiorentina,FC Empoli,2025-04-27,115500000,54000000
Torino Calcio,Udinese Calcio,2025-04-23,104500000,76000000
Parma Calcio 1913,Juventus Football Club,2025-04-23,87000000,315000000
Cagliari Calcio,Associazione Calcio Fiorentina,2025-04-23,49300000,133500000
Genoa Cricket and Football Club,Società Sportiva Lazio S.p.A.,2025-04-23,96000000,175500000
Associazione Calcio Milan,Atalanta Bergamasca Calcio S.p.a.,2025-04-20,334500000,267000000
FC Empoli,Venezia FC,2025-04-20,52400000,36400000
Bologna Football Club 1909,Football Club Internazionale Milano S.p.A.,2025-04-20,143500000,360000000
Associazione Sportiva Roma,Verona Hellas Football Club,2025-04-19,179000000,46500000
Unione Sportiva Lecce,Calcio Como,2025-04-19,43000000,107000000
AC Monza,Società Sportiva Calcio Napoli,2025-04-19,38000000,180500000
Società Sportiva Calcio Napoli,FC Empoli,2025-04-14,189500000,48900000
Atalanta Bergamasca Calcio S.p.a.,Bologna Football Club 1909,2025-04-13,276000000,141900000
Associazione Calcio Fiorentina,Parma Calcio 1913,2025-04-13,152500000,87000000
Calcio Como,Torino Calcio,2025-04-13,84300000,90500000
Verona Hellas Football Club,Genoa Cricket and Football Club,2025-04-13,46500000,89800000
Società Sportiva Lazio S.p.A.,Associazione Sportiva Roma,2025-04-13,160500000,203000000
Football Club Internazionale Milano S.p.A.,Cagliari Calcio,2025-04-12,378500000,38600000
Juventus Football Club,Unione Sportiva Lecce,2025-04-12,330000000,41200000
Venezia FC,AC Monza,2025-04-12,42900000,39700000
Udinese Calcio,Associazione Calcio Milan,2025-04-11,95500000,334500000
Bologna Football Club 1909,Società Sportiva Calcio Napoli,2025-04-07,150000000,202500000
Atalanta Bergamasca Calcio S.p.a.,Società Sportiva Lazio S.p.A.,2025-04-06,264000000,157000000
FC Empoli,Cagliari Calcio,2025-04-06,46900000,46000000
Unione Sportiva Lecce,Venezia FC,2025-04-06,44500000,36100000
Torino Calcio,Verona Hellas Football Club,2025-04-06,122000000,46500000
Associazione Sportiva Roma,Juventus Football Club,2025-04-06,181500000,307000000
AC Monza,Calcio Como,2025-04-05,33600000,113000000
Associazione Calcio Milan,Associazione Calcio Fiorentina,2025-04-05,353000000,152500000
Parma Calcio 1913,Football Club Internazionale Milano S.p.A.,2025-04-05,79500000,405000000
Genoa Cricket and Football Club,Udinese Calcio,2025-04-04,91500000,86000000
Verona Hellas Football Club,Parma Calcio 1913,2025-03-31,46500000,92500000
Società Sportiva Lazio S.p.A.,Torino Calcio,2025-03-31,145000000,121500000
Cagliari Calcio,AC Monza,2025-03-30,43500000,34100000
Società Sportiva Calcio Napoli,Associazione Calcio Milan,2025-03-30,232000000,283000000
Football Club Internazionale Milano S.p.A.,Udinese Calcio,2025-03-30,272500000,95500000
Associazione Calcio Fiorentina,Atalanta Bergamasca Calcio S.p.a.,2025-03-30,152500000,264000000
Calcio Como,FC Empoli,2025-03-29,74300000,46900000
Venezia FC,Bologna Football Club 1909,2025-03-29,37100000,134500000
Unione Sportiva Lecce,Associazione Sportiva Roma,2025-03-29,47000000,202500000
Juventus Football Club,Genoa Cricket and Football Club,2025-03-29,329000000,103500000
Bologna Football Club 1909,Società Sportiva Lazio S.p.A.,2025-03-16,162500000,171500000
Associazione Calcio Fiorentina,Juventus Football Club,2025-03-16,150500000,291000000
Associazione Sportiva Roma,Cagliari Calcio,2025-03-16,186000000,38100000
Atalanta Bergamasca Calcio S.p.a.,Football Club Internazionale Milano S.p.A.,2025-03-16,256000000,464000000
Venezia FC,Società Sportiva Calcio Napoli,2025-03-16,29000000,220500000
AC Monza,Parma Calcio 1913,2025-03-15,37600000,76500000
Torino Calcio,FC Empoli,2025-03-15,109000000,33500000
Associazione Calcio Milan,Calcio Como,2025-03-15,376000000,75700000
Udinese Calcio,Verona Hellas Football Club,2025-03-15,79000000,43600000
Genoa Cricket and Football Club,Unione Sportiva Lecce,2025-03-14,87400000,32800000
Società Sportiva Lazio S.p.A.,Udinese Calcio,2025-03-10,156500000,83500000
Verona Hellas Football Club,Bologna Football Club 1909,2025-03-09,48500000,161000000
Società Sportiva Calcio Napoli,Associazione Calcio Fiorentina,2025-03-09,220500000,148500000
FC Empoli,Associazione Sportiva Roma,2025-03-09,33000000,136500000
Juventus Football Club,Atalanta Bergamasca Calcio S.p.a.,2025-03-09,315000000,244000000
Football Club Internazionale Milano S.p.A.,AC Monza,2025-03-08,385500000,37600000
Parma Calcio 1913,Torino Calcio,2025-03-08,67500000,108500000
Unione Sportiva Lecce,Associazione Calcio Milan,2025-03-08,32800000,272500000
Calcio Como,Venezia FC,2025-03-08,75400000,34300000
Cagliari Calcio,Genoa Cricket and Football Club,2025-03-07,34400000,79600000
Juventus Football Club,Verona Hellas Football Club,2025-03-03,315000000,43300000
Genoa Cricket and Football Club,FC Empoli,2025-03-02,86900000,36000000
AC Monza,Torino Calcio,2025-03-02,35600000,108500000
Associazione Sportiva Roma,Calcio Como,2025-03-02,149000000,77700000
Bologna Football Club 1909,Cagliari Calcio,2025-03-02,110500000,42300000
Associazione Calcio Milan,Società Sportiva Lazio S.p.A.,2025-03-02,391000000,192000000
Atalanta Bergamasca Calcio S.p.a.,Venezia FC,2025-03-01,240000000,36800000
Udinese Calcio,Parma Calcio 1913,2025-03-01,72650000,81000000
Società Sportiva Calcio Napoli,Football Club Internazionale Milano S.p.A.,2025-03-01,220500000,500000000
Associazione Calcio Fiorentina,Unione Sportiva Lecce,2025-02-28,112500000,36400000
Bologna Football Club 1909,Associazione Calcio Milan,2025-02-27,140400000,371000000
Associazione Sportiva Roma,AC Monza,2025-02-24,144500000,41200000
FC Empoli,Atalanta Bergamasca Calcio S.p.a.,2025-02-23,37700000,224000000
Calcio Como,Società Sportiva Calcio Napoli,2025-02-23,77700000,218500000
Cagliari Calcio,Juventus Football Club,2025-02-23,35400000,361000000
Verona Hellas Football Club,Associazione Calcio Fiorentina,2025-02-23,43300000,144000000
Football Club Internazionale Milano S.p.A.,Genoa Cricket and Football Club,2025-02-22,416000000,79400000
Torino Calcio,Associazione Calcio Milan,2025-02-22,99000000,391000000
Venezia FC,Società Sportiva Lazio S.p.A.,2025-02-22,30300000,174000000
Parma Calcio 1913,Bologna Football Club 1909,2025-02-22,79500000,138000000
Unione Sportiva Lecce,Udinese Calcio,2025-02-21,33600000,77000000
Genoa Cricket and Football Club,Venezia FC,2025-02-17,93900000,31600000
Juventus Football Club,Football Club Internazionale Milano S.p.A.,2025-02-16,294000000,435000000
AC Monza,Unione Sportiva Lecce,2025-02-16,42100000,32700000
Parma Calcio 1913,Associazione Sportiva Roma,2025-02-16,96500000,144000000
Associazione Calcio Fiorentina,Calcio Como,2025-02-16,132000000,82200000
Udinese Calcio,FC Empoli,2025-02-16,74500000,36700000
Associazione Calcio Milan,Verona Hellas Football Club,2025-02-15,310000000,46800000
Atalanta Bergamasca Calcio S.p.a.,Cagliari Calcio,2025-02-15,164500000,35400000
Società Sportiva Lazio S.p.A.,Società Sportiva Calcio Napoli,2025-02-15,196000000,223500000
Bologna Football Club 1909,Torino Calcio,2025-02-14,138000000,77800000
Football Club Internazionale Milano S.p.A.,Associazione Calcio Fiorentina,2025-02-10,448000000,131000000
Cagliari Calcio,Parma Calcio 1913,2025-02-09,34600000,62000000
Società Sportiva Lazio S.p.A.,AC Monza,2025-02-09,210000000,34900000
Venezia FC,Associazione Sportiva Roma,2025-02-09,32300000,145000000
Società Sportiva Calcio Napoli,Udinese Calcio,2025-02-09,201500000,76000000
Unione Sportiva Lecce,Bologna Football Club 1909,2025-02-09,35800000,114400000
Torino Calcio,Genoa Cricket and Football Club,2025-02-08,95800000,90100000
Verona Hellas Football Club,Atalanta Bergamasca Calcio S.p.a.,2025-02-08,44600000,206000000
FC Empoli,Associazione Calcio Milan,2025-02-08,33500000,291000000
Calcio Como,Juventus Football Club,2025-02-07,74200000,296000000
Associazione Calcio Fiorentina,Football Club Internazionale Milano S.p.A.,2025-02-06,159000000,496000000
Cagliari Calcio,Società Sportiva Lazio S.p.A.,2025-02-03,34600000,187000000
Associazione Sportiva Roma,Società Sportiva Calcio Napoli,2025-02-02,158000000,201000000
Juventus Football Club,FC Empoli,2025-02-02,296000000,36700000
Associazione Calcio Fiorentina,Genoa Cricket and Football Club,2025-02-02,157000000,88900000
Associazione Calcio Milan,Football Club Internazionale Milano S.p.A.,2025-02-02,365000000,506000000
Udinese Calcio,Venezia FC,2025-02-01,79000000,35900000
Bologna Football Club 1909,Calcio Como,2025-02-01,105400000,87200000
Atalanta Bergamasca Calcio S.p.a.,Torino Calcio,2025-02-01,229000000,95300000
AC Monza,Verona Hellas Football Club,2025-02-01,43100000,54600000
Parma Calcio 1913,Unione Sportiva Lecce,2025-01-31,46300000,38200000
Venezia FC,Verona Hellas Football Club,2025-01-27,38700000,60100000
Genoa Cricket and Football Club,AC Monza,2025-01-27,81900000,40600000
Unione Sportiva Lecce,Football Club Internazionale Milano S.p.A.,2025-01-26,47200000,362000000
Udinese Calcio,Associazione Sportiva Roma,2025-01-26,77300000,178000000
Società Sportiva Lazio S.p.A.,Associazione Calcio Fiorentina,2025-01-26,169500000,163000000
Associazione Calcio Milan,Parma Calcio 1913,2025-01-26,369500000,54000000
Calcio Como,Atalanta Bergamasca Calcio S.p.a.,2025-01-25,77300000,257000000
Società Sportiva Calcio Napoli,Juventus Football Club,2025-01-25,201000000,356000000
FC Empoli,Bologna Football Club 1909,2025-01-25,51700000,112000000
Torino Calcio,Cagliari Calcio,2025-01-24,95300000,40100000
Calcio Como,Udinese Calcio,2025-01-20,65700000,59800000
Associazione Calcio Fiorentina,Torino Calcio,2025-01-19,166000000,91100000
Verona Hellas Football Club,Società Sportiva Lazio S.p.A.,2025-01-19,52600000,200000000
Football Club Internazionale Milano S.p.A.,FC Empoli,2025-01-19,377000000,42300000
Parma Calcio 1913,Venezia FC,2025-01-19,49000000,31800000
Cagliari Calcio,Unione Sportiva Lecce,2025-01-19,35800000,47200000
Bologna Football Club 1909,AC Monza,2025-01-18,144500000,41300000
Atalanta Bergamasca Calcio S.p.a.,Società Sportiva Calcio Napoli,2025-01-18,312000000,216500000
Juventus Football Club,Associazione Calcio Milan,2025-01-18,334000000,352000000
Associazione Sportiva Roma,Genoa Cricket and Football Club,2025-01-17,163500000,87900000
Football Club Internazionale Milano S.p.A.,Bologna Football Club 1909,2025-01-15,461000000,124000000
Calcio Como,Associazione Calcio Milan,2025-01-14,57700000,373000000
Atalanta Bergamasca Calcio S.p.a.,Juventus Football Club,2025-01-14,272000000,340000000
AC Monza,Associazione Calcio Fiorentina,2025-01-13,44800000,166000000
Genoa Cricket and Football Club,Parma Calcio 1913,2025-01-12,88100000,64500000
Bologna Football Club 1909,Associazione Sportiva Roma,2025-01-12,139000000,163500000
Società Sportiva Calcio Napoli,Verona Hellas Football Club,2025-01-12,201000000,50000000
Venezia FC,Football Club Internazionale Milano S.p.A.,2025-01-12,36000000,356000000
FC Empoli,Unione Sportiva Lecce,2025-01-11,44450000,47200000
Udinese Calcio,Atalanta Bergamasca Calcio S.p.a.,2025-01-11,61000000,274000000
Associazione Calcio Milan,Cagliari Calcio,2025-01-11,374500000,33500000
Torino Calcio,Juventus Football Club,2025-01-11,93800000,325000000
Società Sportiva Lazio S.p.A.,Calcio Como,2025-01-10,140500000,69300000
AC Monza,Cagliari Calcio,2025-01-05,37600000,31800000
Torino Calcio,Parma Calcio 1913,2025-01-05,108300000,39500000
Unione Sportiva Lecce,Genoa Cricket and Football Club,2025-01-05,51100000,95100000
Associazione Sportiva Roma,Società Sportiva Lazio S.p.A.,2025-01-05,163500000,201000000
Verona Hellas Football Club,Udinese Calcio,2025-01-04,52600000,77000000
Venezia FC,FC Empoli,2025-01-04,36700000,48800000
Associazione Calcio Fiorentina,Società Sportiva Calcio Napoli,2025-01-04,140000000,209000000
Bologna Football Club 1909,Verona Hellas Football Club,2024-12-30,128000000,50100000
Calcio Como,Unione Sportiva Lecce,2024-12-30,60100000,51100000
Associazione Calcio Milan,Associazione Sportiva Roma,2024-12-29,259500000,161500000
Udinese Calcio,Torino Calcio,2024-12-29,76000000,95300000
Società Sportiva Calcio Napoli,Venezia FC,2024-12-29,291500000,34700000
Juventus Football Club,Associazione Calcio Fiorentina,2024-12-29,324000000,158000000
FC Empoli,Genoa Cricket and Football Club,2024-12-28,43200000,81600000
Società Sportiva Lazio S.p.A.,Atalanta Bergamasca Calcio S.p.a.,2024-12-28,196000000,259000000
Parma Calcio 1913,AC Monza,2024-12-28,58000000,46800000
Cagliari Calcio,Football Club Internazionale Milano S.p.A.,2024-12-28,36300000,496000000
Football Club Internazionale Milano S.p.A.,Calcio Como,2024-12-23,511000000,55300000
Associazione Calcio Fiorentina,Udinese Calcio,2024-12-23,147000000,62500000
Venezia FC,Cagliari Calcio,2024-12-22,37000000,33900000
Associazione Sportiva Roma,Parma Calcio 1913,2024-12-22,154500000,69800000
AC Monza,Juventus Football Club,2024-12-22,45600000,361000000
Atalanta Bergamasca Calcio S.p.a.,FC Empoli,2024-12-22,287000000,43200000
Unione Sportiva Lecce,Società Sportiva Lazio S.p.A.,2024-12-21,48200000,210000000
Torino Calcio,Bologna Football Club 1909,2024-12-21,72300000,135500000
Genoa Cricket and Football Club,Società Sportiva Calcio Napoli,2024-12-21,87600000,216500000
Verona Hellas Football Club,Associazione Calcio Milan,2024-12-20,49900000,291500000
Società Sportiva Lazio S.p.A.,Football Club Internazionale Milano S.p.A.,2024-12-16,142000000,483000000
Bologna Football Club 1909,Associazione Calcio Fiorentina,2024-12-15,113900000,138000000
Unione Sportiva Lecce,AC Monza,2024-12-15,43500000,44800000
Associazione Calcio Milan,Genoa Cricket and Football Club,2024-12-15,272000000,78900000
Calcio Como,Associazione Sportiva Roma,2024-12-15,52500000,144000000
Parma Calcio 1913,Verona Hellas Football Club,2024-12-15,63800000,47800000
Udinese Calcio,Società Sportiva Calcio Napoli,2024-12-14,69700000,250000000
Juventus Football Club,Venezia FC,2024-12-14,308000000,27800000
Cagliari Calcio,Atalanta Bergamasca Calcio S.p.a.,2024-12-14,33250000,239000000
FC Empoli,Torino Calcio,2024-12-13,40500000,81500000
AC Monza,Udinese Calcio,2024-12-09,42000000,67200000
Venezia FC,Calcio Como,2024-12-08,28500000,52400000
Società Sportiva Calcio Napoli,Società Sportiva Lazio S.p.A.,2024-12-08,302000000,163500000
Verona Hellas Football Club,FC Empoli,2024-12-08,42800000,37500000
Associazione Calcio Fiorentina,Cagliari Calcio,2024-12-08,97500000,30650000
Juventus Football Club,Bologna Football Club 1909,2024-12-07,287000000,122500000
Genoa Cricket and Football Club,Torino Calcio,2024-12-07,72400000,89500000
Associazione Sportiva Roma,Unione Sportiva Lecce,2024-12-07,140000000,46000000
Football Club Internazionale Milano S.p.A.,Parma Calcio 1913,2024-12-06,483000000,70350000
Atalanta Bergamasca Calcio S.p.a.,Associazione Calcio Milan,2024-12-06,230000000,371000000
Associazione Sportiva Roma,Atalanta Bergamasca Calcio S.p.a.,2024-12-02,178000000,265000000
Unione Sportiva Lecce,Juventus Football Club,2024-12-01,50000000,277000000
Torino Calcio,Società Sportiva Calcio Napoli,2024-12-01,89500000,302000000
Udinese Calcio,Genoa Cricket and Football Club,2024-12-01,65700000,78400000
Parma Calcio 1913,Società Sportiva Lazio S.p.A.,2024-12-01,71500000,154000000
Bologna Football Club 1909,Venezia FC,2024-11-30,111900000,31000000
Associazione Calcio Milan,FC Empoli,2024-11-30,371000000,37900000
Calcio Como,AC Monza,2024-11-30,55100000,39800000
Cagliari Calcio,Verona Hellas Football Club,2024-11-29,35350000,50300000
FC Empoli,Udinese Calcio,2024-11-25,38400000,58700000
Venezia FC,Unione Sportiva Lecce,2024-11-25,30600000,50000000
Società Sportiva Calcio Napoli,Associazione Sportiva Roma,2024-11-24,302000000,187500000
Genoa Cricket and Football Club,Cagliari Calcio,2024-11-24,72400000,36350000
Torino Calcio,AC Monza,2024-11-24,96500000,43000000
Società Sportiva Lazio S.p.A.,Bologna Football Club 1909,2024-11-24,141000000,108400000
Calcio Como,Associazione Calcio Fiorentina,2024-11-24,57800000,122000000
Associazione Calcio Milan,Juventus Football Club,2024-11-23,346000000,304000000
Parma Calcio 1913,Atalanta Bergamasca Calcio S.p.a.,2024-11-23,65300000,236500000
Verona Hellas Football Club,Football Club Internazionale Milano S.p.A.,2024-11-23,45700000,301500000
Associazione Calcio Fiorentina,Verona Hellas Football Club,2024-11-10,124000000,51200000
Atalanta Bergamasca Calcio S.p.a.,Udinese Calcio,2024-11-10,210000000,61200000
Associazione Sportiva Roma,Bologna Football Club 1909,2024-11-10,190500000,124900000
AC Monza,Società Sportiva Lazio S.p.A.,2024-11-10,43000000,148500000
Football Club Internazionale Milano S.p.A.,Società Sportiva Calcio Napoli,2024-11-10,499500000,292000000
Juventus Football Club,Torino Calcio,2024-11-09,320000000,101000000
Venezia FC,Parma Calcio 1913,2024-11-09,32600000,63350000
Cagliari Calcio,Associazione Calcio Milan,2024-11-09,30750000,371000000
Unione Sportiva Lecce,FC Empoli,2024-11-08,54200000,36900000
Genoa Cricket and Football Club,Calcio Como,2024-11-07,64900000,59100000
FC Empoli,Calcio Como,2024-11-04,29600000,43300000
Società Sportiva Lazio S.p.A.,Cagliari Calcio,2024-11-04,154500000,39500000
Parma Calcio 1913,Genoa Cricket and Football Club,2024-11-04,81800000,68400000
Verona Hellas Football Club,Associazione Sportiva Roma,2024-11-03,47300000,212000000
Società Sportiva Calcio Napoli,Atalanta Bergamasca Calcio S.p.a.,2024-11-03,292000000,216000000
Torino Calcio,Associazione Calcio Fiorentina,2024-11-03,108000000,121000000
Football Club Internazionale Milano S.p.A.,Venezia FC,2024-11-03,480000000,22700000
Bologna Football Club 1909,Unione Sportiva Lecce,2024-11-02,117400000,53200000
AC Monza,Associazione Calcio Milan,2024-11-02,43000000,308500000
Udinese Calcio,Juventus Football Club,2024-11-02,55700000,335000000
Calcio Como,Società Sportiva Lazio S.p.A.,2024-10-31,56000000,126500000
Associazione Sportiva Roma,Torino Calcio,2024-10-31,164500000,88500000
Genoa Cricket and Football Club,Associazione Calcio Fiorentina,2024-10-31,64900000,119500000
Atalanta Bergamasca Calcio S.p.a.,AC Monza,2024-10-30,245000000,44600000
FC Empoli,Football Club Internazionale Milano S.p.A.,2024-10-30,41800000,457000000
Venezia FC,Udinese Calcio,2024-10-30,29600000,72700000
Juventus Football Club,Parma Calcio 1913,2024-10-30,275000000,80250000
Unione Sportiva Lecce,Verona Hellas Football Club,2024-10-29,53500000,49800000
Associazione Calcio Milan,Società Sportiva Calcio Napoli,2024-10-29,233500000,292000000
Cagliari Calcio,Bologna Football Club 1909,2024-10-29,40000000,119900000
AC Monza,Venezia FC,2024-10-27,53500000,29300000
Associazione Calcio Fiorentina,Associazione Sportiva Roma,2024-10-27,122000000,192500000
Football Club Internazionale Milano S.p.A.,Juventus Football Club,2024-10-27,480000000,255000000
Società Sportiva Lazio S.p.A.,Genoa Cricket and Football Club,2024-10-27,156000000,81100000
Parma Calcio 1913,FC Empoli,2024-10-27,72800000,39300000
Società Sportiva Calcio Napoli,Unione Sportiva Lecce,2024-10-26,239000000,51500000
Atalanta Bergamasca Calcio S.p.a.,Verona Hellas Football Club,2024-10-26,231000000,44200000
Udinese Calcio,Cagliari Calcio,2024-10-25,72700000,33500000
Torino Calcio,Calcio Como,2024-10-25,98500000,61500000
Verona Hellas Football Club,AC Monza,2024-10-21,44100000,53500000
Venezia FC,Atalanta Bergamasca Calcio S.p.a.,2024-10-20,28000000,234000000
Unione Sportiva Lecce,Associazione Calcio Fiorentina,2024-10-20,49400000,136000000
Associazione Sportiva Roma,Football Club Internazionale Milano S.p.A.,2024-10-20,199000000,483500000
FC Empoli,Società Sportiva Calcio Napoli,2024-10-20,41800000,275000000
Cagliari Calcio,Torino Calcio,2024-10-20,34300000,95500000
Associazione Calcio Milan,Udinese Calcio,2024-10-19,266500000,69200000
Calcio Como,Parma Calcio 1913,2024-10-19,63300000,59550000
Juventus Football Club,Società Sportiva Lazio S.p.A.,2024-10-19,332000000,177000000
Genoa Cricket and Football Club,Bologna Football Club 1909,2024-10-19,77300000,105500000
Juventus Football Club,Cagliari Calcio,2024-10-06,281450000,30300000
Società Sportiva Lazio S.p.A.,FC Empoli,2024-10-06,161000000,28600000
Bologna Football Club 1909,Parma Calcio 1913,2024-10-06,107500000,52600000
AC Monza,Associazione Sportiva Roma,2024-10-06,44900000,203000000
Associazione Calcio Fiorentina,Associazione Calcio Milan,2024-10-06,143200000,400000000
Atalanta Bergamasca Calcio S.p.a.,Genoa Cricket and Football Club,2024-10-05,217000000,87300000
Football Club Internazionale Milano S.p.A.,Torino Calcio,2024-10-05,409500000,85000000
Udinese Calcio,Unione Sportiva Lecce,2024-10-05,61500000,49600000
Verona Hellas Football Club,Venezia FC,2024-10-04,28300000,25000000
Società Sportiva Calcio Napoli,Calcio Como,2024-10-04,296000000,51300000
Parma Calcio 1913,Cagliari Calcio,2024-09-30,48450000,35800000
Società Sportiva Calcio Napoli,AC Monza,2024-09-29,296000000,51500000
Associazione Sportiva Roma,Venezia FC,2024-09-29,203000000,27400000
Calcio Como,Verona Hellas Football Club,2024-09-29,51300000,38300000
Torino Calcio,Società Sportiva Lazio S.p.A.,2024-09-29,84000000,161000000
FC Empoli,Associazione Calcio Fiorentina,2024-09-29,27500000,135700000
Bologna Football Club 1909,Atalanta Bergamasca Calcio S.p.a.,2024-09-28,135000000,230500000
Udinese Calcio,Football Club Internazionale Milano S.p.A.,2024-09-28,52000000,409500000
Genoa Cricket and Football Club,Juventus Football Club,2024-09-28,94300000,321400000
Associazione Calcio Milan,Unione Sportiva Lecce,2024-09-27,400000000,48100000
Atalanta Bergamasca Calcio S.p.a.,Calcio Como,2024-09-24,202000000,51300000
Associazione Sportiva Roma,Udinese Calcio,2024-09-22,181500000,59500000
Football Club Internazionale Milano S.p.A.,Associazione Calcio Milan,2024-09-22,508500000,400000000
Associazione Calcio Fiorentina,Società Sportiva Lazio S.p.A.,2024-09-22,117200000,134000000
AC Monza,Bologna Football Club 1909,2024-09-22,50500000,96400000
Unione Sportiva Lecce,Parma Calcio 1913,2024-09-21,51200000,50500000
Juventus Football Club,Società Sportiva Calcio Napoli,2024-09-21,359200000,302000000
Venezia FC,Genoa Cricket and Football Club,2024-09-21,25600000,74300000
Verona Hellas Football Club,Torino Calcio,2024-09-20,33300000,90000000
Cagliari Calcio,FC Empoli,2024-09-20,37900000,27500000
Società Sportiva Lazio S.p.A.,Verona Hellas Football Club,2024-09-16,161000000,35000000
Parma Calcio 1913,Udinese Calcio,2024-09-16,57500000,62000000
Torino Calcio,Unione Sportiva Lecce,2024-09-15,93000000,37600000
Atalanta Bergamasca Calcio S.p.a.,Associazione Calcio Fiorentina,2024-09-15,228000000,124500000
Genoa Cricket and Football Club,Associazione Sportiva Roma,2024-09-15,69800000,182500000
Cagliari Calcio,Società Sportiva Calcio Napoli,2024-09-15,37400000,262000000
AC Monza,Football Club Internazionale Milano S.p.A.,2024-09-15,53000000,372000000
FC Empoli,Juventus Football Club,2024-09-14,31300000,404000000
Associazione Calcio Milan,Venezia FC,2024-09-14,394000000,30500000
Calcio Como,Bologna Football Club 1909,2024-09-14,48550000,124500000
Udinese Calcio,Calcio Como,2024-09-01,61500000,44650000
Juventus Football Club,Associazione Sportiva Roma,2024-09-01,267950000,193500000
Genoa Cricket and Football Club,Verona Hellas Football Club,2024-09-01,81800000,38200000
Associazione Calcio Fiorentina,AC Monza,2024-09-01,105700000,53000000
Bologna Football Club 1909,FC Empoli,2024-08-31,123000000,30300000
Società Sportiva Lazio S.p.A.,Associazione Calcio Milan,2024-08-31,148000000,290500000
Società Sportiva Calcio Napoli,Parma Calcio 1913,2024-08-31,268000000,52600000
Unione Sportiva Lecce,Cagliari Calcio,2024-08-31,53400000,41400000
Venezia FC,Torino Calcio,2024-08-30,24400000,95000000
Football Club Internazionale Milano S.p.A.,Atalanta Bergamasca Calcio S.p.a.,2024-08-30,488500000,166500000
Cagliari Calcio,Calcio Como,2024-08-26,41400000,37350000
Verona Hellas Football Club,Juventus Football Club,2024-08-26,32700000,267950000
Società Sportiva Calcio Napoli,Bologna Football Club 1909,2024-08-25,268000000,112000000
Associazione Calcio Fiorentina,Venezia FC,2024-08-25,95200000,21000000
Torino Calcio,Atalanta Bergamasca Calcio S.p.a.,2024-08-25,92500000,185500000
Associazione Sportiva Roma,FC Empoli,2024-08-25,206000000,35200000
Football Club Internazionale Milano S.p.A.,Unione Sportiva Lecce,2024-08-24,388500000,54600000
AC Monza,Genoa Cricket and Football Club,2024-08-24,49000000,82300000
Parma Calcio 1913,Associazione Calcio Milan,2024-08-24,56100000,403000000
Udinese Calcio,Società Sportiva Lazio S.p.A.,2024-08-24,69500000,126500000
Juventus Football Club,Calcio Como,2024-08-19,294750000,30800000
Unione Sportiva Lecce,Atalanta Bergamasca Calcio S.p.a.,2024-08-19,51100000,174500000
Cagliari Calcio,Associazione Sportiva Roma,2024-08-18,41400000,208000000
Bologna Football Club 1909,Udinese Calcio,2024-08-18,115000000,75700000
Verona Hellas Football Club,Società Sportiva Calcio Napoli,2024-08-18,35300000,209500000
Società Sportiva Lazio S.p.A.,Venezia FC,2024-08-18,142000000,19100000
Associazione Calcio Milan,Torino Calcio,2024-08-17,340000000,94500000
FC Empoli,AC Monza,2024-08-17,37700000,47500000
Genoa Cricket and Football Club,Football Club Internazionale Milano S.p.A.,2024-08-17,70800000,454500000
Parma Calcio 1913,Associazione Calcio Fiorentina,2024-08-17,56100000,115700000
Atalanta Bergamasca Calcio S.p.a.,Associazione Calcio Fiorentina,2024-06-02,243000000,122500000
Atalanta Bergamasca Calcio S.p.a.,Torino Calcio,2024-05-26,230000000,104300000
Società Sportiva Calcio Napoli,Unione Sportiva Lecce,2024-05-26,239000000,47300000
FC Empoli,Associazione Sportiva Roma,2024-05-26,31100000,182000000
Frosinone Calcio,Udinese Calcio,2024-05-26,58300000,84500000
Verona Hellas Football Club,Football Club Internazionale Milano S.p.A.,2024-05-26,29500000,332000000
Società Sportiva Lazio S.p.A.,Unione Sportiva Sassuolo Calcio,2024-05-26,122000000,44100000
Juventus Football Club,AC Monza,2024-05-25,154000000,68600000
Associazione Calcio Milan,US Salernitana 1919,2024-05-25,307100000,28600000
Genoa Cricket and Football Club,Bologna Football Club 1909,2024-05-24,78600000,84350000
Cagliari Calcio,Associazione Calcio Fiorentina,2024-05-23,34200000,91000000
Bologna Football Club 1909,Juventus Football Club,2024-05-20,111000000,328000000
US Salernitana 1919,Verona Hellas Football Club,2024-05-20,34500000,40800000
Unione Sportiva Sassuolo Calcio,Cagliari Calcio,2024-05-19,67600000,35100000
AC Monza,Frosinone Calcio,2024-05-19,58800000,58300000
Udinese Calcio,FC Empoli,2024-05-19,80000000,31500000
Associazione Sportiva Roma,Genoa Cricket and Football Club,2024-05-19,163000000,65800000
Football Club Internazionale Milano S.p.A.,Società Sportiva Lazio S.p.A.,2024-05-19,474000000,122000000
Unione Sportiva Lecce,Atalanta Bergamasca Calcio S.p.a.,2024-05-18,50300000,142500000
Torino Calcio,Associazione Calcio Milan,2024-05-18,109000000,241000000
Associazione Calcio Fiorentina,Società Sportiva Calcio Napoli,2024-05-17,147500000,242000000
Associazione Calcio Fiorentina,AC Monza,2024-05-13,141500000,72500000
Unione Sportiva Lecce,Udinese Calcio,2024-05-13,48300000,80000000
Società Sportiva Lazio S.p.A.,FC Empoli,2024-05-12,112000000,31800000
Juventus Football Club,US Salernitana 1919,2024-05-12,305000000,33600000
Genoa Cricket and Football Club,Unione Sportiva Sassuolo Calcio,2024-05-12,82500000,72600000
Atalanta Bergamasca Calcio S.p.a.,Associazione Sportiva Roma,2024-05-12,199000000,169000000
Verona Hellas Football Club,Torino Calcio,2024-05-12,34600000,89500000
Società Sportiva Calcio Napoli,Bologna Football Club 1909,2024-05-11,348000000,135950000
Associazione Calcio Milan,Cagliari Calcio,2024-05-11,201500000,41900000
Frosinone Calcio,Football Club Internazionale Milano S.p.A.,2024-05-10,59300000,288000000
Udinese Calcio,Società Sportiva Calcio Napoli,2024-05-06,72700000,298000000
US Salernitana 1919,Atalanta Bergamasca Calcio S.p.a.,2024-05-06,33000000,194000000
Associazione Calcio Milan,Genoa Cricket and Football Club,2024-05-05,313500000,68000000
Associazione Sportiva Roma,Juventus Football Club,2024-05-05,177000000,340000000
Cagliari Calcio,Unione Sportiva Lecce,2024-05-05,37100000,50800000
Verona Hellas Football Club,Associazione Calcio Fiorentina,2024-05-05,38100000,83800000
FC Empoli,Frosinone Calcio,2024-05-05,37700000,59600000
Unione Sportiva Sassuolo Calcio,Football Club Internazionale Milano S.p.A.,2024-05-04,76100000,345500000
AC Monza,Società Sportiva Lazio S.p.A.,2024-05-04,82500000,121000000
Torino Calcio,Bologna Football Club 1909,2024-05-03,122000000,153000000
Genoa Cricket and Football Club,Cagliari Calcio,2024-04-29,82500000,37100000
Atalanta Bergamasca Calcio S.p.a.,FC Empoli,2024-04-28,180000000,39200000
Football Club Internazionale Milano S.p.A.,Torino Calcio,2024-04-28,448000000,122500000
Bologna Football Club 1909,Udinese Calcio,2024-04-28,133000000,79500000
Associazione Calcio Fiorentina,Unione Sportiva Sassuolo Calcio,2024-04-28,100300000,64100000
Società Sportiva Calcio Napoli,Associazione Sportiva Roma,2024-04-28,348000000,162000000
Unione Sportiva Lecce,AC Monza,2024-04-27,48500000,74000000
Juventus Football Club,Associazione Calcio Milan,2024-04-27,314000000,251500000
Società Sportiva Lazio S.p.A.,Verona Hellas Football Club,2024-04-27,130000000,38800000
Frosinone Calcio,US Salernitana 1919,2024-04-26,66100000,34700000
Udinese Calcio,Associazione Sportiva Roma,2024-04-25,79500000,152000000
Associazione Calcio Milan,Football Club Internazionale Milano S.p.A.,2024-04-22,369000000,474000000
Associazione Sportiva Roma,Bologna Football Club 1909,2024-04-22,164000000,143000000
Torino Calcio,Frosinone Calcio,2024-04-21,103200000,66100000
Unione Sportiva Sassuolo Calcio,Unione Sportiva Lecce,2024-04-21,70600000,48500000
US Salernitana 1919,Associazione Calcio Fiorentina,2024-04-21,34300000,92000000
AC Monza,Atalanta Bergamasca Calcio S.p.a.,2024-04-21,71500000,178000000
Verona Hellas Football Club,Udinese Calcio,2024-04-20,34800000,79500000
FC Empoli,Società Sportiva Calcio Napoli,2024-04-20,38200000,347000000
Cagliari Calcio,Juventus Football Club,2024-04-19,43800000,330000000
Genoa Cricket and Football Club,Società Sportiva Lazio S.p.A.,2024-04-19,87000000,94000000
Associazione Calcio Fiorentina,Genoa Cricket and Football Club,2024-04-15,95000000,67300000
Atalanta Bergamasca Calcio S.p.a.,Verona Hellas Football Club,2024-04-15,203000000,36600000
Società Sportiva Calcio Napoli,Frosinone Calcio,2024-04-14,355000000,66100000
Football Club Internazionale Milano S.p.A.,Cagliari Calcio,2024-04-14,331500000,33700000
Unione Sportiva Sassuolo Calcio,Associazione Calcio Milan,2024-04-14,67100000,275500000
Torino Calcio,Juventus Football Club,2024-04-13,112000000,335000000
Unione Sportiva Lecce,FC Empoli,2024-04-13,48800000,29700000
Bologna Football Club 1909,AC Monza,2024-04-13,153000000,68500000
Società Sportiva Lazio S.p.A.,US Salernitana 1919,2024-04-12,94000000,38600000
Udinese Calcio,Football Club Internazionale Milano S.p.A.,2024-04-08,72700000,447000000
Cagliari Calcio,Atalanta Bergamasca Calcio S.p.a.,2024-04-07,39100000,180000000
AC Monza,Società Sportiva Calcio Napoli,2024-04-07,57500000,360000000
Juventus Football Club,Associazione Calcio Fiorentina,2024-04-07,335000000,114000000
Verona Hellas Football Club,Genoa Cricket and Football Club,2024-04-07,37800000,63300000
Frosinone Calcio,Bologna Football Club 1909,2024-04-07,67600000,169000000
Associazione Calcio Milan,Unione Sportiva Lecce,2024-04-06,345000000,51800000
Associazione Sportiva Roma,Società Sportiva Lazio S.p.A.,2024-04-06,159000000,115000000
FC Empoli,Torino Calcio,2024-04-06,32400000,112000000
US Salernitana 1919,Unione Sportiva Sassuolo Calcio,2024-04-05,34700000,69600000
Unione Sportiva Sassuolo Calcio,Udinese Calcio,2024-04-01,67600000,82000000
Unione Sportiva Lecce,Associazione Sportiva Roma,2024-04-01,50300000,163000000
Cagliari Calcio,Verona Hellas Football Club,2024-04-01,37100000,36600000
Bologna Football Club 1909,US Salernitana 1919,2024-04-01,115950000,35000000
Football Club Internazionale Milano S.p.A.,FC Empoli,2024-04-01,475000000,33400000
Società Sportiva Lazio S.p.A.,Juventus Football Club,2024-03-30,114500000,257000000
Torino Calcio,AC Monza,2024-03-30,106200000,69500000
Associazione Calcio Fiorentina,Associazione Calcio Milan,2024-03-30,113500000,324000000
Genoa Cricket and Football Club,Frosinone Calcio,2024-03-30,77300000,66100000
Società Sportiva Calcio Napoli,Atalanta Bergamasca Calcio S.p.a.,2024-03-30,291000000,172000000
Verona Hellas Football Club,Associazione Calcio Milan,2024-03-17,40800000,405000000
Football Club Internazionale Milano S.p.A.,Società Sportiva Calcio Napoli,2024-03-17,474000000,274000000
Juventus Football Club,Genoa Cricket and Football Club,2024-03-17,310000000,98800000
Associazione Sportiva Roma,Unione Sportiva Sassuolo Calcio,2024-03-17,144000000,62600000
US Salernitana 1919,Unione Sportiva Lecce,2024-03-16,37300000,46800000
Udinese Calcio,Torino Calcio,2024-03-16,57300000,99200000
AC Monza,Cagliari Calcio,2024-03-16,72000000,32800000
Frosinone Calcio,Società Sportiva Lazio S.p.A.,2024-03-16,64800000,125000000
FC Empoli,Bologna Football Club 1909,2024-03-15,36400000,128000000
Società Sportiva Lazio S.p.A.,Udinese Calcio,2024-03-11,116500000,50000000
Associazione Calcio Milan,FC Empoli,2024-03-10,325000000,40900000
Juventus Football Club,Atalanta Bergamasca Calcio S.p.a.,2024-03-10,241000000,223000000
Associazione Calcio Fiorentina,Associazione Sportiva Roma,2024-03-10,115000000,167500000
Unione Sportiva Lecce,Verona Hellas Football Club,2024-03-10,52300000,32200000
Bologna Football Club 1909,Football Club Internazionale Milano S.p.A.,2024-03-09,130000000,276500000
Genoa Cricket and Football Club,AC Monza,2024-03-09,63300000,64000000
Unione Sportiva Sassuolo Calcio,Frosinone Calcio,2024-03-09,70600000,63200000
Cagliari Calcio,US Salernitana 1919,2024-03-09,34300000,34200000
Società Sportiva Calcio Napoli,Torino Calcio,2024-03-08,360000000,70500000
Football Club Internazionale Milano S.p.A.,Genoa Cricket and Football Club,2024-03-04,356500000,71300000
Frosinone Calcio,Unione Sportiva Lecce,2024-03-03,53600000,47800000
Atalanta Bergamasca Calcio S.p.a.,Bologna Football Club 1909,2024-03-03,208000000,141000000
Società Sportiva Calcio Napoli,Juventus Football Club,2024-03-03,370000000,262000000
FC Empoli,Cagliari Calcio,2024-03-03,37800000,38300000
Verona Hellas Football Club,Unione Sportiva Sassuolo Calcio,2024-03-03,31700000,101600000
Udinese Calcio,US Salernitana 1919,2024-03-02,57300000,39000000
AC Monza,Associazione Sportiva Roma,2024-03-02,66000000,181500000
Torino Calcio,Associazione Calcio Fiorentina,2024-03-02,93500000,123500000
Società Sportiva Lazio S.p.A.,Associazione Calcio Milan,2024-03-01,132000000,302000000
Unione Sportiva Sassuolo Calcio,Società Sportiva Calcio Napoli,2024-02-28,80400000,365000000
Football Club Internazionale Milano S.p.A.,Atalanta Bergamasca Calcio S.p.a.,2024-02-28,377000000,193500000
Associazione Calcio Fiorentina,Società Sportiva Lazio S.p.A.,2024-02-26,123500000,138500000
Associazione Sportiva Roma,Torino Calcio,2024-02-26,155000000,76500000
Unione Sportiva Lecce,Football Club Internazionale Milano S.p.A.,2024-02-25,36500000,281500000
Juventus Football Club,Frosinone Calcio,2024-02-25,313000000,54800000
Cagliari Calcio,Società Sportiva Calcio Napoli,2024-02-25,38300000,381000000
Associazione Calcio Milan,Atalanta Bergamasca Calcio S.p.a.,2024-02-25,330000000,200500000
Unione Sportiva Sassuolo Calcio,FC Empoli,2024-02-24,85400000,38700000
US Salernitana 1919,AC Monza,2024-02-24,33800000,71000000
Genoa Cricket and Football Club,Udinese Calcio,2024-02-24,71300000,71300000
Bologna Football Club 1909,Verona Hellas Football Club,2024-02-23,139000000,35500000
Torino Calcio,Società Sportiva Lazio S.p.A.,2024-02-22,77000000,119000000
Società Sportiva Lazio S.p.A.,Bologna Football Club 1909,2024-02-18,110500000,134500000
Udinese Calcio,Cagliari Calcio,2024-02-18,71300000,35300000
AC Monza,Associazione Calcio Milan,2024-02-18,71000000,252000000
FC Empoli,Associazione Calcio Fiorentina,2024-02-18,35500000,117500000
Frosinone Calcio,Associazione Sportiva Roma,2024-02-18,60600000,135000000
Atalanta Bergamasca Calcio S.p.a.,Unione Sportiva Sassuolo Calcio,2024-02-17,196500000,84800000
Verona Hellas Football Club,Juventus Football Club,2024-02-17,29000000,235000000
Società Sportiva Calcio Napoli,Genoa Cricket and Football Club,2024-02-17,267000000,71300000
Torino Calcio,Unione Sportiva Lecce,2024-02-16,87500000,47300000
Football Club Internazionale Milano S.p.A.,US Salernitana 1919,2024-02-16,445000000,45000000
Bologna Football Club 1909,Associazione Calcio Fiorentina,2024-02-14,134950000,125000000
Juventus Football Club,Udinese Calcio,2024-02-12,260000000,71300000
Genoa Cricket and Football Club,Atalanta Bergamasca Calcio S.p.a.,2024-02-11,69300000,204000000
Associazione Calcio Fiorentina,Frosinone Calcio,2024-02-11,132500000,64500000
Associazione Calcio Milan,Società Sportiva Calcio Napoli,2024-02-11,315000000,256500000
Bologna Football Club 1909,Unione Sportiva Lecce,2024-02-11,141000000,46800000
AC Monza,Verona Hellas Football Club,2024-02-11,72500000,35000000
Unione Sportiva Sassuolo Calcio,Torino Calcio,2024-02-10,86000000,81500000
Cagliari Calcio,Società Sportiva Lazio S.p.A.,2024-02-10,31200000,119000000
Associazione Sportiva Roma,Football Club Internazionale Milano S.p.A.,2024-02-10,159000000,449000000
US Salernitana 1919,FC Empoli,2024-02-09,48900000,34500000
Associazione Sportiva Roma,Cagliari Calcio,2024-02-05,164500000,42800000
Atalanta Bergamasca Calcio S.p.a.,Società Sportiva Lazio S.p.A.,2024-02-04,173500000,136500000
Società Sportiva Calcio Napoli,Verona Hellas Football Club,2024-02-04,242500000,32200000
Football Club Internazionale Milano S.p.A.,Juventus Football Club,2024-02-04,449000000,281000000
Torino Calcio,US Salernitana 1919,2024-02-04,83000000,30900000
FC Empoli,Genoa Cricket and Football Club,2024-02-03,35000000,81300000
Frosinone Calcio,Associazione Calcio Milan,2024-02-03,61500000,303000000
Udinese Calcio,AC Monza,2024-02-03,56300000,64000000
Bologna Football Club 1909,Unione Sportiva Sassuolo Calcio,2024-02-03,126000000,79000000
Unione Sportiva Lecce,Associazione Calcio Fiorentina,2024-02-02,48500000,75000000
US Salernitana 1919,Associazione Sportiva Roma,2024-01-29,33700000,173500000
Associazione Calcio Fiorentina,Football Club Internazionale Milano S.p.A.,2024-01-28,90500000,348000000
Società Sportiva Lazio S.p.A.,Società Sportiva Calcio Napoli,2024-01-28,126500000,177500000
AC Monza,Unione Sportiva Sassuolo Calcio,2024-01-28,68000000,82100000
Genoa Cricket and Football Club,Unione Sportiva Lecce,2024-01-28,75200000,45000000
Verona Hellas Football Club,Frosinone Calcio,2024-01-28,31000000,58500000
Associazione Calcio Milan,Bologna Football Club 1909,2024-01-27,303000000,112400000
Atalanta Bergamasca Calcio S.p.a.,Udinese Calcio,2024-01-27,185500000,73000000
Juventus Football Club,FC Empoli,2024-01-27,243000000,35500000
Cagliari Calcio,Torino Calcio,2024-01-26,37500000,102000000
FC Empoli,AC Monza,2024-01-21,33000000,61300000
Frosinone Calcio,Cagliari Calcio,2024-01-21,65100000,41300000
Unione Sportiva Lecce,Juventus Football Club,2024-01-21,49800000,256000000
US Salernitana 1919,Genoa Cricket and Football Club,2024-01-21,30700000,75800000
Udinese Calcio,Associazione Calcio Milan,2024-01-20,73000000,303000000
Associazione Sportiva Roma,Verona Hellas Football Club,2024-01-20,141500000,27800000
Juventus Football Club,Unione Sportiva Sassuolo Calcio,2024-01-16,259000000,100600000
Atalanta Bergamasca Calcio S.p.a.,Frosinone Calcio,2024-01-15,218000000,64750000
Cagliari Calcio,Bologna Football Club 1909,2024-01-14,41800000,102000000
Associazione Calcio Milan,Associazione Sportiva Roma,2024-01-14,303000000,136000000
Associazione Calcio Fiorentina,Udinese Calcio,2024-01-14,83000000,73000000
Società Sportiva Lazio S.p.A.,Unione Sportiva Lecce,2024-01-14,133000000,49800000
Società Sportiva Calcio Napoli,US Salernitana 1919,2024-01-13,212000000,27000000
Genoa Cricket and Football Club,Torino Calcio,2024-01-13,71300000,113000000
Verona Hellas Football Club,FC Empoli,2024-01-13,41300000,38300000
AC Monza,Football Club Internazionale Milano S.p.A.,2024-01-13,54800000,453000000
US Salernitana 1919,Juventus Football Club,2024-01-07,31300000,250000000
FC Empoli,Associazione Calcio Milan,2024-01-07,48600000,301000000
Udinese Calcio,Società Sportiva Lazio S.p.A.,2024-01-07,54000000,140000000
Associazione Sportiva Roma,Atalanta Bergamasca Calcio S.p.a.,2024-01-07,184500000,200500000
Torino Calcio,Società Sportiva Calcio Napoli,2024-01-07,113000000,256500000
Unione Sportiva Sassuolo Calcio,Associazione Calcio Fiorentina,2024-01-06,99100000,102500000
Frosinone Calcio,AC Monza,2024-01-06,64550000,66300000
Football Club Internazionale Milano S.p.A.,Verona Hellas Football Club,2024-01-06,441000000,38500000
Unione Sportiva Lecce,Cagliari Calcio,2024-01-06,54800000,39200000
Bologna Football Club 1909,Genoa Cricket and Football Club,2024-01-05,102450000,74300000
Cagliari Calcio,FC Empoli,2023-12-30,27800000,35300000
Udinese Calcio,Bologna Football Club 1909,2023-12-30,57500000,129500000
Juventus Football Club,Associazione Sportiva Roma,2023-12-30,280000000,184500000
Verona Hellas Football Club,US Salernitana 1919,2023-12-30,43100000,34600000
Atalanta Bergamasca Calcio S.p.a.,Unione Sportiva Lecce,2023-12-30,195000000,46300000
Associazione Calcio Milan,Unione Sportiva Sassuolo Calcio,2023-12-30,328000000,95100000
Genoa Cricket and Football Club,Football Club Internazionale Milano S.p.A.,2023-12-29,68300000,279000000
Società Sportiva Calcio Napoli,AC Monza,2023-12-29,280500000,58300000
Società Sportiva Lazio S.p.A.,Frosinone Calcio,2023-12-29,138000000,59200000
Associazione Calcio Fiorentina,Torino Calcio,2023-12-29,96000000,110500000
Frosinone Calcio,Juventus Football Club,2023-12-23,50550000,212000000
Associazione Sportiva Roma,Società Sportiva Calcio Napoli,2023-12-23,165500000,370000000
Verona Hellas Football Club,Cagliari Calcio,2023-12-23,41600000,35500000
Bologna Football Club 1909,Atalanta Bergamasca Calcio S.p.a.,2023-12-23,137500000,220000000
Torino Calcio,Udinese Calcio,2023-12-23,115500000,74500000
Football Club Internazionale Milano S.p.A.,Unione Sportiva Lecce,2023-12-23,279000000,55800000
US Salernitana 1919,Associazione Calcio Milan,2023-12-22,50500000,366000000
AC Monza,Associazione Calcio Fiorentina,2023-12-22,65300000,99000000
Unione Sportiva Sassuolo Calcio,Genoa Cricket and Football Club,2023-12-22,80800000,78300000
FC Empoli,Società Sportiva Lazio S.p.A.,2023-12-22,43100000,131000000
Atalanta Bergamasca Calcio S.p.a.,US Salernitana 1919,2023-12-18,196000000,61400000
Associazione Calcio Fiorentina,Verona Hellas Football Club,2023-12-17,94000000,39500000
Bologna Football Club 1909,Associazione Sportiva Roma,2023-12-17,97950000,154000000
Associazione Calcio Milan,AC Monza,2023-12-17,328500000,59800000
Udinese Calcio,Unione Sportiva Sassuolo Calcio,2023-12-17,60500000,98000000
Società Sportiva Lazio S.p.A.,Football Club Internazionale Milano S.p.A.,2023-12-17,177500000,386000000
Unione Sportiva Lecce,Frosinone Calcio,2023-12-16,49300000,33450000
Torino Calcio,FC Empoli,2023-12-16,102000000,36400000
Società Sportiva Calcio Napoli,Cagliari Calcio,2023-12-16,391500000,29700000
Genoa Cricket and Football Club,Juventus Football Club,2023-12-15,58000000,282000000
Cagliari Calcio,Unione Sportiva Sassuolo Calcio,2023-12-11,26000000,81500000
FC Empoli,Unione Sportiva Lecce,2023-12-11,35000000,44300000
US Salernitana 1919,Bologna Football Club 1909,2023-12-10,60500000,101000000
AC Monza,Genoa Cricket and Football Club,2023-12-10,62300000,63000000
Frosinone Calcio,Torino Calcio,2023-12-10,31650000,118500000
Associazione Sportiva Roma,Associazione Calcio Fiorentina,2023-12-10,221000000,85500000
Football Club Internazionale Milano S.p.A.,Udinese Calcio,2023-12-09,386000000,66500000
Atalanta Bergamasca Calcio S.p.a.,Associazione Calcio Milan,2023-12-09,211000000,286000000
Verona Hellas Football Club,Società Sportiva Lazio S.p.A.,2023-12-09,37200000,168500000
Juventus Football Club,Società Sportiva Calcio Napoli,2023-12-08,307000000,416500000
Torino Calcio,Atalanta Bergamasca Calcio S.p.a.,2023-12-04,102000000,202000000
Udinese Calcio,Verona Hellas Football Club,2023-12-03,65500000,35200000
Unione Sportiva Lecce,Bologna Football Club 1909,2023-12-03,54300000,93000000
Società Sportiva Calcio Napoli,Football Club Internazionale Milano S.p.A.,2023-12-03,414000000,355000000
Associazione Calcio Fiorentina,US Salernitana 1919,2023-12-03,91500000,42100000
Unione Sportiva Sassuolo Calcio,Associazione Sportiva Roma,2023-12-03,101500000,185000000
Associazione Calcio Milan,Frosinone Calcio,2023-12-02,290000000,31950000
Società Sportiva Lazio S.p.A.,Cagliari Calcio,2023-12-02,120000000,30100000
Genoa Cricket and Football Club,FC Empoli,2023-12-02,62000000,32800000
AC Monza,Juventus Football Club,2023-12-01,56600000,267000000
Bologna Football Club 1909,Torino Calcio,2023-11-27,98000000,97300000
Verona Hellas Football Club,Unione Sportiva Lecce,2023-11-27,38900000,46500000
Associazione Sportiva Roma,Udinese Calcio,2023-11-26,205000000,74500000
Cagliari Calcio,AC Monza,2023-11-26,32800000,60100000
Juventus Football Club,Football Club Internazionale Milano S.p.A.,2023-11-26,266000000,355000000
Frosinone Calcio,Genoa Cricket and Football Club,2023-11-26,39050000,42300000
FC Empoli,Unione Sportiva Sassuolo Calcio,2023-11-26,34800000,100500000
US Salernitana 1919,Società Sportiva Lazio S.p.A.,2023-11-25,43200000,152500000
Atalanta Bergamasca Calcio S.p.a.,Società Sportiva Calcio Napoli,2023-11-25,214000000,332500000
Associazione Calcio Milan,Associazione Calcio Fiorentina,2023-11-25,307000000,121500000
Udinese Calcio,Atalanta Bergamasca Calcio S.p.a.,2023-11-12,74500000,142000000
Società Sportiva Lazio S.p.A.,Associazione Sportiva Roma,2023-11-12,130000000,185000000
Società Sportiva Calcio Napoli,FC Empoli,2023-11-12,253500000,34800000
Football Club Internazionale Milano S.p.A.,Frosinone Calcio,2023-11-12,407000000,35900000
Associazione Calcio Fiorentina,Bologna Football Club 1909,2023-11-12,123500000,102000000
Juventus Football Club,Cagliari Calcio,2023-11-11,217000000,29800000
AC Monza,Torino Calcio,2023-11-11,57500000,103000000
Unione Sportiva Lecce,Associazione Calcio Milan,2023-11-11,48800000,358000000
Genoa Cricket and Football Club,Verona Hellas Football Club,2023-11-10,43100000,43700000
Unione Sportiva Sassuolo Calcio,US Salernitana 1919,2023-11-10,75500000,62200000
Torino Calcio,Unione Sportiva Sassuolo Calcio,2023-11-06,107000000,96500000
Frosinone Calcio,FC Empoli,2023-11-06,35400000,31500000
Associazione Calcio Fiorentina,Juventus Football Club,2023-11-05,125000000,247000000
Associazione Sportiva Roma,Unione Sportiva Lecce,2023-11-05,184000000,41800000
Verona Hellas Football Club,AC Monza,2023-11-05,39500000,58800000
Cagliari Calcio,Genoa Cricket and Football Club,2023-11-05,26100000,59800000
Associazione Calcio Milan,Udinese Calcio,2023-11-04,289000000,74500000
US Salernitana 1919,Società Sportiva Calcio Napoli,2023-11-04,56300000,346000000
Atalanta Bergamasca Calcio S.p.a.,Football Club Internazionale Milano S.p.A.,2023-11-04,202000000,391000000
Bologna Football Club 1909,Società Sportiva Lazio S.p.A.,2023-11-03,91000000,138000000
Società Sportiva Lazio S.p.A.,Associazione Calcio Fiorentina,2023-10-30,166500000,129500000
FC Empoli,Atalanta Bergamasca Calcio S.p.a.,2023-10-30,36900000,201000000
Football Club Internazionale Milano S.p.A.,Associazione Sportiva Roma,2023-10-29,443000000,176000000
AC Monza,Udinese Calcio,2023-10-29,61300000,74500000
Società Sportiva Calcio Napoli,Associazione Calcio Milan,2023-10-29,322000000,359000000
Cagliari Calcio,Frosinone Calcio,2023-10-29,27400000,25750000
Juventus Football Club,Verona Hellas Football Club,2023-10-28,271000000,40000000
Unione Sportiva Lecce,Torino Calcio,2023-10-28,44300000,83400000
Unione Sportiva Sassuolo Calcio,Bologna Football Club 1909,2023-10-28,96500000,70200000
Genoa Cricket and Football Club,US Salernitana 1919,2023-10-27,72500000,66000000
Associazione Calcio Fiorentina,FC Empoli,2023-10-23,116500000,36900000
Udinese Calcio,Unione Sportiva Lecce,2023-10-23,73000000,50800000
US Salernitana 1919,Cagliari Calcio,2023-10-22,53700000,27900000
Bologna Football Club 1909,Frosinone Calcio,2023-10-22,77400000,41950000
Associazione Sportiva Roma,AC Monza,2023-10-22,168000000,56300000
Associazione Calcio Milan,Juventus Football Club,2023-10-22,259100000,209000000
Atalanta Bergamasca Calcio S.p.a.,Genoa Cricket and Football Club,2023-10-22,195000000,52400000
Unione Sportiva Sassuolo Calcio,Società Sportiva Lazio S.p.A.,2023-10-21,88000000,138000000
Verona Hellas Football Club,Società Sportiva Calcio Napoli,2023-10-21,42200000,306000000
Torino Calcio,Football Club Internazionale Milano S.p.A.,2023-10-21,97200000,367000000
Cagliari Calcio,Associazione Sportiva Roma,2023-10-08,33900000,193000000
Frosinone Calcio,Verona Hellas Football Club,2023-10-08,35300000,29600000
Società Sportiva Lazio S.p.A.,Atalanta Bergamasca Calcio S.p.a.,2023-10-08,186000000,171000000
Società Sportiva Calcio Napoli,Associazione Calcio Fiorentina,2023-10-08,408500000,91300000
AC Monza,US Salernitana 1919,2023-10-08,53400000,60800000
Juventus Football Club,Torino Calcio,2023-10-07,234000000,114700000
Genoa Cricket and Football Club,Associazione Calcio Milan,2023-10-07,52200000,260000000
Football Club Internazionale Milano S.p.A.,Bologna Football Club 1909,2023-10-07,410000000,62400000
Unione Sportiva Lecce,Unione Sportiva Sassuolo Calcio,2023-10-06,41900000,90000000
FC Empoli,Udinese Calcio,2023-10-06,47400000,72700000
Unione Sportiva Sassuolo Calcio,AC Monza,2023-10-02,95000000,61300000
Associazione Calcio Fiorentina,Cagliari Calcio,2023-10-02,109300000,40000000
Torino Calcio,Verona Hellas Football Club,2023-10-02,102700000,27050000
Udinese Calcio,Genoa Cricket and Football Club,2023-10-01,69200000,67000000
Bologna Football Club 1909,FC Empoli,2023-10-01,75600000,49700000
Atalanta Bergamasca Calcio S.p.a.,Juventus Football Club,2023-10-01,187000000,266000000
Associazione Sportiva Roma,Frosinone Calcio,2023-10-01,215000000,26450000
Unione Sportiva Lecce,Società Sportiva Calcio Napoli,2023-09-30,41400000,316500000
Associazione Calcio Milan,Società Sportiva Lazio S.p.A.,2023-09-30,334500000,186000000
US Salernitana 1919,Football Club Internazionale Milano S.p.A.,2023-09-30,61500000,261000000
Frosinone Calcio,Associazione Calcio Fiorentina,2023-09-28,34150000,112500000
Genoa Cricket and Football Club,Associazione Sportiva Roma,2023-09-28,47300000,223000000
AC Monza,Bologna Football Club 1909,2023-09-28,59300000,69700000
Football Club Internazionale Milano S.p.A.,Unione Sportiva Sassuolo Calcio,2023-09-27,374000000,97500000
FC Empoli,US Salernitana 1919,2023-09-27,41900000,43100000
Società Sportiva Lazio S.p.A.,Torino Calcio,2023-09-27,168000000,113000000
Verona Hellas Football Club,Atalanta Bergamasca Calcio S.p.a.,2023-09-27,35400000,156000000
Cagliari Calcio,Associazione Calcio Milan,2023-09-27,35700000,240500000
Società Sportiva Calcio Napoli,Udinese Calcio,2023-09-27,398500000,66200000
Juventus Football Club,Unione Sportiva Lecce,2023-09-26,246000000,40700000
Udinese Calcio,Associazione Calcio Fiorentina,2023-09-24,70200000,92000000
Torino Calcio,Associazione Sportiva Roma,2023-09-24,91700000,193000000
FC Empoli,Football Club Internazionale Milano S.p.A.,2023-09-24,50600000,336000000
Atalanta Bergamasca Calcio S.p.a.,Cagliari Calcio,2023-09-24,189000000,29900000
Bologna Football Club 1909,Società Sportiva Calcio Napoli,2023-09-24,100500000,428500000
Associazione Calcio Milan,Verona Hellas Football Club,2023-09-23,228000000,33900000
Unione Sportiva Sassuolo Calcio,Juventus Football Club,2023-09-23,97000000,312000000
Società Sportiva Lazio S.p.A.,AC Monza,2023-09-23,153500000,62800000
US Salernitana 1919,Frosinone Calcio,2023-09-22,43100000,35950000
Unione Sportiva Lecce,Genoa Cricket and Football Club,2023-09-22,37200000,52200000
US Salernitana 1919,Torino Calcio,2023-09-18,42500000,92700000
Verona Hellas Football Club,Bologna Football Club 1909,2023-09-18,41900000,86900000
Frosinone Calcio,Unione Sportiva Sassuolo Calcio,2023-09-17,23950000,97000000
Associazione Calcio Fiorentina,Atalanta Bergamasca Calcio S.p.a.,2023-09-17,119500000,190000000
Associazione Sportiva Roma,FC Empoli,2023-09-17,203000000,34800000
AC Monza,Unione Sportiva Lecce,2023-09-17,53300000,35900000
Cagliari Calcio,Udinese Calcio,2023-09-17,23000000,77000000
Genoa Cricket and Football Club,Società Sportiva Calcio Napoli,2023-09-16,52200000,407500000
Juventus Football Club,Società Sportiva Lazio S.p.A.,2023-09-16,312000000,180000000
Football Club Internazionale Milano S.p.A.,Associazione Calcio Milan,2023-09-16,374000000,316500000
Torino Calcio,Genoa Cricket and Football Club,2023-09-03,105500000,59800000
FC Empoli,Juventus Football Club,2023-09-03,51000000,306000000
Football Club Internazionale Milano S.p.A.,Associazione Calcio Fiorentina,2023-09-03,378000000,131000000
Unione Sportiva Lecce,US Salernitana 1919,2023-09-03,35900000,41100000
Udinese Calcio,Frosinone Calcio,2023-09-02,73900000,25450000
Bologna Football Club 1909,Cagliari Calcio,2023-09-02,99000000,32700000
Atalanta Bergamasca Calcio S.p.a.,AC Monza,2023-09-02,181000000,61800000
Società Sportiva Calcio Napoli,Società Sportiva Lazio S.p.A.,2023-09-02,424500000,180000000
Associazione Sportiva Roma,Associazione Calcio Milan,2023-09-01,131000000,353000000
Unione Sportiva Sassuolo Calcio,Verona Hellas Football Club,2023-09-01,95000000,37100000
Cagliari Calcio,Football Club Internazionale Milano S.p.A.,2023-08-28,21500000,378000000
US Salernitana 1919,Udinese Calcio,2023-08-28,62000000,73900000
Juventus Football Club,Bologna Football Club 1909,2023-08-27,299000000,82000000
Associazione Calcio Fiorentina,Unione Sportiva Lecce,2023-08-27,133500000,46700000
Società Sportiva Calcio Napoli,Unione Sportiva Sassuolo Calcio,2023-08-27,374500000,92000000
Società Sportiva Lazio S.p.A.,Genoa Cricket and Football Club,2023-08-27,182500000,59800000
Verona Hellas Football Club,Associazione Sportiva Roma,2023-08-26,37400000,181000000
Frosinone Calcio,Atalanta Bergamasca Calcio S.p.a.,2023-08-26,18650000,175000000
AC Monza,FC Empoli,2023-08-26,61800000,45300000
Associazione Calcio Milan,Torino Calcio,2023-08-26,353000000,121000000
Torino Calcio,Cagliari Calcio,2023-08-21,120500000,21800000
Bologna Football Club 1909,Associazione Calcio Milan,2023-08-21,87000000,353000000
Udinese Calcio,Juventus Football Club,2023-08-20,86000000,285000000
Unione Sportiva Lecce,Società Sportiva Lazio S.p.A.,2023-08-20,44600000,165500000
Associazione Sportiva Roma,US Salernitana 1919,2023-08-20,122000000,38500000
Unione Sportiva Sassuolo Calcio,Atalanta Bergamasca Calcio S.p.a.,2023-08-20,92500000,175000000
Frosinone Calcio,Società Sportiva Calcio Napoli,2023-08-19,17650000,340500000
FC Empoli,Verona Hellas Football Club,2023-08-19,48500000,35600000
Genoa Cricket and Football Club,Associazione Calcio Fiorentina,2023-08-19,55900000,98800000
Football Club Internazionale Milano S.p.A.,AC Monza,2023-08-19,378000000,56600000
Associazione Calcio Milan,Verona Hellas Football Club,2023-06-04,344000000,34500000
Udinese Calcio,Juventus Football Club,2023-06-04,84000000,196500000
Unione Sportiva Lecce,Bologna Football Club 1909,2023-06-04,59000000,72300000
Atalanta Bergamasca Calcio S.p.a.,AC Monza,2023-06-04,195500000,70300000
Associazione Sportiva Roma,Spezia Calcio,2023-06-04,154800000,41100000
Società Sportiva Calcio Napoli,UC Sampdoria,2023-06-04,412000000,24400000
FC Empoli,Società Sportiva Lazio S.p.A.,2023-06-03,41700000,167000000
Torino Calcio,Football Club Internazionale Milano S.p.A.,2023-06-03,123000000,305500000
Unione Sportiva Cremonese S.p.A.,US Salernitana 1919,2023-06-03,24550000,41300000
Unione Sportiva Sassuolo Calcio,Associazione Calcio Fiorentina,2023-06-02,84300000,114100000
AC Monza,Unione Sportiva Lecce,2023-05-28,84300000,47000000
Società Sportiva Lazio S.p.A.,Unione Sportiva Cremonese S.p.A.,2023-05-28,194000000,20650000
Juventus Football Club,Associazione Calcio Milan,2023-05-28,239000000,344000000
Verona Hellas Football Club,FC Empoli,2023-05-28,32000000,40400000
Bologna Football Club 1909,Società Sportiva Calcio Napoli,2023-05-28,86800000,407000000
Football Club Internazionale Milano S.p.A.,Atalanta Bergamasca Calcio S.p.a.,2023-05-27,387000000,195500000
Spezia Calcio,Torino Calcio,2023-05-27,41400000,123000000
US Salernitana 1919,Udinese Calcio,2023-05-27,36800000,62000000
Associazione Calcio Fiorentina,Associazione Sportiva Roma,2023-05-27,84300000,70300000
UC Sampdoria,Unione Sportiva Sassuolo Calcio,2023-05-26,31800000,75200000
FC Empoli,Juventus Football Club,2023-05-22,46900000,247100000
Associazione Sportiva Roma,US Salernitana 1919,2023-05-22,102500000,51500000
Udinese Calcio,Società Sportiva Lazio S.p.A.,2023-05-21,90500000,206500000
Unione Sportiva Lecce,Spezia Calcio,2023-05-21,51500000,44900000
Torino Calcio,Associazione Calcio Fiorentina,2023-05-21,112000000,75300000
Società Sportiva Calcio Napoli,Football Club Internazionale Milano S.p.A.,2023-05-21,465000000,252500000
Associazione Calcio Milan,UC Sampdoria,2023-05-20,344000000,35600000
Unione Sportiva Cremonese S.p.A.,Bologna Football Club 1909,2023-05-20,39300000,93300000
Atalanta Bergamasca Calcio S.p.a.,Verona Hellas Football Club,2023-05-20,183500000,33800000
Unione Sportiva Sassuolo Calcio,AC Monza,2023-05-19,110300000,73800000
UC Sampdoria,FC Empoli,2023-05-15,36100000,61500000
AC Monza,Società Sportiva Calcio Napoli,2023-05-14,80300000,302000000
Bologna Football Club 1909,Associazione Sportiva Roma,2023-05-14,77900000,113300000
Juventus Football Club,Unione Sportiva Cremonese S.p.A.,2023-05-14,273000000,40200000
Verona Hellas Football Club,Torino Calcio,2023-05-14,42300000,97000000
Associazione Calcio Fiorentina,Udinese Calcio,2023-05-14,102800000,65500000
Spezia Calcio,Associazione Calcio Milan,2023-05-13,41400000,298000000
US Salernitana 1919,Atalanta Bergamasca Calcio S.p.a.,2023-05-13,62400000,166500000
Football Club Internazionale Milano S.p.A.,Unione Sportiva Sassuolo Calcio,2023-05-13,141500000,105300000
Società Sportiva Lazio S.p.A.,Unione Sportiva Lecce,2023-05-12,210000000,59000000
Unione Sportiva Sassuolo Calcio,Bologna Football Club 1909,2023-05-08,95300000,89800000
Udinese Calcio,UC Sampdoria,2023-05-08,60000000,35000000
FC Empoli,US Salernitana 1919,2023-05-08,61500000,54900000
Atalanta Bergamasca Calcio S.p.a.,Juventus Football Club,2023-05-07,170500000,140500000
Unione Sportiva Lecce,Verona Hellas Football Club,2023-05-07,55500000,45000000
Torino Calcio,AC Monza,2023-05-07,98500000,52300000
Società Sportiva Calcio Napoli,Associazione Calcio Fiorentina,2023-05-07,338000000,131000000
Associazione Calcio Milan,Società Sportiva Lazio S.p.A.,2023-05-06,354000000,202500000
Unione Sportiva Cremonese S.p.A.,Spezia Calcio,2023-05-06,36200000,42400000
Associazione Sportiva Roma,Football Club Internazionale Milano S.p.A.,2023-05-06,165000000,323000000
FC Empoli,Bologna Football Club 1909,2023-05-04,59900000,88000000
Udinese Calcio,Società Sportiva Calcio Napoli,2023-05-04,85900000,450000000
UC Sampdoria,Torino Calcio,2023-05-03,34300000,114000000
Società Sportiva Lazio S.p.A.,Unione Sportiva Sassuolo Calcio,2023-05-03,146000000,88200000
Verona Hellas Football Club,Football Club Internazionale Milano S.p.A.,2023-05-03,44300000,223000000
Atalanta Bergamasca Calcio S.p.a.,Spezia Calcio,2023-05-03,171000000,48600000
AC Monza,Associazione Sportiva Roma,2023-05-03,70300000,189500000
Juventus Football Club,Unione Sportiva Lecce,2023-05-03,228000000,53250000
US Salernitana 1919,Associazione Calcio Fiorentina,2023-05-03,55000000,135500000
Associazione Calcio Milan,Unione Sportiva Cremonese S.p.A.,2023-05-03,227000000,38900000
Unione Sportiva Cremonese S.p.A.,Verona Hellas Football Club,2023-04-30,40100000,42000000
Football Club Internazionale Milano S.p.A.,Società Sportiva Lazio S.p.A.,2023-04-30,268000000,201500000
Società Sportiva Calcio Napoli,US Salernitana 1919,2023-04-30,467000000,47400000
Unione Sportiva Sassuolo Calcio,FC Empoli,2023-04-30,85800000,62000000
Associazione Calcio Fiorentina,UC Sampdoria,2023-04-30,133100000,35500000
Bologna Football Club 1909,Juventus Football Club,2023-04-30,92000000,203500000
Torino Calcio,Atalanta Bergamasca Calcio S.p.a.,2023-04-29,85000000,195500000
Associazione Sportiva Roma,Associazione Calcio Milan,2023-04-29,200000000,368000000
Unione Sportiva Lecce,Udinese Calcio,2023-04-28,57500000,85900000
Spezia Calcio,AC Monza,2023-04-28,47300000,70300000
Atalanta Bergamasca Calcio S.p.a.,Associazione Sportiva Roma,2023-04-24,170500000,196500000
Udinese Calcio,Unione Sportiva Cremonese S.p.A.,2023-04-23,89300000,37000000
Associazione Calcio Milan,Unione Sportiva Lecce,2023-04-23,365000000,48500000
AC Monza,Associazione Calcio Fiorentina,2023-04-23,70300000,130500000
FC Empoli,Football Club Internazionale Milano S.p.A.,2023-04-23,47700000,163500000
Juventus Football Club,Società Sportiva Calcio Napoli,2023-04-23,150500000,431000000
Società Sportiva Lazio S.p.A.,Torino Calcio,2023-04-22,172500000,101500000
US Salernitana 1919,Unione Sportiva Sassuolo Calcio,2023-04-22,44700000,94800000
UC Sampdoria,Spezia Calcio,2023-04-22,37200000,34900000
Verona Hellas Football Club,Bologna Football Club 1909,2023-04-21,44300000,87500000
Associazione Calcio Fiorentina,Atalanta Bergamasca Calcio S.p.a.,2023-04-17,139500000,180500000
Unione Sportiva Sassuolo Calcio,Juventus Football Club,2023-04-16,110300000,232600000
Torino Calcio,US Salernitana 1919,2023-04-16,90000000,48900000
Unione Sportiva Lecce,UC Sampdoria,2023-04-16,55500000,35200000
Associazione Sportiva Roma,Udinese Calcio,2023-04-16,137000000,89300000
Bologna Football Club 1909,Associazione Calcio Milan,2023-04-15,80000000,174500000
Società Sportiva Calcio Napoli,Verona Hellas Football Club,2023-04-15,268000000,43800000
Football Club Internazionale Milano S.p.A.,AC Monza,2023-04-15,277000000,69300000
Spezia Calcio,Società Sportiva Lazio S.p.A.,2023-04-14,42400000,190500000
Unione Sportiva Cremonese S.p.A.,FC Empoli,2023-04-14,41200000,47200000
Atalanta Bergamasca Calcio S.p.a.,Bologna Football Club 1909,2023-04-08,203500000,72000000
Torino Calcio,Associazione Sportiva Roma,2023-04-08,92500000,143500000
Verona Hellas Football Club,Unione Sportiva Sassuolo Calcio,2023-04-08,46700000,114800000
Associazione Calcio Fiorentina,Spezia Calcio,2023-04-08,107000000,41400000
Udinese Calcio,AC Monza,2023-04-08,95800000,65300000
Società Sportiva Lazio S.p.A.,Juventus Football Club,2023-04-08,201500000,256500000
UC Sampdoria,Unione Sportiva Cremonese S.p.A.,2023-04-08,36300000,33100000
US Salernitana 1919,Football Club Internazionale Milano S.p.A.,2023-04-07,39900000,226000000
Unione Sportiva Lecce,Società Sportiva Calcio Napoli,2023-04-07,54000000,378000000
Associazione Calcio Milan,FC Empoli,2023-04-07,313000000,47200000
Unione Sportiva Sassuolo Calcio,Torino Calcio,2023-04-03,119800000,103500000
FC Empoli,Unione Sportiva Lecce,2023-04-03,47100000,58700000
Associazione Sportiva Roma,UC Sampdoria,2023-04-02,186000000,36300000
Spezia Calcio,US Salernitana 1919,2023-04-02,40900000,53100000
Bologna Football Club 1909,Udinese Calcio,2023-04-02,69500000,84700000
AC Monza,Società Sportiva Lazio S.p.A.,2023-04-02,72000000,193500000
Società Sportiva Calcio Napoli,Associazione Calcio Milan,2023-04-02,366000000,368000000
Unione Sportiva Cremonese S.p.A.,Atalanta Bergamasca Calcio S.p.a.,2023-04-01,33700000,139500000
Juventus Football Club,Verona Hellas Football Club,2023-04-01,160400000,36500000
Football Club Internazionale Milano S.p.A.,Associazione Calcio Fiorentina,2023-04-01,287000000,100000000
Società Sportiva Lazio S.p.A.,Associazione Sportiva Roma,2023-03-19,170000000,210000000
UC Sampdoria,Verona Hellas Football Club,2023-03-19,38500000,39300000
Torino Calcio,Società Sportiva Calcio Napoli,2023-03-19,91500000,379000000
Associazione Calcio Fiorentina,Unione Sportiva Lecce,2023-03-19,140500000,38800000
Football Club Internazionale Milano S.p.A.,Juventus Football Club,2023-03-19,360000000,245500000
Udinese Calcio,Associazione Calcio Milan,2023-03-18,91300000,341500000
AC Monza,Unione Sportiva Cremonese S.p.A.,2023-03-18,62100000,35800000
US Salernitana 1919,Bologna Football Club 1909,2023-03-18,45500000,69000000
Unione Sportiva Sassuolo Calcio,Spezia Calcio,2023-03-17,111300000,36900000
Atalanta Bergamasca Calcio S.p.a.,FC Empoli,2023-03-17,143500000,33800000
Associazione Calcio Milan,US Salernitana 1919,2023-03-13,359000000,45500000
Associazione Sportiva Roma,Unione Sportiva Sassuolo Calcio,2023-03-12,151500000,123100000
Unione Sportiva Lecce,Torino Calcio,2023-03-12,38300000,82500000
Verona Hellas Football Club,AC Monza,2023-03-12,39100000,62900000
Unione Sportiva Cremonese S.p.A.,Associazione Calcio Fiorentina,2023-03-12,32200000,130300000
Juventus Football Club,UC Sampdoria,2023-03-12,217100000,35800000
FC Empoli,Udinese Calcio,2023-03-11,42100000,91800000
Società Sportiva Calcio Napoli,Atalanta Bergamasca Calcio S.p.a.,2023-03-11,363000000,163000000
Bologna Football Club 1909,Società Sportiva Lazio S.p.A.,2023-03-11,69000000,175000000
Spezia Calcio,Football Club Internazionale Milano S.p.A.,2023-03-10,46900000,325000000
Unione Sportiva Sassuolo Calcio,Unione Sportiva Cremonese S.p.A.,2023-03-06,99900000,33800000
Torino Calcio,Bologna Football Club 1909,2023-03-06,77500000,69200000
UC Sampdoria,US Salernitana 1919,2023-03-05,41700000,40500000
Spezia Calcio,Verona Hellas Football Club,2023-03-05,39400000,33100000
Football Club Internazionale Milano S.p.A.,Unione Sportiva Lecce,2023-03-05,313000000,40300000
Associazione Sportiva Roma,Juventus Football Club,2023-03-05,199000000,251500000
Associazione Calcio Fiorentina,Associazione Calcio Milan,2023-03-04,134000000,329000000
Atalanta Bergamasca Calcio S.p.a.,Udinese Calcio,2023-03-04,170000000,89500000
AC Monza,FC Empoli,2023-03-04,62900000,42100000
Società Sportiva Calcio Napoli,Società Sportiva Lazio S.p.A.,2023-03-03,379000000,185000000
Unione Sportiva Cremonese S.p.A.,Associazione Sportiva Roma,2023-02-28,34000000,216000000
Juventus Football Club,Torino Calcio,2023-02-28,222100000,77500000
Società Sportiva Lazio S.p.A.,UC Sampdoria,2023-02-27,170000000,40800000
Verona Hellas Football Club,Associazione Calcio Fiorentina,2023-02-27,41100000,138500000
Bologna Football Club 1909,Football Club Internazionale Milano S.p.A.,2023-02-26,74200000,340000000
US Salernitana 1919,AC Monza,2023-02-26,40500000,52900000
Associazione Calcio Milan,Atalanta Bergamasca Calcio S.p.a.,2023-02-26,360000000,175000000
Udinese Calcio,Spezia Calcio,2023-02-26,84300000,39400000
FC Empoli,Società Sportiva Calcio Napoli,2023-02-25,55100000,372000000
Unione Sportiva Lecce,Unione Sportiva Sassuolo Calcio,2023-02-25,40000000,82800000
Torino Calcio,Unione Sportiva Cremonese S.p.A.,2023-02-20,67000000,33200000
Spezia Calcio,Juventus Football Club,2023-02-19,42900000,222000000
Atalanta Bergamasca Calcio S.p.a.,Unione Sportiva Lecce,2023-02-19,183000000,33000000
US Salernitana 1919,Società Sportiva Lazio S.p.A.,2023-02-19,46800000,103500000
Associazione Sportiva Roma,Verona Hellas Football Club,2023-02-19,157000000,39900000
Associazione Calcio Fiorentina,FC Empoli,2023-02-19,121000000,40500000
UC Sampdoria,Bologna Football Club 1909,2023-02-18,41000000,74200000
Football Club Internazionale Milano S.p.A.,Udinese Calcio,2023-02-18,287000000,94300000
AC Monza,Associazione Calcio Milan,2023-02-18,74400000,331600000
Unione Sportiva Sassuolo Calcio,Società Sportiva Calcio Napoli,2023-02-17,87900000,354000000
UC Sampdoria,Football Club Internazionale Milano S.p.A.,2023-02-13,42800000,356000000
Verona Hellas Football Club,US Salernitana 1919,2023-02-13,39400000,40600000
Società Sportiva Calcio Napoli,Unione Sportiva Cremonese S.p.A.,2023-02-12,372000000,36300000
Juventus Football Club,Associazione Calcio Fiorentina,2023-02-12,303000000,133800000
Udinese Calcio,Unione Sportiva Sassuolo Calcio,2023-02-12,92300000,84800000
Bologna Football Club 1909,AC Monza,2023-02-12,59700000,75100000
Società Sportiva Lazio S.p.A.,Atalanta Bergamasca Calcio S.p.a.,2023-02-11,190500000,171000000
Unione Sportiva Lecce,Associazione Sportiva Roma,2023-02-11,38800000,222000000
FC Empoli,Spezia Calcio,2023-02-11,46000000,38100000
Associazione Calcio Milan,Torino Calcio,2023-02-10,289600000,78900000
US Salernitana 1919,Juventus Football Club,2023-02-07,49800000,258000000
AC Monza,UC Sampdoria,2023-02-06,59600000,42000000
Verona Hellas Football Club,Società Sportiva Lazio S.p.A.,2023-02-06,40100000,178000000
Associazione Calcio Fiorentina,Bologna Football Club 1909,2023-02-05,135000000,73200000
Torino Calcio,Udinese Calcio,2023-02-05,67500000,86800000
Football Club Internazionale Milano S.p.A.,Associazione Calcio Milan,2023-02-05,352000000,211600000
Spezia Calcio,Società Sportiva Calcio Napoli,2023-02-05,45600000,372000000
Unione Sportiva Cremonese S.p.A.,Unione Sportiva Lecce,2023-02-04,34800000,38800000
Associazione Sportiva Roma,FC Empoli,2023-02-04,222000000,53800000
Unione Sportiva Sassuolo Calcio,Atalanta Bergamasca Calcio S.p.a.,2023-02-04,88800000,178000000
Udinese Calcio,Verona Hellas Football Club,2023-01-30,86800000,31600000
Società Sportiva Lazio S.p.A.,Associazione Calcio Fiorentina,2023-01-29,170000000,137300000
Associazione Calcio Milan,Unione Sportiva Sassuolo Calcio,2023-01-29,248600000,102300000
Società Sportiva Calcio Napoli,Associazione Sportiva Roma,2023-01-29,372000000,232000000
Juventus Football Club,AC Monza,2023-01-29,176500000,61600000
FC Empoli,Torino Calcio,2023-01-28,48300000,72200000
Atalanta Bergamasca Calcio S.p.a.,UC Sampdoria,2023-01-28,173000000,37400000
Unione Sportiva Cremonese S.p.A.,Football Club Internazionale Milano S.p.A.,2023-01-28,29300000,256500000
Unione Sportiva Lecce,US Salernitana 1919,2023-01-27,43800000,52000000
Bologna Football Club 1909,Spezia Calcio,2023-01-27,70500000,38100000
Società Sportiva Lazio S.p.A.,Associazione Calcio Milan,2023-01-24,170000000,331600000
Football Club Internazionale Milano S.p.A.,FC Empoli,2023-01-23,379000000,47800000
Bologna Football Club 1909,Unione Sportiva Cremonese S.p.A.,2023-01-23,70000000,32300000
AC Monza,Unione Sportiva Sassuolo Calcio,2023-01-22,58900000,104800000
Spezia Calcio,Associazione Sportiva Roma,2023-01-22,37300000,192000000
UC Sampdoria,Udinese Calcio,2023-01-22,42500000,86800000
Juventus Football Club,Atalanta Bergamasca Calcio S.p.a.,2023-01-22,197500000,153500000
Verona Hellas Football Club,Unione Sportiva Lecce,2023-01-21,49500000,38800000
US Salernitana 1919,Società Sportiva Calcio Napoli,2023-01-21,51800000,335000000
Associazione Calcio Fiorentina,Torino Calcio,2023-01-21,107000000,79400000
FC Empoli,UC Sampdoria,2023-01-16,52000000,31300000
Associazione Sportiva Roma,Associazione Calcio Fiorentina,2023-01-15,216500000,133500000
Unione Sportiva Sassuolo Calcio,Società Sportiva Lazio S.p.A.,2023-01-15,110100000,190500000
Torino Calcio,Spezia Calcio,2023-01-15,104500000,39600000
Udinese Calcio,Bologna Football Club 1909,2023-01-15,98000000,56000000
Atalanta Bergamasca Calcio S.p.a.,US Salernitana 1919,2023-01-15,148500000,49900000
Football Club Internazionale Milano S.p.A.,Verona Hellas Football Club,2023-01-14,288500000,48500000
Unione Sportiva Cremonese S.p.A.,AC Monza,2023-01-14,35900000,56400000
Unione Sportiva Lecce,Associazione Calcio Milan,2023-01-14,39800000,352600000
Società Sportiva Calcio Napoli,Juventus Football Club,2023-01-13,364000000,249500000
Bologna Football Club 1909,Atalanta Bergamasca Calcio S.p.a.,2023-01-09,53500000,159500000
Verona Hellas Football Club,Unione Sportiva Cremonese S.p.A.,2023-01-09,48500000,29200000
US Salernitana 1919,Torino Calcio,2023-01-08,45900000,85000000
Spezia Calcio,Unione Sportiva Lecce,2023-01-08,49100000,35300000
UC Sampdoria,Società Sportiva Calcio Napoli,2023-01-08,28200000,326000000
Associazione Calcio Milan,Associazione Sportiva Roma,2023-01-08,384600000,258000000
Società Sportiva Lazio S.p.A.,FC Empoli,2023-01-08,201500000,51300000
Associazione Calcio Fiorentina,Unione Sportiva Sassuolo Calcio,2023-01-07,92350000,122500000
AC Monza,Football Club Internazionale Milano S.p.A.,2023-01-07,59400000,352000000
Juventus Football Club,Udinese Calcio,2023-01-07,177000000,98000000
Unione Sportiva Sassuolo Calcio,UC Sampdoria,2023-01-04,116600000,29100000
Associazione Sportiva Roma,Bologna Football Club 1909,2023-01-04,203250000,61000000
Associazione Calcio Fiorentina,AC Monza,2023-01-04,95350000,54900000
Unione Sportiva Cremonese S.p.A.,Juventus Football Club,2023-01-04,35500000,182000000
Spezia Calcio,Atalanta Bergamasca Calcio S.p.a.,2023-01-04,45100000,149000000
Torino Calcio,Verona Hellas Football Club,2023-01-04,92500000,36300000
Football Club Internazionale Milano S.p.A.,Società Sportiva Calcio Napoli,2023-01-04,332000000,371000000
US Salernitana 1919,Associazione Calcio Milan,2023-01-04,52200000,384600000
Unione Sportiva Lecce,Società Sportiva Lazio S.p.A.,2023-01-04,40300000,178000000
Udinese Calcio,FC Empoli,2023-01-04,87000000,51900000
Juventus Football Club,Società Sportiva Lazio S.p.A.,2022-11-13,185000000,138000000
Verona Hellas Football Club,Spezia Calcio,2022-11-13,37200000,45800000
Associazione Sportiva Roma,Torino Calcio,2022-11-13,197000000,80000000
AC Monza,US Salernitana 1919,2022-11-13,65100000,52900000
Associazione Calcio Milan,Associazione Calcio Fiorentina,2022-11-13,354600000,117500000
Atalanta Bergamasca Calcio S.p.a.,Football Club Internazionale Milano S.p.A.,2022-11-13,201500000,387000000
Bologna Football Club 1909,Unione Sportiva Sassuolo Calcio,2022-11-12,57000000,108700000
Società Sportiva Calcio Napoli,Udinese Calcio,2022-11-12,321000000,78300000
UC Sampdoria,Unione Sportiva Lecce,2022-11-12,28400000,42200000
FC Empoli,Unione Sportiva Cremonese S.p.A.,2022-11-11,52800000,41100000
Verona Hellas Football Club,Juventus Football Club,2022-11-10,31400000,187500000
Società Sportiva Lazio S.p.A.,AC Monza,2022-11-10,142000000,48900000
Football Club Internazionale Milano S.p.A.,Bologna Football Club 1909,2022-11-09,376000000,73700000
Unione Sportiva Sassuolo Calcio,Associazione Sportiva Roma,2022-11-09,92100000,151900000
Associazione Calcio Fiorentina,US Salernitana 1919,2022-11-09,129500000,49600000
Torino Calcio,UC Sampdoria,2022-11-09,93900000,31650000
Unione Sportiva Lecce,Atalanta Bergamasca Calcio S.p.a.,2022-11-09,34800000,156900000
Società Sportiva Calcio Napoli,FC Empoli,2022-11-08,268000000,58300000
Unione Sportiva Cremonese S.p.A.,Associazione Calcio Milan,2022-11-08,33900000,202100000
Spezia Calcio,Udinese Calcio,2022-11-08,40450000,57300000
Bologna Football Club 1909,Torino Calcio,2022-11-06,75500000,103000000
Juventus Football Club,Football Club Internazionale Milano S.p.A.,2022-11-06,189500000,336000000
UC Sampdoria,Associazione Calcio Fiorentina,2022-11-06,35850000,128000000
Associazione Sportiva Roma,Società Sportiva Lazio S.p.A.,2022-11-06,242000000,116500000
AC Monza,Verona Hellas Football Club,2022-11-06,73400000,46300000
Associazione Calcio Milan,Spezia Calcio,2022-11-05,287600000,42600000
Atalanta Bergamasca Calcio S.p.a.,Società Sportiva Calcio Napoli,2022-11-05,186000000,288000000
FC Empoli,Unione Sportiva Sassuolo Calcio,2022-11-05,47200000,111100000
US Salernitana 1919,Unione Sportiva Cremonese S.p.A.,2022-11-05,51600000,35000000
Udinese Calcio,Unione Sportiva Lecce,2022-11-04,65100000,30800000
Verona Hellas Football Club,Associazione Sportiva Roma,2022-10-31,47200000,242000000
AC Monza,Bologna Football Club 1909,2022-10-31,70000000,77500000
Torino Calcio,Associazione Calcio Milan,2022-10-30,103000000,311600000
Unione Sportiva Cremonese S.p.A.,Udinese Calcio,2022-10-30,42300000,73800000
Società Sportiva Lazio S.p.A.,US Salernitana 1919,2022-10-30,116500000,42600000
FC Empoli,Atalanta Bergamasca Calcio S.p.a.,2022-10-30,50400000,186000000
Spezia Calcio,Associazione Calcio Fiorentina,2022-10-30,43100000,129500000
Unione Sportiva Lecce,Juventus Football Club,2022-10-29,37000000,140500000
Società Sportiva Calcio Napoli,Unione Sportiva Sassuolo Calcio,2022-10-29,292000000,100500000
Football Club Internazionale Milano S.p.A.,UC Sampdoria,2022-10-29,392000000,36700000
Unione Sportiva Sassuolo Calcio,Verona Hellas Football Club,2022-10-24,82100000,49200000
Unione Sportiva Cremonese S.p.A.,UC Sampdoria,2022-10-24,42300000,34500000
Associazione Sportiva Roma,Società Sportiva Calcio Napoli,2022-10-23,250000000,299000000
Atalanta Bergamasca Calcio S.p.a.,Società Sportiva Lazio S.p.A.,2022-10-23,163500000,154500000
Bologna Football Club 1909,Unione Sportiva Lecce,2022-10-23,75300000,36400000
Udinese Calcio,Torino Calcio,2022-10-23,79000000,95500000
Associazione Calcio Fiorentina,Football Club Internazionale Milano S.p.A.,2022-10-22,133000000,335000000
Associazione Calcio Milan,AC Monza,2022-10-22,231600000,57900000
US Salernitana 1919,Spezia Calcio,2022-10-22,41600000,43600000
Juventus Football Club,FC Empoli,2022-10-21,255500000,53700000
Unione Sportiva Lecce,Associazione Calcio Fiorentina,2022-10-17,29600000,136500000
UC Sampdoria,Associazione Sportiva Roma,2022-10-17,38700000,222000000
Verona Hellas Football Club,Associazione Calcio Milan,2022-10-16,46800000,299100000
Spezia Calcio,Unione Sportiva Cremonese S.p.A.,2022-10-16,46100000,35500000
Football Club Internazionale Milano S.p.A.,US Salernitana 1919,2022-10-16,336000000,51100000
Società Sportiva Calcio Napoli,Bologna Football Club 1909,2022-10-16,247000000,77300000
Società Sportiva Lazio S.p.A.,Udinese Calcio,2022-10-16,178500000,91000000
FC Empoli,AC Monza,2022-10-15,45500000,71000000
Atalanta Bergamasca Calcio S.p.a.,Unione Sportiva Sassuolo Calcio,2022-10-15,164500000,94100000
Torino Calcio,Juventus Football Club,2022-10-15,81900000,292000000
Associazione Calcio Fiorentina,Società Sportiva Lazio S.p.A.,2022-10-10,123500000,179500000
US Salernitana 1919,Verona Hellas Football Club,2022-10-09,47700000,46000000
Associazione Sportiva Roma,Unione Sportiva Lecce,2022-10-09,230500000,32400000
Unione Sportiva Cremonese S.p.A.,Società Sportiva Calcio Napoli,2022-10-09,36500000,258000000
AC Monza,Spezia Calcio,2022-10-09,63800000,48900000
Udinese Calcio,Atalanta Bergamasca Calcio S.p.a.,2022-10-09,89000000,168500000
Torino Calcio,FC Empoli,2022-10-09,85400000,53600000
Bologna Football Club 1909,UC Sampdoria,2022-10-08,71200000,39500000
Associazione Calcio Milan,Juventus Football Club,2022-10-08,330100000,259000000
Unione Sportiva Sassuolo Calcio,Football Club Internazionale Milano S.p.A.,2022-10-08,100500000,318000000
Verona Hellas Football Club,Udinese Calcio,2022-10-03,49200000,81000000
Unione Sportiva Sassuolo Calcio,US Salernitana 1919,2022-10-02,100500000,65900000
UC Sampdoria,AC Monza,2022-10-02,41000000,68400000
Juventus Football Club,Bologna Football Club 1909,2022-10-02,276000000,60700000
Unione Sportiva Lecce,Unione Sportiva Cremonese S.p.A.,2022-10-02,34400000,26700000
Atalanta Bergamasca Calcio S.p.a.,Associazione Calcio Fiorentina,2022-10-02,138500000,99000000
Società Sportiva Lazio S.p.A.,Spezia Calcio,2022-10-02,195000000,47300000
Società Sportiva Calcio Napoli,Torino Calcio,2022-10-01,268000000,91900000
FC Empoli,Associazione Calcio Milan,2022-10-01,47000000,288600000
Football Club Internazionale Milano S.p.A.,Associazione Sportiva Roma,2022-10-01,370000000,231000000
Associazione Sportiva Roma,Atalanta Bergamasca Calcio S.p.a.,2022-09-18,249000000,175500000
Associazione Calcio Milan,Società Sportiva Calcio Napoli,2022-09-18,313500000,235000000
Udinese Calcio,Football Club Internazionale Milano S.p.A.,2022-09-18,84000000,358000000
AC Monza,Juventus Football Club,2022-09-18,76700000,231000000
Associazione Calcio Fiorentina,Verona Hellas Football Club,2022-09-18,105000000,55800000
Unione Sportiva Cremonese S.p.A.,Società Sportiva Lazio S.p.A.,2022-09-18,33100000,165500000
Torino Calcio,Unione Sportiva Sassuolo Calcio,2022-09-17,85000000,89500000
Bologna Football Club 1909,FC Empoli,2022-09-17,78500000,60300000
Spezia Calcio,UC Sampdoria,2022-09-17,45700000,36700000
US Salernitana 1919,Unione Sportiva Lecce,2022-09-16,58900000,29700000
FC Empoli,Associazione Sportiva Roma,2022-09-12,53800000,251000000
Unione Sportiva Lecce,AC Monza,2022-09-11,30550000,77600000
Juventus Football Club,US Salernitana 1919,2022-09-11,239000000,58500000
Bologna Football Club 1909,Associazione Calcio Fiorentina,2022-09-11,72500000,124500000
Società Sportiva Lazio S.p.A.,Verona Hellas Football Club,2022-09-11,183000000,43150000
Unione Sportiva Sassuolo Calcio,Udinese Calcio,2022-09-11,102500000,70300000
Atalanta Bergamasca Calcio S.p.a.,Unione Sportiva Cremonese S.p.A.,2022-09-11,174000000,33600000
Società Sportiva Calcio Napoli,Spezia Calcio,2022-09-10,219000000,46200000
Football Club Internazionale Milano S.p.A.,Torino Calcio,2022-09-10,367000000,75400000
UC Sampdoria,Associazione Calcio Milan,2022-09-10,36700000,324500000
AC Monza,Atalanta Bergamasca Calcio S.p.a.,2022-09-05,75800000,170500000
US Salernitana 1919,FC Empoli,2022-09-05,44500000,44100000
Torino Calcio,Unione Sportiva Lecce,2022-09-05,75900000,21000000
Udinese Calcio,Associazione Sportiva Roma,2022-09-04,72800000,246000000
Unione Sportiva Cremonese S.p.A.,Unione Sportiva Sassuolo Calcio,2022-09-04,31100000,97000000
Spezia Calcio,Bologna Football Club 1909,2022-09-04,33700000,73700000
Verona Hellas Football Club,UC Sampdoria,2022-09-04,43650000,33300000
Associazione Calcio Milan,Football Club Internazionale Milano S.p.A.,2022-09-03,385500000,428000000
Società Sportiva Lazio S.p.A.,Società Sportiva Calcio Napoli,2022-09-03,209500000,282000000
Associazione Calcio Fiorentina,Juventus Football Club,2022-09-03,134500000,195000000
Bologna Football Club 1909,US Salernitana 1919,2022-09-01,60000000,45500000
Atalanta Bergamasca Calcio S.p.a.,Torino Calcio,2022-09-01,181000000,73400000
Società Sportiva Calcio Napoli,Unione Sportiva Lecce,2022-08-31,266000000,25850000
Juventus Football Club,Spezia Calcio,2022-08-31,248000000,33700000
FC Empoli,Verona Hellas Football Club,2022-08-31,41600000,59500000
Udinese Calcio,Associazione Calcio Fiorentina,2022-08-31,81000000,92500000
UC Sampdoria,Società Sportiva Lazio S.p.A.,2022-08-31,34900000,209500000
Football Club Internazionale Milano S.p.A.,Unione Sportiva Cremonese S.p.A.,2022-08-30,315000000,33500000
Associazione Sportiva Roma,AC Monza,2022-08-30,251000000,68900000
Unione Sportiva Sassuolo Calcio,Associazione Calcio Milan,2022-08-30,125000000,309000000
Verona Hellas Football Club,Atalanta Bergamasca Calcio S.p.a.,2022-08-28,52150000,182000000
US Salernitana 1919,UC Sampdoria,2022-08-28,44500000,36500000
Associazione Calcio Fiorentina,Società Sportiva Calcio Napoli,2022-08-28,148000000,282000000
Unione Sportiva Lecce,FC Empoli,2022-08-28,30600000,50100000
Spezia Calcio,Unione Sportiva Sassuolo Calcio,2022-08-27,34800000,131000000
Unione Sportiva Cremonese S.p.A.,Torino Calcio,2022-08-27,32100000,84400000
Juventus Football Club,Associazione Sportiva Roma,2022-08-27,249000000,246000000
Associazione Calcio Milan,Bologna Football Club 1909,2022-08-27,385500000,76000000
AC Monza,Udinese Calcio,2022-08-26,46700000,81000000
Società Sportiva Lazio S.p.A.,Football Club Internazionale Milano S.p.A.,2022-08-26,185000000,461000000
UC Sampdoria,Juventus Football Club,2022-08-22,36200000,255500000
Associazione Sportiva Roma,Unione Sportiva Cremonese S.p.A.,2022-08-22,274000000,35100000
Atalanta Bergamasca Calcio S.p.a.,Associazione Calcio Milan,2022-08-21,221000000,387000000
Società Sportiva Calcio Napoli,AC Monza,2022-08-21,282000000,55500000
FC Empoli,Associazione Calcio Fiorentina,2022-08-21,56100000,118000000
Bologna Football Club 1909,Verona Hellas Football Club,2022-08-21,60300000,58800000
Udinese Calcio,US Salernitana 1919,2022-08-20,77500000,34100000
Football Club Internazionale Milano S.p.A.,Spezia Calcio,2022-08-20,488000000,36400000
Torino Calcio,Società Sportiva Lazio S.p.A.,2022-08-20,80400000,185000000
Unione Sportiva Sassuolo Calcio,Unione Sportiva Lecce,2022-08-20,131000000,28500000
Juventus Football Club,Unione Sportiva Sassuolo Calcio,2022-08-15,256000000,105500000
Verona Hellas Football Club,Società Sportiva Calcio Napoli,2022-08-15,61500000,282000000
US Salernitana 1919,Associazione Sportiva Roma,2022-08-14,29500000,274000000
Società Sportiva Lazio S.p.A.,Bologna Football Club 1909,2022-08-14,198000000,52700000
Associazione Calcio Fiorentina,Unione Sportiva Cremonese S.p.A.,2022-08-14,106400000,31000000
Spezia Calcio,FC Empoli,2022-08-14,40900000,56100000
AC Monza,Torino Calcio,2022-08-13,54200000,64700000
Associazione Calcio Milan,Udinese Calcio,2022-08-13,346000000,65500000
UC Sampdoria,Atalanta Bergamasca Calcio S.p.a.,2022-08-13,36200000,193000000
Unione Sportiva Lecce,Football Club Internazionale Milano S.p.A.,2022-08-13,28000000,436000000
Football Club Internazionale Milano S.p.A.,UC Sampdoria,2022-05-22,433500000,39500000
Unione Sportiva Sassuolo Calcio,Associazione Calcio Milan,2022-05-22,168000000,325000000
US Salernitana 1919,Udinese Calcio,2022-05-22,18300000,61200000
Venezia FC,Cagliari Calcio,2022-05-22,36100000,68700000
Spezia Calcio,Società Sportiva Calcio Napoli,2022-05-22,36000000,202800000
Società Sportiva Lazio S.p.A.,Verona Hellas Football Club,2022-05-21,174500000,54250000
Associazione Calcio Fiorentina,Juventus Football Club,2022-05-21,107500000,229300000
Genoa Cricket and Football Club,Bologna Football Club 1909,2022-05-21,42800000,55200000
Atalanta Bergamasca Calcio S.p.a.,FC Empoli,2022-05-21,222000000,37000000
Torino Calcio,Associazione Sportiva Roma,2022-05-20,111300000,233500000
UC Sampdoria,Associazione Calcio Fiorentina,2022-05-16,39500000,140500000
Juventus Football Club,Società Sportiva Lazio S.p.A.,2022-05-16,238300000,184500000
Cagliari Calcio,Football Club Internazionale Milano S.p.A.,2022-05-15,70200000,398500000
Associazione Calcio Milan,Atalanta Bergamasca Calcio S.p.a.,2022-05-15,325000000,212000000
Società Sportiva Calcio Napoli,Genoa Cricket and Football Club,2022-05-15,318000000,38300000
Bologna Football Club 1909,Unione Sportiva Sassuolo Calcio,2022-05-15,71000000,174500000
Udinese Calcio,Spezia Calcio,2022-05-14,69000000,35900000
Verona Hellas Football Club,Torino Calcio,2022-05-14,73000000,103800000
Associazione Sportiva Roma,Venezia FC,2022-05-14,229000000,39300000
FC Empoli,US Salernitana 1919,2022-05-14,49500000,18900000
Associazione Calcio Fiorentina,Associazione Sportiva Roma,2022-05-09,129500000,226500000
Verona Hellas Football Club,Associazione Calcio Milan,2022-05-08,94000000,325000000
Spezia Calcio,Atalanta Bergamasca Calcio S.p.a.,2022-05-08,37900000,225000000
US Salernitana 1919,Cagliari Calcio,2022-05-08,20500000,62700000
Venezia FC,Bologna Football Club 1909,2022-05-08,26200000,92500000
Società Sportiva Lazio S.p.A.,UC Sampdoria,2022-05-07,207500000,41500000
Unione Sportiva Sassuolo Calcio,Udinese Calcio,2022-05-07,168000000,69000000
Torino Calcio,Società Sportiva Calcio Napoli,2022-05-07,139300000,318000000
Genoa Cricket and Football Club,Juventus Football Club,2022-05-06,35300000,234300000
Football Club Internazionale Milano S.p.A.,FC Empoli,2022-05-06,389500000,53200000
US Salernitana 1919,Venezia FC,2022-05-05,17800000,42100000
Atalanta Bergamasca Calcio S.p.a.,US Salernitana 1919,2022-05-02,206000000,20800000
Associazione Calcio Milan,Associazione Calcio Fiorentina,2022-05-01,326000000,111500000
FC Empoli,Torino Calcio,2022-05-01,51800000,90300000
Associazione Sportiva Roma,Bologna Football Club 1909,2022-05-01,181000000,75500000
Udinese Calcio,Football Club Internazionale Milano S.p.A.,2022-05-01,66500000,329500000
Juventus Football Club,Venezia FC,2022-05-01,291800000,42000000
UC Sampdoria,Genoa Cricket and Football Club,2022-04-30,47000000,40300000
Spezia Calcio,Società Sportiva Lazio S.p.A.,2022-04-30,32900000,184500000
Società Sportiva Calcio Napoli,Unione Sportiva Sassuolo Calcio,2022-04-30,318000000,161500000
Cagliari Calcio,Verona Hellas Football Club,2022-04-30,72700000,92000000
Bologna Football Club 1909,Football Club Internazionale Milano S.p.A.,2022-04-27,92500000,391000000
Associazione Calcio Fiorentina,Udinese Calcio,2022-04-27,141500000,63000000
Atalanta Bergamasca Calcio S.p.a.,Torino Calcio,2022-04-27,194000000,113500000
Unione Sportiva Sassuolo Calcio,Juventus Football Club,2022-04-25,170500000,186500000
Genoa Cricket and Football Club,Cagliari Calcio,2022-04-24,38800000,70200000
Società Sportiva Lazio S.p.A.,Associazione Calcio Milan,2022-04-24,198000000,326000000
US Salernitana 1919,Associazione Calcio Fiorentina,2022-04-24,21300000,130500000
FC Empoli,Società Sportiva Calcio Napoli,2022-04-24,52300000,260000000
Bologna Football Club 1909,Udinese Calcio,2022-04-24,99200000,63000000
Football Club Internazionale Milano S.p.A.,Associazione Sportiva Roma,2022-04-23,367500000,201500000
Verona Hellas Football Club,UC Sampdoria,2022-04-23,94000000,41500000
Torino Calcio,Spezia Calcio,2022-04-23,102000000,27200000
Venezia FC,Atalanta Bergamasca Calcio S.p.a.,2022-04-23,51100000,204000000
Udinese Calcio,US Salernitana 1919,2022-04-20,54900000,19000000
Società Sportiva Calcio Napoli,Associazione Sportiva Roma,2022-04-18,311000000,237500000
Atalanta Bergamasca Calcio S.p.a.,Verona Hellas Football Club,2022-04-18,215000000,94000000
Cagliari Calcio,Unione Sportiva Sassuolo Calcio,2022-04-16,76200000,142000000
UC Sampdoria,US Salernitana 1919,2022-04-16,44000000,19500000
Società Sportiva Lazio S.p.A.,Torino Calcio,2022-04-16,204500000,125300000
Udinese Calcio,FC Empoli,2022-04-16,68000000,51000000
Juventus Football Club,Bologna Football Club 1909,2022-04-16,298500000,83500000
Associazione Calcio Fiorentina,Venezia FC,2022-04-16,146500000,36200000
Associazione Calcio Milan,Genoa Cricket and Football Club,2022-04-15,329500000,41300000
Spezia Calcio,Football Club Internazionale Milano S.p.A.,2022-04-15,37600000,336000000
Bologna Football Club 1909,UC Sampdoria,2022-04-11,89000000,45000000
Torino Calcio,Associazione Calcio Milan,2022-04-10,140800000,339500000
Società Sportiva Calcio Napoli,Associazione Calcio Fiorentina,2022-04-10,316000000,121500000
Venezia FC,Udinese Calcio,2022-04-10,45600000,71000000
Unione Sportiva Sassuolo Calcio,Atalanta Bergamasca Calcio S.p.a.,2022-04-10,162500000,178500000
Associazione Sportiva Roma,US Salernitana 1919,2022-04-10,172000000,17100000
Genoa Cricket and Football Club,Società Sportiva Lazio S.p.A.,2022-04-10,40300000,204500000
Football Club Internazionale Milano S.p.A.,Verona Hellas Football Club,2022-04-09,323500000,76500000
Cagliari Calcio,Juventus Football Club,2022-04-09,73700000,309500000
FC Empoli,Spezia Calcio,2022-04-09,56700000,37400000
Associazione Calcio Milan,Bologna Football Club 1909,2022-04-04,311000000,89000000
Verona Hellas Football Club,Genoa Cricket and Football Club,2022-04-04,76500000,35000000
UC Sampdoria,Associazione Sportiva Roma,2022-04-03,45000000,214500000
Udinese Calcio,Cagliari Calcio,2022-04-03,63800000,62200000
Juventus Football Club,Football Club Internazionale Milano S.p.A.,2022-04-03,328500000,380000000
Atalanta Bergamasca Calcio S.p.a.,Società Sportiva Calcio Napoli,2022-04-03,201000000,215000000
Associazione Calcio Fiorentina,FC Empoli,2022-04-03,132500000,47000000
Spezia Calcio,Venezia FC,2022-04-02,39900000,42400000
Società Sportiva Lazio S.p.A.,Unione Sportiva Sassuolo Calcio,2022-04-02,204500000,144500000
US Salernitana 1919,Torino Calcio,2022-04-02,21600000,127300000
Associazione Sportiva Roma,Società Sportiva Lazio S.p.A.,2022-03-20,214500000,195500000
Venezia FC,UC Sampdoria,2022-03-20,42300000,46000000
FC Empoli,Verona Hellas Football Club,2022-03-20,54700000,79300000
Juventus Football Club,US Salernitana 1919,2022-03-20,288500000,14600000
Bologna Football Club 1909,Atalanta Bergamasca Calcio S.p.a.,2022-03-20,82500000,206000000
Società Sportiva Calcio Napoli,Udinese Calcio,2022-03-19,320000000,71800000
Football Club Internazionale Milano S.p.A.,Associazione Calcio Fiorentina,2022-03-19,342500000,129500000
Cagliari Calcio,Associazione Calcio Milan,2022-03-19,70700000,316000000
Unione Sportiva Sassuolo Calcio,Spezia Calcio,2022-03-18,135500000,40100000
Genoa Cricket and Football Club,Torino Calcio,2022-03-18,40000000,127300000
Società Sportiva Lazio S.p.A.,Venezia FC,2022-03-14,205000000,48700000
Torino Calcio,Football Club Internazionale Milano S.p.A.,2022-03-13,121300000,339500000
Associazione Calcio Fiorentina,Bologna Football Club 1909,2022-03-13,131000000,76000000
Verona Hellas Football Club,Società Sportiva Calcio Napoli,2022-03-13,82500000,327000000
Atalanta Bergamasca Calcio S.p.a.,Genoa Cricket and Football Club,2022-03-13,177500000,38200000
Udinese Calcio,Associazione Sportiva Roma,2022-03-13,68900000,238000000
US Salernitana 1919,Unione Sportiva Sassuolo Calcio,2022-03-12,22200000,145500000
UC Sampdoria,Juventus Football Club,2022-03-12,41500000,265500000
Spezia Calcio,Cagliari Calcio,2022-03-12,36500000,54100000
Associazione Calcio Milan,FC Empoli,2022-03-12,269000000,46200000
Genoa Cricket and Football Club,FC Empoli,2022-03-06,31400000,52000000
Associazione Calcio Fiorentina,Verona Hellas Football Club,2022-03-06,116000000,72500000
Juventus Football Club,Spezia Calcio,2022-03-06,303500000,34600000
Bologna Football Club 1909,Torino Calcio,2022-03-06,89500000,123300000
Società Sportiva Calcio Napoli,Associazione Calcio Milan,2022-03-06,342000000,310000000
Venezia FC,Unione Sportiva Sassuolo Calcio,2022-03-06,27700000,150000000
Cagliari Calcio,Società Sportiva Lazio S.p.A.,2022-03-05,66200000,200000000
Udinese Calcio,UC Sampdoria,2022-03-05,71500000,35500000
Associazione Sportiva Roma,Atalanta Bergamasca Calcio S.p.a.,2022-03-05,226000000,202000000
Football Club Internazionale Milano S.p.A.,US Salernitana 1919,2022-03-04,424500000,30800000
Atalanta Bergamasca Calcio S.p.a.,UC Sampdoria,2022-02-28,196000000,39500000
Torino Calcio,Cagliari Calcio,2022-02-27,102500000,66200000
Spezia Calcio,Associazione Sportiva Roma,2022-02-27,29700000,223000000
Società Sportiva Lazio S.p.A.,Società Sportiva Calcio Napoli,2022-02-27,198000000,344000000
Verona Hellas Football Club,Venezia FC,2022-02-27,79000000,57300000
FC Empoli,Juventus Football Club,2022-02-26,49000000,297000000
US Salernitana 1919,Bologna Football Club 1909,2022-02-26,23800000,85500000
Unione Sportiva Sassuolo Calcio,Associazione Calcio Fiorentina,2022-02-26,145500000,120000000
Associazione Calcio Milan,Udinese Calcio,2022-02-25,315000000,61800000
Genoa Cricket and Football Club,Football Club Internazionale Milano S.p.A.,2022-02-25,31400000,289500000
Cagliari Calcio,Società Sportiva Calcio Napoli,2022-02-21,54100000,211500000
Bologna Football Club 1909,Spezia Calcio,2022-02-21,87000000,28000000
Udinese Calcio,Società Sportiva Lazio S.p.A.,2022-02-20,67000000,161000000
Venezia FC,Genoa Cricket and Football Club,2022-02-20,45200000,43000000
Football Club Internazionale Milano S.p.A.,Unione Sportiva Sassuolo Calcio,2022-02-20,346000000,140500000
Associazione Calcio Fiorentina,Atalanta Bergamasca Calcio S.p.a.,2022-02-20,141000000,221000000
Associazione Sportiva Roma,Verona Hellas Football Club,2022-02-19,195000000,85000000
US Salernitana 1919,Associazione Calcio Milan,2022-02-19,17800000,297000000
UC Sampdoria,FC Empoli,2022-02-19,34000000,56700000
Juventus Football Club,Torino Calcio,2022-02-18,349000000,123000000
Spezia Calcio,Associazione Calcio Fiorentina,2022-02-14,29900000,120000000
FC Empoli,Cagliari Calcio,2022-02-13,55200000,66850000
Associazione Calcio Milan,UC Sampdoria,2022-02-13,256000000,43500000
Atalanta Bergamasca Calcio S.p.a.,Juventus Football Club,2022-02-13,194500000,346000000
Verona Hellas Football Club,Udinese Calcio,2022-02-13,80500000,54700000
Genoa Cricket and Football Club,US Salernitana 1919,2022-02-13,42000000,25800000
Unione Sportiva Sassuolo Calcio,Associazione Sportiva Roma,2022-02-13,123000000,203000000
Società Sportiva Calcio Napoli,Football Club Internazionale Milano S.p.A.,2022-02-12,342000000,383500000
Torino Calcio,Venezia FC,2022-02-12,89500000,55400000
Società Sportiva Lazio S.p.A.,Bologna Football Club 1909,2022-02-12,206000000,81500000
US Salernitana 1919,Spezia Calcio,2022-02-07,26700000,29900000
Juventus Football Club,Verona Hellas Football Club,2022-02-06,331500000,60900000
Venezia FC,Società Sportiva Calcio Napoli,2022-02-06,41900000,299500000
Atalanta Bergamasca Calcio S.p.a.,Cagliari Calcio,2022-02-06,207000000,50850000
UC Sampdoria,Unione Sportiva Sassuolo Calcio,2022-02-06,43000000,145500000
Bologna Football Club 1909,FC Empoli,2022-02-06,73500000,52200000
Udinese Calcio,Torino Calcio,2022-02-06,48700000,92000000
Associazione Calcio Fiorentina,Società Sportiva Lazio S.p.A.,2022-02-05,100300000,206000000
Football Club Internazionale Milano S.p.A.,Associazione Calcio Milan,2022-02-05,427500000,298500000
Associazione Sportiva Roma,Genoa Cricket and Football Club,2022-02-05,214000000,40000000
Società Sportiva Calcio Napoli,US Salernitana 1919,2022-01-23,256500000,10850000
Associazione Calcio Milan,Juventus Football Club,2022-01-23,241000000,218000000
FC Empoli,Associazione Sportiva Roma,2022-01-23,57500000,214000000
Cagliari Calcio,Associazione Calcio Fiorentina,2022-01-23,49950000,144000000
Spezia Calcio,UC Sampdoria,2022-01-23,25400000,37500000
Torino Calcio,Unione Sportiva Sassuolo Calcio,2022-01-23,108000000,130500000
Football Club Internazionale Milano S.p.A.,Venezia FC,2022-01-22,418500000,44000000
Genoa Cricket and Football Club,Udinese Calcio,2022-01-22,40000000,67000000
Società Sportiva Lazio S.p.A.,Atalanta Bergamasca Calcio S.p.a.,2022-01-22,207000000,154000000
Verona Hellas Football Club,Bologna Football Club 1909,2022-01-21,78900000,83500000
Bologna Football Club 1909,Società Sportiva Calcio Napoli,2022-01-17,66500000,256500000
Associazione Calcio Fiorentina,Genoa Cricket and Football Club,2022-01-17,174000000,39800000
Associazione Calcio Milan,Spezia Calcio,2022-01-17,204500000,34200000
Unione Sportiva Sassuolo Calcio,Verona Hellas Football Club,2022-01-16,103500000,70400000
Associazione Sportiva Roma,Cagliari Calcio,2022-01-16,210000000,68200000
Venezia FC,FC Empoli,2022-01-16,44200000,58000000
Atalanta Bergamasca Calcio S.p.a.,Football Club Internazionale Milano S.p.A.,2022-01-16,215000000,300500000
UC Sampdoria,Torino Calcio,2022-01-15,36500000,108000000
Juventus Football Club,Udinese Calcio,2022-01-15,288500000,54200000
US Salernitana 1919,Società Sportiva Lazio S.p.A.,2022-01-15,11425000,204000000
Cagliari Calcio,Bologna Football Club 1909,2022-01-11,69700000,81500000
Torino Calcio,Associazione Calcio Fiorentina,2022-01-10,99275000,193500000
Genoa Cricket and Football Club,Spezia Calcio,2022-01-09,33900000,34200000
Società Sportiva Calcio Napoli,UC Sampdoria,2022-01-09,155300000,41600000
Udinese Calcio,Atalanta Bergamasca Calcio S.p.a.,2022-01-09,60300000,205000000
Venezia FC,Associazione Calcio Milan,2022-01-09,53900000,232000000
Verona Hellas Football Club,US Salernitana 1919,2022-01-09,59400000,10900000
Football Club Internazionale Milano S.p.A.,Società Sportiva Lazio S.p.A.,2022-01-09,404000000,173000000
Associazione Sportiva Roma,Juventus Football Club,2022-01-09,212000000,336500000
FC Empoli,Unione Sportiva Sassuolo Calcio,2022-01-09,54000000,103000000
Juventus Football Club,Società Sportiva Calcio Napoli,2022-01-06,307500000,195300000
Società Sportiva Lazio S.p.A.,FC Empoli,2022-01-06,202000000,48500000
Unione Sportiva Sassuolo Calcio,Genoa Cricket and Football Club,2022-01-06,103000000,39500000
UC Sampdoria,Cagliari Calcio,2022-01-06,46800000,69700000
Associazione Calcio Milan,Associazione Sportiva Roma,2022-01-06,193500000,253000000
Spezia Calcio,Verona Hellas Football Club,2022-01-06,35800000,63900000
Società Sportiva Calcio Napoli,Spezia Calcio,2021-12-22,221000000,35500000
Unione Sportiva Sassuolo Calcio,Bologna Football Club 1909,2021-12-22,141600000,84800000
Venezia FC,Società Sportiva Lazio S.p.A.,2021-12-22,33100000,159000000
Associazione Sportiva Roma,UC Sampdoria,2021-12-22,250000000,39900000
Football Club Internazionale Milano S.p.A.,Torino Calcio,2021-12-22,356000000,70300000
FC Empoli,Associazione Calcio Milan,2021-12-22,51400000,290000000
Verona Hellas Football Club,Associazione Calcio Fiorentina,2021-12-22,57900000,148800000
Juventus Football Club,Cagliari Calcio,2021-12-21,319000000,65500000
Genoa Cricket and Football Club,Atalanta Bergamasca Calcio S.p.a.,2021-12-21,32000000,206000000
Spezia Calcio,FC Empoli,2021-12-19,35000000,38200000
UC Sampdoria,Venezia FC,2021-12-19,57700000,39400000
Associazione Calcio Fiorentina,Unione Sportiva Sassuolo Calcio,2021-12-19,155800000,131500000
Torino Calcio,Verona Hellas Football Club,2021-12-19,72800000,56900000
Associazione Calcio Milan,Società Sportiva Calcio Napoli,2021-12-19,219500000,218500000
Atalanta Bergamasca Calcio S.p.a.,Associazione Sportiva Roma,2021-12-18,199000000,250000000
Bologna Football Club 1909,Juventus Football Club,2021-12-18,83800000,301500000
Cagliari Calcio,Udinese Calcio,2021-12-18,91500000,62500000
Società Sportiva Lazio S.p.A.,Genoa Cricket and Football Club,2021-12-17,170000000,37400000
US Salernitana 1919,Football Club Internazionale Milano S.p.A.,2021-12-17,17675000,287500000
Associazione Sportiva Roma,Spezia Calcio,2021-12-13,216000000,32000000
Verona Hellas Football Club,Atalanta Bergamasca Calcio S.p.a.,2021-12-12,62000000,207000000
Football Club Internazionale Milano S.p.A.,Cagliari Calcio,2021-12-12,418500000,76500000
Unione Sportiva Sassuolo Calcio,Società Sportiva Lazio S.p.A.,2021-12-12,133000000,131500000
Torino Calcio,Bologna Football Club 1909,2021-12-12,78500000,80300000
Società Sportiva Calcio Napoli,FC Empoli,2021-12-12,198000000,46700000
Venezia FC,Juventus Football Club,2021-12-11,41800000,299000000
Associazione Calcio Fiorentina,US Salernitana 1919,2021-12-11,162300000,18050000
Udinese Calcio,Associazione Calcio Milan,2021-12-11,61500000,252000000
Genoa Cricket and Football Club,UC Sampdoria,2021-12-10,40200000,57700000
FC Empoli,Udinese Calcio,2021-12-06,52600000,51000000
Cagliari Calcio,Torino Calcio,2021-12-06,94500000,74000000
UC Sampdoria,Società Sportiva Lazio S.p.A.,2021-12-05,50800000,198000000
Bologna Football Club 1909,Associazione Calcio Fiorentina,2021-12-05,75600000,161300000
Venezia FC,Verona Hellas Football Club,2021-12-05,22500000,56900000
Spezia Calcio,Unione Sportiva Sassuolo Calcio,2021-12-05,33500000,123000000
Juventus Football Club,Genoa Cricket and Football Club,2021-12-05,320000000,33550000
Associazione Calcio Milan,US Salernitana 1919,2021-12-04,290000000,16600000
Società Sportiva Calcio Napoli,Atalanta Bergamasca Calcio S.p.a.,2021-12-04,186500000,233000000
Associazione Sportiva Roma,Football Club Internazionale Milano S.p.A.,2021-12-04,233000000,322500000
Società Sportiva Lazio S.p.A.,Udinese Calcio,2021-12-02,213800000,57700000
Torino Calcio,FC Empoli,2021-12-02,80000000,37400000
Genoa Cricket and Football Club,Associazione Calcio Milan,2021-12-01,43950000,252000000
Football Club Internazionale Milano S.p.A.,Spezia Calcio,2021-12-01,301500000,31000000
Unione Sportiva Sassuolo Calcio,Società Sportiva Calcio Napoli,2021-12-01,133000000,305000000
Bologna Football Club 1909,Associazione Sportiva Roma,2021-12-01,88800000,239000000
Associazione Calcio Fiorentina,UC Sampdoria,2021-11-30,118300000,56300000
Verona Hellas Football Club,Cagliari Calcio,2021-11-30,67900000,65300000
Atalanta Bergamasca Calcio S.p.a.,Venezia FC,2021-11-30,197500000,43500000
US Salernitana 1919,Juventus Football Club,2021-11-30,21700000,310000000
Associazione Sportiva Roma,Torino Calcio,2021-11-28,251000000,108800000
Spezia Calcio,Bologna Football Club 1909,2021-11-28,40500000,97300000
Udinese Calcio,Genoa Cricket and Football Club,2021-11-28,69500000,32950000
Società Sportiva Calcio Napoli,Società Sportiva Lazio S.p.A.,2021-11-28,305000000,213800000
Associazione Calcio Milan,Unione Sportiva Sassuolo Calcio,2021-11-28,241000000,133000000
Venezia FC,Football Club Internazionale Milano S.p.A.,2021-11-27,41400000,321500000
FC Empoli,Associazione Calcio Fiorentina,2021-11-27,44700000,140000000
UC Sampdoria,Verona Hellas Football Club,2021-11-27,52800000,70000000
Juventus Football Club,Atalanta Bergamasca Calcio S.p.a.,2021-11-27,384000000,245000000
Cagliari Calcio,US Salernitana 1919,2021-11-26,94500000,15350000
Verona Hellas Football Club,FC Empoli,2021-11-22,62900000,34600000
Torino Calcio,Udinese Calcio,2021-11-22,107800000,71500000
Genoa Cricket and Football Club,Associazione Sportiva Roma,2021-11-21,33200000,254000000
Football Club Internazionale Milano S.p.A.,Società Sportiva Calcio Napoli,2021-11-21,385500000,374000000
Unione Sportiva Sassuolo Calcio,Cagliari Calcio,2021-11-21,135500000,99000000
Bologna Football Club 1909,Venezia FC,2021-11-21,97300000,40900000
US Salernitana 1919,UC Sampdoria,2021-11-21,13300000,52800000
Società Sportiva Lazio S.p.A.,Juventus Football Club,2021-11-20,202300000,341500000
Associazione Calcio Fiorentina,Associazione Calcio Milan,2021-11-20,113000000,228100000
Atalanta Bergamasca Calcio S.p.a.,Spezia Calcio,2021-11-20,197500000,35000000
Società Sportiva Lazio S.p.A.,US Salernitana 1919,2021-11-07,217300000,18600000
Udinese Calcio,Unione Sportiva Sassuolo Calcio,2021-11-07,69500000,117400000
Società Sportiva Calcio Napoli,Verona Hellas Football Club,2021-11-07,313000000,62900000
UC Sampdoria,Bologna Football Club 1909,2021-11-07,55700000,83800000
Venezia FC,Associazione Sportiva Roma,2021-11-07,41700000,259000000
Associazione Calcio Milan,Football Club Internazionale Milano S.p.A.,2021-11-07,222100000,408500000
Juventus Football Club,Associazione Calcio Fiorentina,2021-11-06,375000000,150000000
Spezia Calcio,Torino Calcio,2021-11-06,36500000,97300000
Cagliari Calcio,Atalanta Bergamasca Calcio S.p.a.,2021-11-06,94500000,237500000
FC Empoli,Genoa Cricket and Football Club,2021-11-05,32000000,34400000
Bologna Football Club 1909,Cagliari Calcio,2021-11-01,83800000,97500000
Football Club Internazionale Milano S.p.A.,Udinese Calcio,2021-10-31,318500000,56700000
Associazione Calcio Fiorentina,Spezia Calcio,2021-10-31,148500000,41300000
Genoa Cricket and Football Club,Venezia FC,2021-10-31,32600000,31700000
US Salernitana 1919,Società Sportiva Calcio Napoli,2021-10-31,13800000,303000000
Unione Sportiva Sassuolo Calcio,FC Empoli,2021-10-31,131500000,32800000
Associazione Sportiva Roma,Associazione Calcio Milan,2021-10-31,283000000,271600000
Torino Calcio,UC Sampdoria,2021-10-30,76300000,49700000
Atalanta Bergamasca Calcio S.p.a.,Società Sportiva Lazio S.p.A.,2021-10-30,210500000,217300000
Verona Hellas Football Club,Juventus Football Club,2021-10-30,64400000,270500000
Società Sportiva Calcio Napoli,Bologna Football Club 1909,2021-10-28,341000000,84700000
Società Sportiva Lazio S.p.A.,Associazione Calcio Fiorentina,2021-10-27,222300000,154300000
Cagliari Calcio,Associazione Sportiva Roma,2021-10-27,77000000,283000000
FC Empoli,Football Club Internazionale Milano S.p.A.,2021-10-27,52000000,342500000
Udinese Calcio,Verona Hellas Football Club,2021-10-27,61300000,54900000
Juventus Football Club,Unione Sportiva Sassuolo Calcio,2021-10-27,365500000,129500000
UC Sampdoria,Atalanta Bergamasca Calcio S.p.a.,2021-10-27,52200000,216500000
Associazione Calcio Milan,Torino Calcio,2021-10-26,227600000,99800000
Spezia Calcio,Genoa Cricket and Football Club,2021-10-26,38100000,30200000
Venezia FC,US Salernitana 1919,2021-10-26,26600000,13850000
Verona Hellas Football Club,Società Sportiva Lazio S.p.A.,2021-10-24,66400000,162300000
Associazione Sportiva Roma,Società Sportiva Calcio Napoli,2021-10-24,283000000,359000000
Associazione Calcio Fiorentina,Cagliari Calcio,2021-10-24,149000000,97500000
Football Club Internazionale Milano S.p.A.,Juventus Football Club,2021-10-24,408500000,235500000
Atalanta Bergamasca Calcio S.p.a.,Udinese Calcio,2021-10-24,193000000,58500000
Bologna Football Club 1909,Associazione Calcio Milan,2021-10-23,83800000,187600000
Unione Sportiva Sassuolo Calcio,Venezia FC,2021-10-23,122000000,40000000
US Salernitana 1919,FC Empoli,2021-10-23,16450000,44700000
Torino Calcio,Genoa Cricket and Football Club,2021-10-22,68300000,42400000
UC Sampdoria,Spezia Calcio,2021-10-22,52200000,39600000
Venezia FC,Associazione Calcio Fiorentina,2021-10-18,39400000,134300000
FC Empoli,Atalanta Bergamasca Calcio S.p.a.,2021-10-17,32500000,200500000
Società Sportiva Calcio Napoli,Torino Calcio,2021-10-17,359000000,77800000
Juventus Football Club,Associazione Sportiva Roma,2021-10-17,253000000,283000000
Genoa Cricket and Football Club,Unione Sportiva Sassuolo Calcio,2021-10-17,33400000,122000000
Udinese Calcio,Bologna Football Club 1909,2021-10-17,63500000,83700000
Cagliari Calcio,UC Sampdoria,2021-10-17,97500000,52700000
Società Sportiva Lazio S.p.A.,Football Club Internazionale Milano S.p.A.,2021-10-16,183800000,326500000
Associazione Calcio Milan,Verona Hellas Football Club,2021-10-16,241100000,56400000
Spezia Calcio,US Salernitana 1919,2021-10-16,37600000,18650000
Bologna Football Club 1909,Società Sportiva Lazio S.p.A.,2021-10-03,82300000,194300000
UC Sampdoria,Udinese Calcio,2021-10-03,71700000,62000000
Verona Hellas Football Club,Spezia Calcio,2021-10-03,66500000,20500000
Associazione Sportiva Roma,FC Empoli,2021-10-03,237000000,34250000
Atalanta Bergamasca Calcio S.p.a.,Associazione Calcio Milan,2021-10-03,238000000,310000000
Associazione Calcio Fiorentina,Società Sportiva Calcio Napoli,2021-10-03,156500000,362000000
US Salernitana 1919,Genoa Cricket and Football Club,2021-10-02,23700000,30750000
Torino Calcio,Juventus Football Club,2021-10-02,77800000,351500000
Unione Sportiva Sassuolo Calcio,Football Club Internazionale Milano S.p.A.,2021-10-02,121000000,448500000
Cagliari Calcio,Venezia FC,2021-10-01,99500000,34300000
Venezia FC,Torino Calcio,2021-09-27,17200000,60100000
FC Empoli,Bologna Football Club 1909,2021-09-26,39550000,80800000
Unione Sportiva Sassuolo Calcio,US Salernitana 1919,2021-09-26,131000000,13900000
Società Sportiva Calcio Napoli,Cagliari Calcio,2021-09-26,347000000,101000000
Udinese Calcio,Associazione Calcio Fiorentina,2021-09-26,68000000,147200000
Società Sportiva Lazio S.p.A.,Associazione Sportiva Roma,2021-09-26,223300000,233000000
Juventus Football Club,UC Sampdoria,2021-09-26,376000000,54700000
Football Club Internazionale Milano S.p.A.,Atalanta Bergamasca Calcio S.p.a.,2021-09-25,413500000,247000000
Genoa Cricket and Football Club,Verona Hellas Football Club,2021-09-25,33000000,70000000
Spezia Calcio,Associazione Calcio Milan,2021-09-25,31050000,271800000
Associazione Sportiva Roma,Udinese Calcio,2021-09-23,263500000,68000000
Torino Calcio,Società Sportiva Lazio S.p.A.,2021-09-23,73100000,151600000
UC Sampdoria,Società Sportiva Calcio Napoli,2021-09-23,71700000,362000000
Cagliari Calcio,FC Empoli,2021-09-22,105000000,35550000
US Salernitana 1919,Verona Hellas Football Club,2021-09-22,24250000,64000000
Associazione Calcio Milan,Venezia FC,2021-09-22,222000000,22075000
Spezia Calcio,Juventus Football Club,2021-09-22,29350000,380500000
Bologna Football Club 1909,Genoa Cricket and Football Club,2021-09-21,95300000,39100000
Atalanta Bergamasca Calcio S.p.a.,Unione Sportiva Sassuolo Calcio,2021-09-21,250500000,123400000
Associazione Calcio Fiorentina,Football Club Internazionale Milano S.p.A.,2021-09-21,163000000,413500000
Udinese Calcio,Società Sportiva Calcio Napoli,2021-09-20,71000000,314000000
Verona Hellas Football Club,Associazione Sportiva Roma,2021-09-19,69500000,255500000
Venezia FC,Spezia Calcio,2021-09-19,23875000,30100000
Società Sportiva Lazio S.p.A.,Cagliari Calcio,2021-09-19,234300000,98500000
Juventus Football Club,Associazione Calcio Milan,2021-09-19,285500000,310000000
FC Empoli,UC Sampdoria,2021-09-19,41250000,71700000
Football Club Internazionale Milano S.p.A.,Bologna Football Club 1909,2021-09-18,421500000,70600000
Genoa Cricket and Football Club,Associazione Calcio Fiorentina,2021-09-18,46100000,146500000
US Salernitana 1919,Atalanta Bergamasca Calcio S.p.a.,2021-09-18,16850000,253000000
Unione Sportiva Sassuolo Calcio,Torino Calcio,2021-09-17,127000000,76100000
Bologna Football Club 1909,Verona Hellas Football Club,2021-09-13,95300000,70000000
UC Sampdoria,Football Club Internazionale Milano S.p.A.,2021-09-12,71700000,363500000
Associazione Calcio Milan,Società Sportiva Lazio S.p.A.,2021-09-12,320000000,223300000
Torino Calcio,US Salernitana 1919,2021-09-12,65800000,23100000
Associazione Sportiva Roma,Unione Sportiva Sassuolo Calcio,2021-09-12,266000000,127000000
Spezia Calcio,Udinese Calcio,2021-09-12,31550000,71000000
Cagliari Calcio,Genoa Cricket and Football Club,2021-09-12,92000000,35100000
Atalanta Bergamasca Calcio S.p.a.,Associazione Calcio Fiorentina,2021-09-11,192000000,125300000
Società Sportiva Calcio Napoli,Juventus Football Club,2021-09-11,323000000,241000000
FC Empoli,Venezia FC,2021-09-11,39750000,25900000
Associazione Calcio Milan,Cagliari Calcio,2021-08-29,233000000,78300000
Unione Sportiva Sassuolo Calcio,UC Sampdoria,2021-08-29,97000000,70200000
Genoa Cricket and Football Club,Società Sportiva Calcio Napoli,2021-08-29,47100000,317000000
US Salernitana 1919,Associazione Sportiva Roma,2021-08-29,15250000,234000000
Juventus Football Club,FC Empoli,2021-08-28,374000000,39750000
Associazione Calcio Fiorentina,Torino Calcio,2021-08-28,144300000,95100000
Società Sportiva Lazio S.p.A.,Spezia Calcio,2021-08-28,222800000,31600000
Atalanta Bergamasca Calcio S.p.a.,Bologna Football Club 1909,2021-08-28,235000000,69600000
Verona Hellas Football Club,Football Club Internazionale Milano S.p.A.,2021-08-27,71100000,413500000
Udinese Calcio,Venezia FC,2021-08-27,64000000,25800000
Cagliari Calcio,Spezia Calcio,2021-08-23,103500000,31050000
UC Sampdoria,Associazione Calcio Milan,2021-08-23,71700000,233000000
Udinese Calcio,Juventus Football Club,2021-08-22,61000000,323000000
Bologna Football Club 1909,US Salernitana 1919,2021-08-22,92300000,15950000
Associazione Sportiva Roma,Associazione Calcio Fiorentina,2021-08-22,266000000,138000000
Società Sportiva Calcio Napoli,Venezia FC,2021-08-22,355000000,16275000
Football Club Internazionale Milano S.p.A.,Genoa Cricket and Football Club,2021-08-21,346500000,37600000
Verona Hellas Football Club,Unione Sportiva Sassuolo Calcio,2021-08-21,55400000,97000000
Torino Calcio,Atalanta Bergamasca Calcio S.p.a.,2021-08-21,64100000,243000000
FC Empoli,Società Sportiva Lazio S.p.A.,2021-08-21,38750000,192800000
Football Club Internazionale Milano S.p.A.,Udinese Calcio,2021-05-23,240000000,100700000
Società Sportiva Calcio Napoli,Verona Hellas Football Club,2021-05-23,354000000,58000000
Unione Sportiva Sassuolo Calcio,Società Sportiva Lazio S.p.A.,2021-05-23,140500000,107700000
Torino Calcio,Benevento Calcio,2021-05-23,62000000,22975000
Atalanta Bergamasca Calcio S.p.a.,Associazione Calcio Milan,2021-05-23,250000000,350000000
Bologna Football Club 1909,Juventus Football Club,2021-05-23,74400000,425000000
Spezia Calcio,Associazione Sportiva Roma,2021-05-23,23500000,136900000
FC Crotone,Associazione Calcio Fiorentina,2021-05-22,24750000,90000000
UC Sampdoria,Parma Calcio 1913,2021-05-22,39800000,37600000
Cagliari Calcio,Genoa Cricket and Football Club,2021-05-22,100300000,34800000
Società Sportiva Lazio S.p.A.,Torino Calcio,2021-05-18,192500000,104500000
Verona Hellas Football Club,Bologna Football Club 1909,2021-05-17,69500000,60800000
Associazione Calcio Fiorentina,Società Sportiva Calcio Napoli,2021-05-16,116500000,334000000
Associazione Calcio Milan,Cagliari Calcio,2021-05-16,354000000,96200000
Parma Calcio 1913,Unione Sportiva Sassuolo Calcio,2021-05-16,41800000,142500000
Benevento Calcio,FC Crotone,2021-05-16,31400000,24250000
Udinese Calcio,UC Sampdoria,2021-05-16,99200000,56000000
Associazione Sportiva Roma,Società Sportiva Lazio S.p.A.,2021-05-15,150900000,230500000
Genoa Cricket and Football Club,Atalanta Bergamasca Calcio S.p.a.,2021-05-15,27700000,254000000
Spezia Calcio,Torino Calcio,2021-05-15,29400000,103500000
Juventus Football Club,Football Club Internazionale Milano S.p.A.,2021-05-15,405000000,519500000
FC Crotone,Verona Hellas Football Club,2021-05-13,26900000,64000000
Cagliari Calcio,Associazione Calcio Fiorentina,2021-05-12,111200000,138000000
Torino Calcio,Associazione Calcio Milan,2021-05-12,62800000,346000000
Società Sportiva Lazio S.p.A.,Parma Calcio 1913,2021-05-12,182000000,40450000
Bologna Football Club 1909,Genoa Cricket and Football Club,2021-05-12,88400000,40800000
Football Club Internazionale Milano S.p.A.,Associazione Sportiva Roma,2021-05-12,300500000,156900000
UC Sampdoria,Spezia Calcio,2021-05-12,52000000,25400000
Atalanta Bergamasca Calcio S.p.a.,Benevento Calcio,2021-05-12,256000000,29300000
Unione Sportiva Sassuolo Calcio,Juventus Football Club,2021-05-12,139000000,431000000
Società Sportiva Calcio Napoli,Udinese Calcio,2021-05-11,354000000,99200000
Genoa Cricket and Football Club,Unione Sportiva Sassuolo Calcio,2021-05-09,29800000,134000000
Associazione Sportiva Roma,FC Crotone,2021-05-09,159900000,27900000
Verona Hellas Football Club,Torino Calcio,2021-05-09,68500000,97800000
Parma Calcio 1913,Atalanta Bergamasca Calcio S.p.a.,2021-05-09,44300000,218500000
Benevento Calcio,Cagliari Calcio,2021-05-09,31400000,96200000
Juventus Football Club,Associazione Calcio Milan,2021-05-09,415000000,327000000
Udinese Calcio,Bologna Football Club 1909,2021-05-08,102500000,76300000
Football Club Internazionale Milano S.p.A.,UC Sampdoria,2021-05-08,260000000,60500000
Associazione Calcio Fiorentina,Società Sportiva Lazio S.p.A.,2021-05-08,130500000,246500000
Spezia Calcio,Società Sportiva Calcio Napoli,2021-05-08,26200000,324000000
Torino Calcio,Parma Calcio 1913,2021-05-03,97500000,40500000
Bologna Football Club 1909,Associazione Calcio Fiorentina,2021-05-02,88000000,126500000
Società Sportiva Calcio Napoli,Cagliari Calcio,2021-05-02,382000000,85200000
Società Sportiva Lazio S.p.A.,Genoa Cricket and Football Club,2021-05-02,238500000,41100000
Unione Sportiva Sassuolo Calcio,Atalanta Bergamasca Calcio S.p.a.,2021-05-02,140500000,257000000
UC Sampdoria,Associazione Sportiva Roma,2021-05-02,64500000,148800000
Udinese Calcio,Juventus Football Club,2021-05-02,83500000,381000000
FC Crotone,Football Club Internazionale Milano S.p.A.,2021-05-01,27900000,497500000
Associazione Calcio Milan,Benevento Calcio,2021-05-01,346000000,27100000
Verona Hellas Football Club,Spezia Calcio,2021-05-01,89500000,26700000
Torino Calcio,Società Sportiva Calcio Napoli,2021-04-26,107500000,327000000
Società Sportiva Lazio S.p.A.,Associazione Calcio Milan,2021-04-26,246500000,341000000
Atalanta Bergamasca Calcio S.p.a.,Bologna Football Club 1909,2021-04-25,239000000,63000000
Benevento Calcio,Udinese Calcio,2021-04-25,24000000,102500000
Football Club Internazionale Milano S.p.A.,Verona Hellas Football Club,2021-04-25,522500000,74500000
Associazione Calcio Fiorentina,Juventus Football Club,2021-04-25,138500000,370000000
Cagliari Calcio,Associazione Sportiva Roma,2021-04-25,85200000,150500000
Genoa Cricket and Football Club,Spezia Calcio,2021-04-24,37200000,28000000
Unione Sportiva Sassuolo Calcio,UC Sampdoria,2021-04-24,129000000,70800000
Parma Calcio 1913,FC Crotone,2021-04-24,53800000,27600000
Associazione Sportiva Roma,Atalanta Bergamasca Calcio S.p.a.,2021-04-22,202500000,233500000
Società Sportiva Calcio Napoli,Società Sportiva Lazio S.p.A.,2021-04-22,334000000,250800000
Udinese Calcio,Cagliari Calcio,2021-04-21,65500000,77200000
Spezia Calcio,Football Club Internazionale Milano S.p.A.,2021-04-21,24400000,522500000
Genoa Cricket and Football Club,Benevento Calcio,2021-04-21,34500000,31800000
Associazione Calcio Milan,Unione Sportiva Sassuolo Calcio,2021-04-21,293000000,141500000
FC Crotone,UC Sampdoria,2021-04-21,23900000,51000000
Bologna Football Club 1909,Torino Calcio,2021-04-21,76000000,103300000
Juventus Football Club,Parma Calcio 1913,2021-04-21,377000000,39650000
Verona Hellas Football Club,Associazione Calcio Fiorentina,2021-04-20,74000000,108500000
Associazione Calcio Milan,Genoa Cricket and Football Club,2021-04-18,350000000,37100000
Società Sportiva Calcio Napoli,Football Club Internazionale Milano S.p.A.,2021-04-18,358000000,519500000
Atalanta Bergamasca Calcio S.p.a.,Juventus Football Club,2021-04-18,240000000,425000000
Bologna Football Club 1909,Spezia Calcio,2021-04-18,76300000,25700000
Torino Calcio,Associazione Sportiva Roma,2021-04-18,106300000,129500000
Società Sportiva Lazio S.p.A.,Benevento Calcio,2021-04-18,250800000,30500000
Unione Sportiva Sassuolo Calcio,Associazione Calcio Fiorentina,2021-04-17,100500000,130500000
FC Crotone,Udinese Calcio,2021-04-17,27200000,101500000
Cagliari Calcio,Parma Calcio 1913,2021-04-17,101000000,51700000
UC Sampdoria,Verona Hellas Football Club,2021-04-17,61800000,89500000
Benevento Calcio,Unione Sportiva Sassuolo Calcio,2021-04-12,27700000,115000000
UC Sampdoria,Società Sportiva Calcio Napoli,2021-04-11,62800000,343000000
Juventus Football Club,Genoa Cricket and Football Club,2021-04-11,427000000,36400000
Verona Hellas Football Club,Società Sportiva Lazio S.p.A.,2021-04-11,82000000,206300000
Associazione Calcio Fiorentina,Atalanta Bergamasca Calcio S.p.a.,2021-04-11,155500000,258000000
Associazione Sportiva Roma,Bologna Football Club 1909,2021-04-11,121500000,64800000
Football Club Internazionale Milano S.p.A.,Cagliari Calcio,2021-04-11,363500000,101000000
Udinese Calcio,Torino Calcio,2021-04-10,101000000,98600000
Parma Calcio 1913,Associazione Calcio Milan,2021-04-10,51650000,327000000
Spezia Calcio,FC Crotone,2021-04-10,28600000,28800000
Football Club Internazionale Milano S.p.A.,Unione Sportiva Sassuolo Calcio,2021-04-07,440500000,92500000
Juventus Football Club,Società Sportiva Calcio Napoli,2021-04-07,376000000,328000000
Atalanta Bergamasca Calcio S.p.a.,Udinese Calcio,2021-04-03,253000000,100700000
Unione Sportiva Sassuolo Calcio,Associazione Sportiva Roma,2021-04-03,92500000,179500000
Società Sportiva Calcio Napoli,FC Crotone,2021-04-03,296000000,26700000
Bologna Football Club 1909,Football Club Internazionale Milano S.p.A.,2021-04-03,82500000,460000000
Cagliari Calcio,Verona Hellas Football Club,2021-04-03,105800000,85500000
Associazione Calcio Milan,UC Sampdoria,2021-04-03,304000000,55000000
Torino Calcio,Juventus Football Club,2021-04-03,100800000,423000000
Società Sportiva Lazio S.p.A.,Spezia Calcio,2021-04-03,205000000,28100000
Genoa Cricket and Football Club,Associazione Calcio Fiorentina,2021-04-03,39500000,131000000
Benevento Calcio,Parma Calcio 1913,2021-04-03,31200000,42850000
Associazione Sportiva Roma,Società Sportiva Calcio Napoli,2021-03-21,180500000,299000000
Juventus Football Club,Benevento Calcio,2021-03-21,445000000,28800000
Udinese Calcio,Società Sportiva Lazio S.p.A.,2021-03-21,93500000,236300000
UC Sampdoria,Torino Calcio,2021-03-21,55600000,97500000
Associazione Calcio Fiorentina,Associazione Calcio Milan,2021-03-21,129300000,293000000
Verona Hellas Football Club,Atalanta Bergamasca Calcio S.p.a.,2021-03-21,74000000,213000000
FC Crotone,Bologna Football Club 1909,2021-03-20,18800000,96800000
Spezia Calcio,Cagliari Calcio,2021-03-20,26400000,110800000
Parma Calcio 1913,Genoa Cricket and Football Club,2021-03-19,50350000,38100000
Torino Calcio,Unione Sportiva Sassuolo Calcio,2021-03-17,97200000,93000000
Associazione Calcio Milan,Società Sportiva Calcio Napoli,2021-03-14,302000000,307000000
Bologna Football Club 1909,UC Sampdoria,2021-03-14,78300000,54500000
Parma Calcio 1913,Associazione Sportiva Roma,2021-03-14,51350000,178000000
Torino Calcio,Football Club Internazionale Milano S.p.A.,2021-03-14,73200000,483500000
Cagliari Calcio,Juventus Football Club,2021-03-14,129700000,410000000
Unione Sportiva Sassuolo Calcio,Verona Hellas Football Club,2021-03-13,122500000,70500000
Benevento Calcio,Associazione Calcio Fiorentina,2021-03-13,31800000,106300000
Genoa Cricket and Football Club,Udinese Calcio,2021-03-13,38900000,88600000
Società Sportiva Lazio S.p.A.,FC Crotone,2021-03-12,237800000,29100000
Atalanta Bergamasca Calcio S.p.a.,Spezia Calcio,2021-03-12,187000000,22050000
Football Club Internazionale Milano S.p.A.,Atalanta Bergamasca Calcio S.p.a.,2021-03-08,476500000,209000000
UC Sampdoria,Cagliari Calcio,2021-03-07,55200000,112200000
Verona Hellas Football Club,Associazione Calcio Milan,2021-03-07,70500000,253000000
Società Sportiva Calcio Napoli,Bologna Football Club 1909,2021-03-07,295000000,41900000
Associazione Calcio Fiorentina,Parma Calcio 1913,2021-03-07,130800000,44600000
Associazione Sportiva Roma,Genoa Cricket and Football Club,2021-03-07,159000000,30300000
FC Crotone,Torino Calcio,2021-03-07,29100000,57500000
Udinese Calcio,Unione Sportiva Sassuolo Calcio,2021-03-06,87600000,129000000
Spezia Calcio,Benevento Calcio,2021-03-06,20500000,31700000
Juventus Football Club,Società Sportiva Lazio S.p.A.,2021-03-06,343000000,233500000
Parma Calcio 1913,Football Club Internazionale Milano S.p.A.,2021-03-04,51000000,443500000
Atalanta Bergamasca Calcio S.p.a.,FC Crotone,2021-03-03,175000000,22400000
Associazione Calcio Milan,Udinese Calcio,2021-03-03,317000000,89500000
Associazione Calcio Fiorentina,Associazione Sportiva Roma,2021-03-03,147000000,220500000
Cagliari Calcio,Bologna Football Club 1909,2021-03-03,128300000,83600000
Benevento Calcio,Verona Hellas Football Club,2021-03-03,26400000,70500000
Genoa Cricket and Football Club,UC Sampdoria,2021-03-03,37100000,49100000
Unione Sportiva Sassuolo Calcio,Società Sportiva Calcio Napoli,2021-03-03,137000000,274000000
Juventus Football Club,Spezia Calcio,2021-03-02,368500000,17850000
Udinese Calcio,Associazione Calcio Fiorentina,2021-02-28,85500000,139800000
FC Crotone,Cagliari Calcio,2021-02-28,26000000,112200000
UC Sampdoria,Atalanta Bergamasca Calcio S.p.a.,2021-02-28,57000000,195000000
Associazione Sportiva Roma,Associazione Calcio Milan,2021-02-28,190000000,317000000
Football Club Internazionale Milano S.p.A.,Genoa Cricket and Football Club,2021-02-28,460500000,40700000
Società Sportiva Calcio Napoli,Benevento Calcio,2021-02-28,325000000,28300000
Spezia Calcio,Parma Calcio 1913,2021-02-27,21050000,58000000
Bologna Football Club 1909,Società Sportiva Lazio S.p.A.,2021-02-27,83200000,252800000
Verona Hellas Football Club,Juventus Football Club,2021-02-27,77500000,439000000
Juventus Football Club,FC Crotone,2021-02-22,395000000,27900000
Benevento Calcio,Associazione Sportiva Roma,2021-02-21,30500000,174500000
Parma Calcio 1913,Udinese Calcio,2021-02-21,60700000,89000000
Atalanta Bergamasca Calcio S.p.a.,Società Sportiva Calcio Napoli,2021-02-21,225000000,294000000
Associazione Calcio Milan,Football Club Internazionale Milano S.p.A.,2021-02-21,336000000,503500000
Unione Sportiva Sassuolo Calcio,Bologna Football Club 1909,2021-02-20,130000000,102600000
Società Sportiva Lazio S.p.A.,UC Sampdoria,2021-02-20,234500000,47500000
Genoa Cricket and Football Club,Verona Hellas Football Club,2021-02-20,36600000,76500000
Cagliari Calcio,Torino Calcio,2021-02-19,119700000,98000000
Associazione Calcio Fiorentina,Spezia Calcio,2021-02-19,143000000,21650000
Verona Hellas Football Club,Parma Calcio 1913,2021-02-15,67000000,56200000
FC Crotone,Unione Sportiva Sassuolo Calcio,2021-02-14,26900000,120400000
Football Club Internazionale Milano S.p.A.,Società Sportiva Lazio S.p.A.,2021-02-14,503500000,252800000
Cagliari Calcio,Atalanta Bergamasca Calcio S.p.a.,2021-02-14,127500000,187500000
Associazione Sportiva Roma,Udinese Calcio,2021-02-14,209000000,91000000
UC Sampdoria,Associazione Calcio Fiorentina,2021-02-14,67300000,150000000
Società Sportiva Calcio Napoli,Juventus Football Club,2021-02-13,314000000,403000000
Torino Calcio,Genoa Cricket and Football Club,2021-02-13,98000000,34500000
Spezia Calcio,Associazione Calcio Milan,2021-02-13,21050000,334000000
Bologna Football Club 1909,Benevento Calcio,2021-02-12,86400000,31800000
Benevento Calcio,UC Sampdoria,2021-02-07,31800000,60900000
Udinese Calcio,Verona Hellas Football Club,2021-02-07,66000000,75000000
Parma Calcio 1913,Bologna Football Club 1909,2021-02-07,46500000,82900000
Associazione Calcio Milan,FC Crotone,2021-02-07,309000000,24200000
Società Sportiva Lazio S.p.A.,Cagliari Calcio,2021-02-07,244800000,115000000
Unione Sportiva Sassuolo Calcio,Spezia Calcio,2021-02-06,133500000,18750000
Genoa Cricket and Football Club,Società Sportiva Calcio Napoli,2021-02-06,33200000,241000000
Juventus Football Club,Associazione Sportiva Roma,2021-02-06,360000000,199000000
Atalanta Bergamasca Calcio S.p.a.,Torino Calcio,2021-02-06,177000000,100200000
Associazione Calcio Fiorentina,Football Club Internazionale Milano S.p.A.,2021-02-05,94800000,416500000
Spezia Calcio,Udinese Calcio,2021-01-31,25350000,100000000
Associazione Sportiva Roma,Verona Hellas Football Club,2021-01-31,208000000,66500000
FC Crotone,Genoa Cricket and Football Club,2021-01-31,21050000,38100000
Società Sportiva Calcio Napoli,Parma Calcio 1913,2021-01-31,309000000,54000000
Atalanta Bergamasca Calcio S.p.a.,Società Sportiva Lazio S.p.A.,2021-01-31,184000000,249300000
Cagliari Calcio,Unione Sportiva Sassuolo Calcio,2021-01-31,88900000,133500000
UC Sampdoria,Juventus Football Club,2021-01-30,52000000,364000000
Football Club Internazionale Milano S.p.A.,Benevento Calcio,2021-01-30,429000000,32000000
Bologna Football Club 1909,Associazione Calcio Milan,2021-01-30,101900000,336000000
Torino Calcio,Associazione Calcio Fiorentina,2021-01-29,83300000,144500000
Verona Hellas Football Club,Società Sportiva Calcio Napoli,2021-01-24,70500000,319000000
Società Sportiva Lazio S.p.A.,Unione Sportiva Sassuolo Calcio,2021-01-24,202800000,116000000
Juventus Football Club,Bologna Football Club 1909,2021-01-24,331000000,96400000
Genoa Cricket and Football Club,Cagliari Calcio,2021-01-24,38100000,121700000
Parma Calcio 1913,UC Sampdoria,2021-01-24,55200000,53300000
Associazione Sportiva Roma,Spezia Calcio,2021-01-23,199000000,19600000
Udinese Calcio,Football Club Internazionale Milano S.p.A.,2021-01-23,104500000,468500000
Associazione Calcio Fiorentina,FC Crotone,2021-01-23,138000000,21650000
Associazione Calcio Milan,Atalanta Bergamasca Calcio S.p.a.,2021-01-23,263000000,220000000
Benevento Calcio,Torino Calcio,2021-01-22,27700000,89500000
Udinese Calcio,Atalanta Bergamasca Calcio S.p.a.,2021-01-20,104500000,185000000
Cagliari Calcio,Associazione Calcio Milan,2021-01-18,101700000,250000000
Società Sportiva Calcio Napoli,Associazione Calcio Fiorentina,2021-01-17,313000000,138000000
Football Club Internazionale Milano S.p.A.,Juventus Football Club,2021-01-17,468500000,325500000
Atalanta Bergamasca Calcio S.p.a.,Genoa Cricket and Football Club,2021-01-17,221000000,41300000
Unione Sportiva Sassuolo Calcio,Parma Calcio 1913,2021-01-17,74000000,46200000
FC Crotone,Benevento Calcio,2021-01-17,18900000,23200000
Bologna Football Club 1909,Verona Hellas Football Club,2021-01-16,99900000,68000000
UC Sampdoria,Udinese Calcio,2021-01-16,49500000,107700000
Torino Calcio,Spezia Calcio,2021-01-16,94400000,23450000
Società Sportiva Lazio S.p.A.,Associazione Sportiva Roma,2021-01-15,237300000,206000000
Spezia Calcio,UC Sampdoria,2021-01-11,24450000,65000000
Parma Calcio 1913,Società Sportiva Lazio S.p.A.,2021-01-10,50600000,237300000
Associazione Calcio Fiorentina,Cagliari Calcio,2021-01-10,126500000,96500000
Juventus Football Club,Unione Sportiva Sassuolo Calcio,2021-01-10,396500000,111000000
Associazione Sportiva Roma,Football Club Internazionale Milano S.p.A.,2021-01-10,206000000,473500000
Udinese Calcio,Società Sportiva Calcio Napoli,2021-01-10,107300000,321000000
Verona Hellas Football Club,FC Crotone,2021-01-10,72000000,19300000
Associazione Calcio Milan,Torino Calcio,2021-01-09,311000000,96000000
Benevento Calcio,Atalanta Bergamasca Calcio S.p.a.,2021-01-09,21300000,212000000
Genoa Cricket and Football Club,Bologna Football Club 1909,2021-01-09,33700000,78400000
Torino Calcio,Verona Hellas Football Club,2021-01-06,95200000,66500000
Società Sportiva Lazio S.p.A.,Associazione Calcio Fiorentina,2021-01-06,259200000,121000000
Atalanta Bergamasca Calcio S.p.a.,Parma Calcio 1913,2021-01-06,199000000,59600000
UC Sampdoria,Football Club Internazionale Milano S.p.A.,2021-01-06,62200000,395500000
Bologna Football Club 1909,Udinese Calcio,2021-01-06,87200000,96700000
Unione Sportiva Sassuolo Calcio,Genoa Cricket and Football Club,2021-01-06,145500000,42800000
Società Sportiva Calcio Napoli,Spezia Calcio,2021-01-06,317000000,21650000
FC Crotone,Associazione Sportiva Roma,2021-01-06,20700000,147500000
Cagliari Calcio,Benevento Calcio,2021-01-06,104200000,22200000
Associazione Calcio Milan,Juventus Football Club,2021-01-06,312000000,418500000
Cagliari Calcio,Società Sportiva Calcio Napoli,2021-01-03,123200000,309000000
Associazione Calcio Fiorentina,Bologna Football Club 1909,2021-01-03,126500000,92000000
Spezia Calcio,Verona Hellas Football Club,2021-01-03,26650000,67500000
Atalanta Bergamasca Calcio S.p.a.,Unione Sportiva Sassuolo Calcio,2021-01-03,215000000,153500000
Football Club Internazionale Milano S.p.A.,FC Crotone,2021-01-03,468500000,18450000
Associazione Sportiva Roma,UC Sampdoria,2021-01-03,185500000,48900000
Juventus Football Club,Udinese Calcio,2021-01-03,437000000,96500000
Benevento Calcio,Associazione Calcio Milan,2021-01-03,29200000,317000000
Genoa Cricket and Football Club,Società Sportiva Lazio S.p.A.,2021-01-03,33500000,224300000
Parma Calcio 1913,Torino Calcio,2021-01-03,50000000,99500000
Udinese Calcio,Benevento Calcio,2020-12-23,87000000,27400000
Associazione Calcio Milan,Società Sportiva Lazio S.p.A.,2020-12-23,295000000,252500000
Bologna Football Club 1909,Atalanta Bergamasca Calcio S.p.a.,2020-12-23,59000000,202000000
Associazione Sportiva Roma,Cagliari Calcio,2020-12-23,141000000,113400000
Società Sportiva Calcio Napoli,Torino Calcio,2020-12-23,272000000,97100000
Spezia Calcio,Genoa Cricket and Football Club,2020-12-23,15500000,28000000
Verona Hellas Football Club,Football Club Internazionale Milano S.p.A.,2020-12-23,50800000,472000000
UC Sampdoria,Unione Sportiva Sassuolo Calcio,2020-12-23,51700000,130200000
Juventus Football Club,Associazione Calcio Fiorentina,2020-12-22,415000000,139200000
FC Crotone,Parma Calcio 1913,2020-12-22,17200000,55300000
Società Sportiva Lazio S.p.A.,Società Sportiva Calcio Napoli,2020-12-20,224500000,304000000
Atalanta Bergamasca Calcio S.p.a.,Associazione Sportiva Roma,2020-12-20,226000000,177000000
Cagliari Calcio,Udinese Calcio,2020-12-20,99700000,98000000
Unione Sportiva Sassuolo Calcio,Associazione Calcio Milan,2020-12-20,97000000,305500000
Benevento Calcio,Genoa Cricket and Football Club,2020-12-20,27350000,43600000
Torino Calcio,Bologna Football Club 1909,2020-12-20,93200000,71700000
Football Club Internazionale Milano S.p.A.,Spezia Calcio,2020-12-20,471000000,7800000
Associazione Calcio Fiorentina,Verona Hellas Football Club,2020-12-19,139000000,54100000
UC Sampdoria,FC Crotone,2020-12-19,52500000,24300000
Parma Calcio 1913,Juventus Football Club,2020-12-19,49400000,378000000
Associazione Sportiva Roma,Torino Calcio,2020-12-17,183000000,77300000
Juventus Football Club,Atalanta Bergamasca Calcio S.p.a.,2020-12-16,433000000,220000000
Genoa Cricket and Football Club,Associazione Calcio Milan,2020-12-16,53600000,288500000
Spezia Calcio,Bologna Football Club 1909,2020-12-16,18500000,67200000
Associazione Calcio Fiorentina,Unione Sportiva Sassuolo Calcio,2020-12-16,142000000,121250000
Verona Hellas Football Club,UC Sampdoria,2020-12-16,54600000,52500000
Football Club Internazionale Milano S.p.A.,Società Sportiva Calcio Napoli,2020-12-16,427500000,312000000
Parma Calcio 1913,Cagliari Calcio,2020-12-16,47700000,93900000
Benevento Calcio,Società Sportiva Lazio S.p.A.,2020-12-15,27150000,249500000
Udinese Calcio,FC Crotone,2020-12-15,83300000,16650000
Bologna Football Club 1909,Associazione Sportiva Roma,2020-12-13,60000000,184000000
Atalanta Bergamasca Calcio S.p.a.,Associazione Calcio Fiorentina,2020-12-13,226000000,138700000
Associazione Calcio Milan,Parma Calcio 1913,2020-12-13,312500000,50400000
Cagliari Calcio,Football Club Internazionale Milano S.p.A.,2020-12-13,82500000,421500000
Genoa Cricket and Football Club,Juventus Football Club,2020-12-13,51500000,461000000
Società Sportiva Calcio Napoli,UC Sampdoria,2020-12-13,339000000,47000000
Torino Calcio,Udinese Calcio,2020-12-12,93500000,96300000
FC Crotone,Spezia Calcio,2020-12-12,23000000,18800000
Società Sportiva Lazio S.p.A.,Verona Hellas Football Club,2020-12-12,165600000,57300000
Unione Sportiva Sassuolo Calcio,Benevento Calcio,2020-12-11,103100000,26450000
Associazione Calcio Fiorentina,Genoa Cricket and Football Club,2020-12-07,155500000,44700000
Associazione Sportiva Roma,Unione Sportiva Sassuolo Calcio,2020-12-06,153000000,131650000
FC Crotone,Società Sportiva Calcio Napoli,2020-12-06,20900000,309000000
Verona Hellas Football Club,Cagliari Calcio,2020-12-06,49100000,82100000
Parma Calcio 1913,Benevento Calcio,2020-12-06,50700000,27350000
UC Sampdoria,Associazione Calcio Milan,2020-12-06,56200000,313500000
Juventus Football Club,Torino Calcio,2020-12-05,464000000,92500000
Spezia Calcio,Società Sportiva Lazio S.p.A.,2020-12-05,13200000,241300000
Football Club Internazionale Milano S.p.A.,Bologna Football Club 1909,2020-12-05,389000000,64500000
Genoa Cricket and Football Club,Parma Calcio 1913,2020-11-30,47800000,50600000
Torino Calcio,UC Sampdoria,2020-11-30,87500000,48000000
Cagliari Calcio,Spezia Calcio,2020-11-29,86300000,12300000
Associazione Calcio Milan,Associazione Calcio Fiorentina,2020-11-29,316000000,155500000
Società Sportiva Calcio Napoli,Associazione Sportiva Roma,2020-11-29,357000000,175000000
Bologna Football Club 1909,FC Crotone,2020-11-29,84500000,23500000
Società Sportiva Lazio S.p.A.,Udinese Calcio,2020-11-29,205800000,78700000
Atalanta Bergamasca Calcio S.p.a.,Verona Hellas Football Club,2020-11-28,194500000,47800000
Unione Sportiva Sassuolo Calcio,Football Club Internazionale Milano S.p.A.,2020-11-28,128300000,340500000
Benevento Calcio,Juventus Football Club,2020-11-28,27850000,415500000
Udinese Calcio,Genoa Cricket and Football Club,2020-11-22,80800000,49300000
Football Club Internazionale Milano S.p.A.,Torino Calcio,2020-11-22,289000000,72000000
UC Sampdoria,Bologna Football Club 1909,2020-11-22,50300000,84500000
Associazione Calcio Fiorentina,Benevento Calcio,2020-11-22,169000000,18350000
Verona Hellas Football Club,Unione Sportiva Sassuolo Calcio,2020-11-22,46500000,128300000
Società Sportiva Calcio Napoli,Associazione Calcio Milan,2020-11-22,355000000,306500000
Associazione Sportiva Roma,Parma Calcio 1913,2020-11-22,146000000,59800000
Spezia Calcio,Atalanta Bergamasca Calcio S.p.a.,2020-11-21,15000000,193500000
Juventus Football Club,Cagliari Calcio,2020-11-21,386000000,92700000
FC Crotone,Società Sportiva Lazio S.p.A.,2020-11-21,21300000,184400000
Atalanta Bergamasca Calcio S.p.a.,Football Club Internazionale Milano S.p.A.,2020-11-08,189500000,354500000
Associazione Calcio Milan,Verona Hellas Football Club,2020-11-08,271000000,49500000
Genoa Cricket and Football Club,Associazione Sportiva Roma,2020-11-08,38500000,187500000
Società Sportiva Lazio S.p.A.,Juventus Football Club,2020-11-08,217500000,335500000
Torino Calcio,FC Crotone,2020-11-08,98000000,22900000
Bologna Football Club 1909,Società Sportiva Calcio Napoli,2020-11-08,96000000,362000000
Cagliari Calcio,UC Sampdoria,2020-11-07,118900000,51200000
Parma Calcio 1913,Associazione Calcio Fiorentina,2020-11-07,51800000,141500000
Benevento Calcio,Spezia Calcio,2020-11-07,23200000,16200000
Unione Sportiva Sassuolo Calcio,Udinese Calcio,2020-11-06,141500000,80800000
Genoa Cricket and Football Club,Torino Calcio,2020-11-04,48800000,94000000
Verona Hellas Football Club,Benevento Calcio,2020-11-02,50200000,29300000
Udinese Calcio,Associazione Calcio Milan,2020-11-01,92600000,302500000
Spezia Calcio,Juventus Football Club,2020-11-01,16450000,376000000
UC Sampdoria,Genoa Cricket and Football Club,2020-11-01,52700000,33200000
Torino Calcio,Società Sportiva Lazio S.p.A.,2020-11-01,98000000,183400000
Associazione Sportiva Roma,Associazione Calcio Fiorentina,2020-11-01,177000000,138500000
Società Sportiva Calcio Napoli,Unione Sportiva Sassuolo Calcio,2020-11-01,336000000,121300000
Bologna Football Club 1909,Cagliari Calcio,2020-10-31,84500000,115900000
Football Club Internazionale Milano S.p.A.,Parma Calcio 1913,2020-10-31,326500000,49900000
FC Crotone,Atalanta Bergamasca Calcio S.p.a.,2020-10-31,23800000,173500000
Associazione Calcio Milan,Associazione Sportiva Roma,2020-10-26,212700000,167150000
Cagliari Calcio,FC Crotone,2020-10-25,109500000,21450000
Parma Calcio 1913,Spezia Calcio,2020-10-25,52100000,19200000
Juventus Football Club,Verona Hellas Football Club,2020-10-25,357000000,46750000
Benevento Calcio,Società Sportiva Calcio Napoli,2020-10-25,28325000,367500000
Associazione Calcio Fiorentina,Udinese Calcio,2020-10-25,149500000,63350000
Atalanta Bergamasca Calcio S.p.a.,UC Sampdoria,2020-10-24,124100000,52700000
Genoa Cricket and Football Club,Football Club Internazionale Milano S.p.A.,2020-10-24,29500000,358500000
Società Sportiva Lazio S.p.A.,Bologna Football Club 1909,2020-10-24,173400000,70600000
Unione Sportiva Sassuolo Calcio,Torino Calcio,2020-10-23,101800000,97000000
Verona Hellas Football Club,Genoa Cricket and Football Club,2020-10-19,37450000,31500000
Torino Calcio,Cagliari Calcio,2020-10-18,94000000,109500000
Udinese Calcio,Parma Calcio 1913,2020-10-18,62950000,42900000
Spezia Calcio,Associazione Calcio Fiorentina,2020-10-18,10400000,145000000
Bologna Football Club 1909,Unione Sportiva Sassuolo Calcio,2020-10-18,82600000,107000000
Associazione Sportiva Roma,Benevento Calcio,2020-10-18,161150000,32525000
FC Crotone,Juventus Football Club,2020-10-17,20400000,291675000
UC Sampdoria,Società Sportiva Lazio S.p.A.,2020-10-17,51200000,211600000
Football Club Internazionale Milano S.p.A.,Associazione Calcio Milan,2020-10-17,414000000,271500000
Società Sportiva Calcio Napoli,Atalanta Bergamasca Calcio S.p.a.,2020-10-17,320500000,194000000
Società Sportiva Lazio S.p.A.,Football Club Internazionale Milano S.p.A.,2020-10-04,270500000,458000000
Parma Calcio 1913,Verona Hellas Football Club,2020-10-04,40600000,49150000
Associazione Calcio Milan,Spezia Calcio,2020-10-04,210500000,16800000
Benevento Calcio,Bologna Football Club 1909,2020-10-04,27975000,68500000
Atalanta Bergamasca Calcio S.p.a.,Cagliari Calcio,2020-10-04,211000000,109500000
Unione Sportiva Sassuolo Calcio,FC Crotone,2020-10-03,103000000,17800000
Udinese Calcio,Associazione Sportiva Roma,2020-10-03,84100000,170150000
Associazione Calcio Fiorentina,UC Sampdoria,2020-10-02,185000000,48200000
Società Sportiva Lazio S.p.A.,Atalanta Bergamasca Calcio S.p.a.,2020-09-30,245500000,212000000
Udinese Calcio,Spezia Calcio,2020-09-30,74700000,15900000
Benevento Calcio,Football Club Internazionale Milano S.p.A.,2020-09-30,24400000,322000000
Bologna Football Club 1909,Parma Calcio 1913,2020-09-28,64500000,41100000
Spezia Calcio,Unione Sportiva Sassuolo Calcio,2020-09-27,20700000,98500000
Verona Hellas Football Club,Udinese Calcio,2020-09-27,46950000,75700000
Associazione Sportiva Roma,Juventus Football Club,2020-09-27,170150000,292000000
FC Crotone,Associazione Calcio Milan,2020-09-27,16800000,262000000
Società Sportiva Calcio Napoli,Genoa Cricket and Football Club,2020-09-27,377000000,45600000
Cagliari Calcio,Società Sportiva Lazio S.p.A.,2020-09-26,106800000,270500000
Football Club Internazionale Milano S.p.A.,Associazione Calcio Fiorentina,2020-09-26,397000000,172000000
Torino Calcio,Atalanta Bergamasca Calcio S.p.a.,2020-09-26,98500000,200500000
UC Sampdoria,Benevento Calcio,2020-09-26,52100000,24925000
Associazione Calcio Milan,Bologna Football Club 1909,2020-09-21,253000000,95500000
Parma Calcio 1913,Società Sportiva Calcio Napoli,2020-09-20,59900000,331000000
Genoa Cricket and Football Club,FC Crotone,2020-09-20,38500000,14850000
Juventus Football Club,UC Sampdoria,2020-09-20,256075000,51600000
Unione Sportiva Sassuolo Calcio,Cagliari Calcio,2020-09-20,95600000,103650000
Associazione Calcio Fiorentina,Torino Calcio,2020-09-19,167000000,108500000
Verona Hellas Football Club,Associazione Sportiva Roma,2020-09-19,31750000,172150000
SPAL,Associazione Calcio Fiorentina,2020-08-02,21875000,135000000
Unione Sportiva Sassuolo Calcio,Udinese Calcio,2020-08-02,79300000,61425000
Bologna Football Club 1909,Torino Calcio,2020-08-02,42550000,92400000
Unione Sportiva Lecce,Parma Calcio 1913,2020-08-02,24875000,68700000
Genoa Cricket and Football Club,Verona Hellas Football Club,2020-08-02,41200000,47975000
Brescia Calcio,UC Sampdoria,2020-08-01,44000000,38350000
Juventus Football Club,Associazione Sportiva Roma,2020-08-01,170350000,114400000
Atalanta Bergamasca Calcio S.p.a.,Football Club Internazionale Milano S.p.A.,2020-08-01,188000000,334000000
Associazione Calcio Milan,Cagliari Calcio,2020-08-01,184700000,76400000
Società Sportiva Calcio Napoli,Società Sportiva Lazio S.p.A.,2020-08-01,292300000,254600000
Verona Hellas Football Club,SPAL,2020-07-29,42475000,30725000
Cagliari Calcio,Juventus Football Club,2020-07-29,70400000,293500000
Associazione Calcio Fiorentina,Bologna Football Club 1909,2020-07-29,152200000,75375000
Società Sportiva Lazio S.p.A.,Brescia Calcio,2020-07-29,255900000,44250000
Unione Sportiva Sassuolo Calcio,Genoa Cricket and Football Club,2020-07-29,85400000,50925000
Torino Calcio,Associazione Sportiva Roma,2020-07-29,60350000,159000000
Udinese Calcio,Unione Sportiva Lecce,2020-07-29,69900000,25450000
UC Sampdoria,Associazione Calcio Milan,2020-07-29,55850000,184000000
Football Club Internazionale Milano S.p.A.,Società Sportiva Calcio Napoli,2020-07-28,279000000,286000000
Parma Calcio 1913,Atalanta Bergamasca Calcio S.p.a.,2020-07-28,66700000,175200000
Cagliari Calcio,Udinese Calcio,2020-07-26,73075000,61825000
SPAL,Torino Calcio,2020-07-26,36275000,110300000
Associazione Sportiva Roma,Associazione Calcio Fiorentina,2020-07-26,182000000,149300000
Juventus Football Club,UC Sampdoria,2020-07-26,410000000,57400000
Bologna Football Club 1909,Unione Sportiva Lecce,2020-07-26,49250000,24650000
Verona Hellas Football Club,Società Sportiva Lazio S.p.A.,2020-07-26,52075000,240400000
Società Sportiva Calcio Napoli,Unione Sportiva Sassuolo Calcio,2020-07-25,305300000,84250000
Brescia Calcio,Parma Calcio 1913,2020-07-25,42600000,65800000
Genoa Cricket and Football Club,Football Club Internazionale Milano S.p.A.,2020-07-25,49575000,339500000
Associazione Calcio Milan,Atalanta Bergamasca Calcio S.p.a.,2020-07-24,142800000,179000000
Udinese Calcio,Juventus Football Club,2020-07-23,65100000,421000000
Società Sportiva Lazio S.p.A.,Cagliari Calcio,2020-07-23,230200000,89600000
Torino Calcio,Verona Hellas Football Club,2020-07-22,98800000,46800000
UC Sampdoria,Genoa Cricket and Football Club,2020-07-22,65600000,55825000
Parma Calcio 1913,Società Sportiva Calcio Napoli,2020-07-22,41550000,317500000
Unione Sportiva Lecce,Brescia Calcio,2020-07-22,24800000,50500000
Football Club Internazionale Milano S.p.A.,Associazione Calcio Fiorentina,2020-07-22,280000000,105800000
SPAL,Associazione Sportiva Roma,2020-07-22,19300000,166800000
Atalanta Bergamasca Calcio S.p.a.,Bologna Football Club 1909,2020-07-21,185000000,58550000
Unione Sportiva Sassuolo Calcio,Associazione Calcio Milan,2020-07-21,65525000,219800000
Juventus Football Club,Società Sportiva Lazio S.p.A.,2020-07-20,423500000,179600000
Brescia Calcio,SPAL,2020-07-19,51300000,31425000
Associazione Sportiva Roma,Football Club Internazionale Milano S.p.A.,2020-07-19,167800000,317000000
Parma Calcio 1913,UC Sampdoria,2020-07-19,63300000,57700000
Associazione Calcio Fiorentina,Torino Calcio,2020-07-19,155800000,92300000
Genoa Cricket and Football Club,Unione Sportiva Lecce,2020-07-19,54025000,26800000
Società Sportiva Calcio Napoli,Udinese Calcio,2020-07-19,289300000,66925000
Verona Hellas Football Club,Atalanta Bergamasca Calcio S.p.a.,2020-07-18,59600000,173000000
Cagliari Calcio,Unione Sportiva Sassuolo Calcio,2020-07-18,80100000,79550000
Associazione Calcio Milan,Bologna Football Club 1909,2020-07-18,217300000,82750000
SPAL,Football Club Internazionale Milano S.p.A.,2020-07-16,37800000,309700000
Torino Calcio,Genoa Cricket and Football Club,2020-07-16,98800000,47775000
Unione Sportiva Lecce,Associazione Calcio Fiorentina,2020-07-15,26150000,147300000
Associazione Sportiva Roma,Verona Hellas Football Club,2020-07-15,167800000,67800000
Udinese Calcio,Società Sportiva Lazio S.p.A.,2020-07-15,66125000,227700000
Bologna Football Club 1909,Società Sportiva Calcio Napoli,2020-07-15,66650000,246000000
Associazione Calcio Milan,Parma Calcio 1913,2020-07-15,204300000,70900000
UC Sampdoria,Cagliari Calcio,2020-07-15,63100000,73825000
Unione Sportiva Sassuolo Calcio,Juventus Football Club,2020-07-15,73550000,375500000
Atalanta Bergamasca Calcio S.p.a.,Brescia Calcio,2020-07-14,151000000,14150000
Football Club Internazionale Milano S.p.A.,Torino Calcio,2020-07-13,247200000,109300000
Parma Calcio 1913,Bologna Football Club 1909,2020-07-12,28900000,87350000
Cagliari Calcio,Unione Sportiva Lecce,2020-07-12,101600000,26650000
Associazione Calcio Fiorentina,Verona Hellas Football Club,2020-07-12,129300000,73600000
Genoa Cricket and Football Club,SPAL,2020-07-12,40800000,32225000
Udinese Calcio,UC Sampdoria,2020-07-12,62700000,57100000
Società Sportiva Calcio Napoli,Associazione Calcio Milan,2020-07-12,273800000,236000000
Società Sportiva Lazio S.p.A.,Unione Sportiva Sassuolo Calcio,2020-07-11,212100000,73625000
Brescia Calcio,Associazione Sportiva Roma,2020-07-11,44900000,122950000
Juventus Football Club,Atalanta Bergamasca Calcio S.p.a.,2020-07-11,386000000,178500000
Verona Hellas Football Club,Football Club Internazionale Milano S.p.A.,2020-07-09,75200000,262700000
SPAL,Udinese Calcio,2020-07-09,34225000,67325000
Associazione Calcio Fiorentina,Cagliari Calcio,2020-07-08,133200000,99300000
Atalanta Bergamasca Calcio S.p.a.,UC Sampdoria,2020-07-08,182500000,72400000
Associazione Sportiva Roma,Parma Calcio 1913,2020-07-08,181300000,68300000
Torino Calcio,Brescia Calcio,2020-07-08,98800000,50800000
Bologna Football Club 1909,Unione Sportiva Sassuolo Calcio,2020-07-08,72200000,70550000
Genoa Cricket and Football Club,Società Sportiva Calcio Napoli,2020-07-08,43675000,268500000
Unione Sportiva Lecce,Società Sportiva Lazio S.p.A.,2020-07-07,26650000,160200000
Associazione Calcio Milan,Juventus Football Club,2020-07-07,227800000,325500000
Udinese Calcio,Genoa Cricket and Football Club,2020-07-05,67400000,55375000
Football Club Internazionale Milano S.p.A.,Bologna Football Club 1909,2020-07-05,363500000,90550000
Brescia Calcio,Verona Hellas Football Club,2020-07-05,50800000,57050000
UC Sampdoria,SPAL,2020-07-05,70900000,22475000
Cagliari Calcio,Atalanta Bergamasca Calcio S.p.a.,2020-07-05,100300000,118000000
Società Sportiva Calcio Napoli,Associazione Sportiva Roma,2020-07-05,327000000,191300000
Parma Calcio 1913,Associazione Calcio Fiorentina,2020-07-05,70400000,109700000
Unione Sportiva Sassuolo Calcio,Unione Sportiva Lecce,2020-07-04,96500000,25100000
Juventus Football Club,Torino Calcio,2020-07-04,396500000,103300000
Società Sportiva Lazio S.p.A.,Associazione Calcio Milan,2020-07-04,209900000,205300000
Associazione Sportiva Roma,Udinese Calcio,2020-07-02,113150000,58625000
Atalanta Bergamasca Calcio S.p.a.,Società Sportiva Calcio Napoli,2020-07-02,188000000,284300000
SPAL,Associazione Calcio Milan,2020-07-01,30275000,239200000
Bologna Football Club 1909,Cagliari Calcio,2020-07-01,69450000,112300000
Football Club Internazionale Milano S.p.A.,Brescia Calcio,2020-07-01,234000000,50500000
Unione Sportiva Lecce,UC Sampdoria,2020-07-01,20625000,55600000
Associazione Calcio Fiorentina,Unione Sportiva Sassuolo Calcio,2020-07-01,160000000,80900000
Verona Hellas Football Club,Parma Calcio 1913,2020-07-01,49400000,61900000
Torino Calcio,Società Sportiva Lazio S.p.A.,2020-06-30,99000000,218200000
Genoa Cricket and Football Club,Juventus Football Club,2020-06-30,64775000,427500000
Udinese Calcio,Atalanta Bergamasca Calcio S.p.a.,2020-06-28,51100000,172000000
Unione Sportiva Sassuolo Calcio,Verona Hellas Football Club,2020-06-28,67200000,76200000
Parma Calcio 1913,Football Club Internazionale Milano S.p.A.,2020-06-28,62400000,334300000
Associazione Calcio Milan,Associazione Sportiva Roma,2020-06-28,231200000,191150000
UC Sampdoria,Bologna Football Club 1909,2020-06-28,69800000,63650000
Società Sportiva Calcio Napoli,SPAL,2020-06-28,279500000,37000000
Brescia Calcio,Genoa Cricket and Football Club,2020-06-27,50100000,68375000
Società Sportiva Lazio S.p.A.,Associazione Calcio Fiorentina,2020-06-27,217400000,117900000
Cagliari Calcio,Torino Calcio,2020-06-27,100000000,97900000
Juventus Football Club,Unione Sportiva Lecce,2020-06-26,422000000,14050000
Football Club Internazionale Milano S.p.A.,Unione Sportiva Sassuolo Calcio,2020-06-24,268200000,75050000
Associazione Sportiva Roma,UC Sampdoria,2020-06-24,113450000,65300000
Atalanta Bergamasca Calcio S.p.a.,Società Sportiva Lazio S.p.A.,2020-06-24,176000000,245500000
Genoa Cricket and Football Club,Parma Calcio 1913,2020-06-23,53525000,63200000
Torino Calcio,Udinese Calcio,2020-06-23,96900000,73825000
SPAL,Cagliari Calcio,2020-06-23,33175000,89600000
Verona Hellas Football Club,Società Sportiva Calcio Napoli,2020-06-23,69800000,281300000
Unione Sportiva Lecce,Associazione Calcio Milan,2020-06-22,19425000,231200000
Bologna Football Club 1909,Juventus Football Club,2020-06-22,79250000,421000000
Associazione Calcio Fiorentina,Brescia Calcio,2020-06-22,151700000,49200000
Football Club Internazionale Milano S.p.A.,UC Sampdoria,2020-06-21,389000000,68400000
Atalanta Bergamasca Calcio S.p.a.,Unione Sportiva Sassuolo Calcio,2020-06-21,180000000,83900000
Verona Hellas Football Club,Cagliari Calcio,2020-06-20,68450000,93100000
Torino Calcio,Parma Calcio 1913,2020-06-20,96900000,68200000
Unione Sportiva Sassuolo Calcio,Brescia Calcio,2020-03-09,105000000,27400000
Associazione Calcio Milan,Genoa Cricket and Football Club,2020-03-08,218500000,58000000
Parma Calcio 1913,SPAL,2020-03-08,80300000,47100000
Udinese Calcio,Associazione Calcio Fiorentina,2020-03-08,85500000,203500000
Juventus Football Club,Football Club Internazionale Milano S.p.A.,2020-03-08,443000000,465000000
UC Sampdoria,Verona Hellas Football Club,2020-03-08,74500000,69700000
Unione Sportiva Lecce,Atalanta Bergamasca Calcio S.p.a.,2020-03-01,28600000,205000000
Cagliari Calcio,Associazione Sportiva Roma,2020-03-01,88000000,180000000
Società Sportiva Lazio S.p.A.,Bologna Football Club 1909,2020-02-29,271000000,72200000
Società Sportiva Calcio Napoli,Torino Calcio,2020-02-29,339500000,132500000
Associazione Sportiva Roma,Unione Sportiva Lecce,2020-02-23,246500000,28000000
Genoa Cricket and Football Club,Società Sportiva Lazio S.p.A.,2020-02-23,50600000,221000000
SPAL,Juventus Football Club,2020-02-22,39300000,410000000
Bologna Football Club 1909,Udinese Calcio,2020-02-22,77400000,99500000
Associazione Calcio Fiorentina,Associazione Calcio Milan,2020-02-22,210500000,248000000
Brescia Calcio,Società Sportiva Calcio Napoli,2020-02-21,60300000,297500000
Associazione Calcio Milan,Torino Calcio,2020-02-17,269000000,104000000
Società Sportiva Lazio S.p.A.,Football Club Internazionale Milano S.p.A.,2020-02-16,237000000,429800000
Unione Sportiva Sassuolo Calcio,Parma Calcio 1913,2020-02-16,92500000,40000000
Cagliari Calcio,Società Sportiva Calcio Napoli,2020-02-16,115500000,268500000
Udinese Calcio,Verona Hellas Football Club,2020-02-16,99500000,63200000
UC Sampdoria,Associazione Calcio Fiorentina,2020-02-16,81500000,200500000
Juventus Football Club,Brescia Calcio,2020-02-16,401000000,28700000
Bologna Football Club 1909,Genoa Cricket and Football Club,2020-02-15,69700000,52500000
Unione Sportiva Lecce,SPAL,2020-02-15,29000000,42800000
Atalanta Bergamasca Calcio S.p.a.,Associazione Sportiva Roma,2020-02-15,198000000,208500000
Società Sportiva Calcio Napoli,Unione Sportiva Lecce,2020-02-09,330500000,30000000
Brescia Calcio,Udinese Calcio,2020-02-09,67700000,79400000
SPAL,Unione Sportiva Sassuolo Calcio,2020-02-09,51100000,105000000
Genoa Cricket and Football Club,Cagliari Calcio,2020-02-09,70000000,126500000
Football Club Internazionale Milano S.p.A.,Associazione Calcio Milan,2020-02-09,374800000,254000000
Parma Calcio 1913,Società Sportiva Lazio S.p.A.,2020-02-09,43300000,167000000
Associazione Calcio Fiorentina,Atalanta Bergamasca Calcio S.p.a.,2020-02-08,223000000,193000000
Verona Hellas Football Club,Juventus Football Club,2020-02-08,48200000,495000000
Torino Calcio,UC Sampdoria,2020-02-08,148500000,84000000
Associazione Sportiva Roma,Bologna Football Club 1909,2020-02-07,217000000,67700000
Società Sportiva Lazio S.p.A.,Verona Hellas Football Club,2020-02-05,235000000,42200000
UC Sampdoria,Società Sportiva Calcio Napoli,2020-02-03,82500000,321000000
Juventus Football Club,Associazione Calcio Fiorentina,2020-02-02,495000000,178500000
Società Sportiva Lazio S.p.A.,SPAL,2020-02-02,236000000,28800000
Udinese Calcio,Football Club Internazionale Milano S.p.A.,2020-02-02,96400000,399300000
Unione Sportiva Lecce,Torino Calcio,2020-02-02,30000000,131000000
Atalanta Bergamasca Calcio S.p.a.,Genoa Cricket and Football Club,2020-02-02,192000000,73500000
Associazione Calcio Milan,Verona Hellas Football Club,2020-02-02,282000000,47200000
Cagliari Calcio,Parma Calcio 1913,2020-02-01,126500000,36000000
Unione Sportiva Sassuolo Calcio,Associazione Sportiva Roma,2020-02-01,92500000,259000000
Bologna Football Club 1909,Brescia Calcio,2020-02-01,60700000,60500000
Parma Calcio 1913,Udinese Calcio,2020-01-26,63000000,99500000
Associazione Sportiva Roma,Società Sportiva Lazio S.p.A.,2020-01-26,259000000,279000000
Società Sportiva Calcio Napoli,Juventus Football Club,2020-01-26,361000000,528000000
UC Sampdoria,Unione Sportiva Sassuolo Calcio,2020-01-26,78500000,93500000
Verona Hellas Football Club,Unione Sportiva Lecce,2020-01-26,46400000,23100000
Football Club Internazionale Milano S.p.A.,Cagliari Calcio,2020-01-26,396500000,133000000
SPAL,Bologna Football Club 1909,2020-01-25,44100000,59600000
Associazione Calcio Fiorentina,Genoa Cricket and Football Club,2020-01-25,211500000,59400000
Torino Calcio,Atalanta Bergamasca Calcio S.p.a.,2020-01-25,148500000,198000000
Brescia Calcio,Associazione Calcio Milan,2020-01-24,60500000,246000000
Atalanta Bergamasca Calcio S.p.a.,SPAL,2020-01-20,193500000,44100000
Associazione Calcio Milan,Udinese Calcio,2020-01-19,246000000,99500000
Brescia Calcio,Cagliari Calcio,2020-01-19,63500000,125000000
Genoa Cricket and Football Club,Associazione Sportiva Roma,2020-01-19,62900000,254000000
Bologna Football Club 1909,Verona Hellas Football Club,2020-01-19,83700000,44900000
Unione Sportiva Lecce,Football Club Internazionale Milano S.p.A.,2020-01-19,24900000,450000000
Juventus Football Club,Parma Calcio 1913,2020-01-19,528000000,73000000
Società Sportiva Lazio S.p.A.,UC Sampdoria,2020-01-18,239000000,95500000
Unione Sportiva Sassuolo Calcio,Torino Calcio,2020-01-18,93500000,144500000
Società Sportiva Calcio Napoli,Associazione Calcio Fiorentina,2020-01-18,347500000,221500000
Parma Calcio 1913,Unione Sportiva Lecce,2020-01-13,79000000,23100000
Associazione Sportiva Roma,Juventus Football Club,2020-01-12,257000000,473000000
Associazione Calcio Fiorentina,SPAL,2020-01-12,205500000,43500000
Udinese Calcio,Unione Sportiva Sassuolo Calcio,2020-01-12,99500000,80300000
Verona Hellas Football Club,Genoa Cricket and Football Club,2020-01-12,47200000,62400000
UC Sampdoria,Brescia Calcio,2020-01-12,83400000,32300000
Torino Calcio,Bologna Football Club 1909,2020-01-12,148500000,64700000
Cagliari Calcio,Associazione Calcio Milan,2020-01-11,125000000,254500000
Football Club Internazionale Milano S.p.A.,Atalanta Bergamasca Calcio S.p.a.,2020-01-11,383000000,192000000
Società Sportiva Lazio S.p.A.,Società Sportiva Calcio Napoli,2020-01-11,244000000,357500000
Atalanta Bergamasca Calcio S.p.a.,Parma Calcio 1913,2020-01-06,162500000,62800000
Bologna Football Club 1909,Associazione Calcio Fiorentina,2020-01-06,68700000,207500000
Associazione Calcio Milan,UC Sampdoria,2020-01-06,278000000,85500000
Società Sportiva Calcio Napoli,Football Club Internazionale Milano S.p.A.,2020-01-06,394000000,421000000
Unione Sportiva Lecce,Udinese Calcio,2020-01-06,22800000,89900000
Juventus Football Club,Cagliari Calcio,2020-01-06,473000000,123500000
Brescia Calcio,Società Sportiva Lazio S.p.A.,2020-01-05,69700000,236500000
Genoa Cricket and Football Club,Unione Sportiva Sassuolo Calcio,2020-01-05,58400000,98000000
SPAL,Verona Hellas Football Club,2020-01-05,40200000,37600000
Associazione Sportiva Roma,Torino Calcio,2020-01-05,257000000,144500000
Unione Sportiva Lecce,Bologna Football Club 1909,2019-12-22,22500000,71000000
Parma Calcio 1913,Brescia Calcio,2019-12-22,62300000,65700000
Unione Sportiva Sassuolo Calcio,Società Sportiva Calcio Napoli,2019-12-22,85650000,383000000
Atalanta Bergamasca Calcio S.p.a.,Associazione Calcio Milan,2019-12-22,166000000,270000000
Torino Calcio,SPAL,2019-12-21,146500000,40200000
Football Club Internazionale Milano S.p.A.,Genoa Cricket and Football Club,2019-12-21,292500000,74000000
Udinese Calcio,Cagliari Calcio,2019-12-21,93400000,82200000
Associazione Calcio Fiorentina,Associazione Sportiva Roma,2019-12-20,142500000,257000000
UC Sampdoria,Juventus Football Club,2019-12-18,88500000,428000000
Brescia Calcio,Unione Sportiva Sassuolo Calcio,2019-12-18,65300000,106650000
Cagliari Calcio,Società Sportiva Lazio S.p.A.,2019-12-16,89200000,279000000
Bologna Football Club 1909,Atalanta Bergamasca Calcio S.p.a.,2019-12-15,61700000,174000000
Juventus Football Club,Udinese Calcio,2019-12-15,360000000,91900000
Associazione Calcio Milan,Unione Sportiva Sassuolo Calcio,2019-12-15,295000000,84950000
Associazione Sportiva Roma,SPAL,2019-12-15,215000000,39100000
Verona Hellas Football Club,Torino Calcio,2019-12-15,44900000,121000000
Associazione Calcio Fiorentina,Football Club Internazionale Milano S.p.A.,2019-12-15,196500000,413500000
Brescia Calcio,Unione Sportiva Lecce,2019-12-14,58000000,18400000
Genoa Cricket and Football Club,UC Sampdoria,2019-12-14,73500000,73500000
Società Sportiva Calcio Napoli,Parma Calcio 1913,2019-12-14,453000000,65500000
SPAL,Brescia Calcio,2019-12-08,48200000,76900000
Unione Sportiva Sassuolo Calcio,Cagliari Calcio,2019-12-08,69900000,92000000
Bologna Football Club 1909,Associazione Calcio Milan,2019-12-08,47300000,311000000
UC Sampdoria,Parma Calcio 1913,2019-12-08,78500000,47500000
Unione Sportiva Lecce,Genoa Cricket and Football Club,2019-12-08,21800000,72200000
Torino Calcio,Associazione Calcio Fiorentina,2019-12-08,117000000,166000000
Società Sportiva Lazio S.p.A.,Juventus Football Club,2019-12-07,239000000,538000000
Atalanta Bergamasca Calcio S.p.a.,Verona Hellas Football Club,2019-12-07,147500000,20900000
Udinese Calcio,Società Sportiva Calcio Napoli,2019-12-07,90000000,430000000
Football Club Internazionale Milano S.p.A.,Associazione Sportiva Roma,2019-12-06,343500000,207800000
Cagliari Calcio,UC Sampdoria,2019-12-02,80200000,78500000
Parma Calcio 1913,Associazione Calcio Milan,2019-12-01,47000000,311000000
Verona Hellas Football Club,Associazione Sportiva Roma,2019-12-01,22400000,222000000
Società Sportiva Lazio S.p.A.,Udinese Calcio,2019-12-01,239000000,92000000
Juventus Football Club,Unione Sportiva Sassuolo Calcio,2019-12-01,475000000,59900000
Società Sportiva Calcio Napoli,Bologna Football Club 1909,2019-12-01,383000000,61050000
Football Club Internazionale Milano S.p.A.,SPAL,2019-12-01,358000000,48300000
Brescia Calcio,Atalanta Bergamasca Calcio S.p.a.,2019-11-30,73625000,138500000
Genoa Cricket and Football Club,Torino Calcio,2019-11-30,62700000,111000000
Associazione Calcio Fiorentina,Unione Sportiva Lecce,2019-11-30,102000000,16900000
SPAL,Genoa Cricket and Football Club,2019-11-25,47300000,77300000
Unione Sportiva Lecce,Cagliari Calcio,2019-11-25,17400000,90800000
Associazione Sportiva Roma,Brescia Calcio,2019-11-24,247000000,63000000
Unione Sportiva Sassuolo Calcio,Società Sportiva Lazio S.p.A.,2019-11-24,66800000,235800000
UC Sampdoria,Udinese Calcio,2019-11-24,79000000,76000000
Bologna Football Club 1909,Parma Calcio 1913,2019-11-24,64500000,34900000
Verona Hellas Football Club,Associazione Calcio Fiorentina,2019-11-24,21900000,103300000
Torino Calcio,Football Club Internazionale Milano S.p.A.,2019-11-23,145000000,383000000
Atalanta Bergamasca Calcio S.p.a.,Juventus Football Club,2019-11-23,138500000,438500000
Associazione Calcio Milan,Società Sportiva Calcio Napoli,2019-11-23,302000000,397000000
Parma Calcio 1913,Associazione Sportiva Roma,2019-11-10,46900000,203000000
Società Sportiva Lazio S.p.A.,Unione Sportiva Lecce,2019-11-10,235800000,23900000
Juventus Football Club,Associazione Calcio Milan,2019-11-10,498000000,297000000
Cagliari Calcio,Associazione Calcio Fiorentina,2019-11-10,99300000,172500000
Udinese Calcio,SPAL,2019-11-10,82000000,19900000
UC Sampdoria,Atalanta Bergamasca Calcio S.p.a.,2019-11-10,70500000,147000000
Brescia Calcio,Torino Calcio,2019-11-09,80100000,149000000
Società Sportiva Calcio Napoli,Genoa Cricket and Football Club,2019-11-09,379000000,65700000
Football Club Internazionale Milano S.p.A.,Verona Hellas Football Club,2019-11-09,384000000,21700000
Unione Sportiva Sassuolo Calcio,Bologna Football Club 1909,2019-11-08,73900000,55300000
SPAL,UC Sampdoria,2019-11-04,49800000,74500000
Unione Sportiva Lecce,Unione Sportiva Sassuolo Calcio,2019-11-03,23300000,99600000
Verona Hellas Football Club,Brescia Calcio,2019-11-03,23200000,77325000
Atalanta Bergamasca Calcio S.p.a.,Cagliari Calcio,2019-11-03,144500000,79000000
Associazione Calcio Milan,Società Sportiva Lazio S.p.A.,2019-11-03,282000000,233000000
Associazione Calcio Fiorentina,Parma Calcio 1913,2019-11-03,156000000,53900000
Genoa Cricket and Football Club,Udinese Calcio,2019-11-03,83200000,80500000
Associazione Sportiva Roma,Società Sportiva Calcio Napoli,2019-11-02,199000000,430000000
Bologna Football Club 1909,Football Club Internazionale Milano S.p.A.,2019-11-02,58050000,376000000
Torino Calcio,Juventus Football Club,2019-11-02,143000000,507000000
Associazione Calcio Milan,SPAL,2019-10-31,301000000,46900000
Società Sportiva Calcio Napoli,Atalanta Bergamasca Calcio S.p.a.,2019-10-30,426000000,150500000
Cagliari Calcio,Bologna Football Club 1909,2019-10-30,103500000,64750000
Società Sportiva Lazio S.p.A.,Torino Calcio,2019-10-30,189800000,143500000
Udinese Calcio,Associazione Sportiva Roma,2019-10-30,86000000,193000000
Juventus Football Club,Genoa Cricket and Football Club,2019-10-30,389500000,82700000
UC Sampdoria,Unione Sportiva Lecce,2019-10-30,54500000,18800000
Unione Sportiva Sassuolo Calcio,Associazione Calcio Fiorentina,2019-10-30,78800000,179500000
Brescia Calcio,Football Club Internazionale Milano S.p.A.,2019-10-29,71425000,372000000
Parma Calcio 1913,Verona Hellas Football Club,2019-10-29,53100000,25200000
Bologna Football Club 1909,UC Sampdoria,2019-10-27,43050000,85000000
Associazione Calcio Fiorentina,Società Sportiva Lazio S.p.A.,2019-10-27,173500000,230800000
SPAL,Società Sportiva Calcio Napoli,2019-10-27,50800000,361000000
Associazione Sportiva Roma,Associazione Calcio Milan,2019-10-27,192000000,297000000
Atalanta Bergamasca Calcio S.p.a.,Udinese Calcio,2019-10-27,149500000,85000000
Torino Calcio,Cagliari Calcio,2019-10-27,142000000,98000000
Genoa Cricket and Football Club,Brescia Calcio,2019-10-26,69300000,76600000
Unione Sportiva Lecce,Juventus Football Club,2019-10-26,23400000,496000000
Football Club Internazionale Milano S.p.A.,Parma Calcio 1913,2019-10-26,334000000,53900000
Verona Hellas Football Club,Unione Sportiva Sassuolo Calcio,2019-10-25,23900000,85800000
Brescia Calcio,Associazione Calcio Fiorentina,2019-10-21,60600000,173500000
Unione Sportiva Sassuolo Calcio,Football Club Internazionale Milano S.p.A.,2019-10-20,87800000,364000000
UC Sampdoria,Associazione Sportiva Roma,2019-10-20,90500000,228000000
Associazione Calcio Milan,Unione Sportiva Lecce,2019-10-20,297000000,21500000
Cagliari Calcio,SPAL,2019-10-20,88500000,45500000
Udinese Calcio,Torino Calcio,2019-10-20,80000000,152500000
Parma Calcio 1913,Genoa Cricket and Football Club,2019-10-20,56400000,58200000
Società Sportiva Calcio Napoli,Verona Hellas Football Club,2019-10-19,434000000,23700000
Società Sportiva Lazio S.p.A.,Atalanta Bergamasca Calcio S.p.a.,2019-10-19,222000000,130500000
Juventus Football Club,Bologna Football Club 1909,2019-10-19,450500000,58050000
Associazione Calcio Fiorentina,Udinese Calcio,2019-10-06,167300000,78500000
Torino Calcio,Società Sportiva Calcio Napoli,2019-10-06,152500000,386000000
Atalanta Bergamasca Calcio S.p.a.,Unione Sportiva Lecce,2019-10-06,174500000,18100000
Football Club Internazionale Milano S.p.A.,Juventus Football Club,2019-10-06,371000000,520000000
Bologna Football Club 1909,Società Sportiva Lazio S.p.A.,2019-10-06,55800000,220000000
Associazione Sportiva Roma,Cagliari Calcio,2019-10-06,219000000,97300000
Genoa Cricket and Football Club,Associazione Calcio Milan,2019-10-05,75500000,253000000
Verona Hellas Football Club,UC Sampdoria,2019-10-05,18775000,68000000
SPAL,Parma Calcio 1913,2019-10-05,42700000,35500000
Parma Calcio 1913,Torino Calcio,2019-09-30,29800000,153500000
Associazione Calcio Milan,Associazione Calcio Fiorentina,2019-09-29,315000000,167300000
Unione Sportiva Lecce,Associazione Sportiva Roma,2019-09-29,19800000,224000000
Cagliari Calcio,Verona Hellas Football Club,2019-09-29,75300000,22000000
Società Sportiva Calcio Napoli,Brescia Calcio,2019-09-29,296500000,64700000
Udinese Calcio,Bologna Football Club 1909,2019-09-29,72500000,67500000
Società Sportiva Lazio S.p.A.,Genoa Cricket and Football Club,2019-09-29,220000000,79300000
Unione Sportiva Sassuolo Calcio,Atalanta Bergamasca Calcio S.p.a.,2019-09-28,92000000,149500000
UC Sampdoria,Football Club Internazionale Milano S.p.A.,2019-09-28,91000000,297000000
Juventus Football Club,SPAL,2019-09-28,471000000,44700000
Torino Calcio,Associazione Calcio Milan,2019-09-26,137500000,315000000
Football Club Internazionale Milano S.p.A.,Società Sportiva Lazio S.p.A.,2019-09-25,373000000,193000000
SPAL,Unione Sportiva Lecce,2019-09-25,50600000,19200000
Società Sportiva Calcio Napoli,Cagliari Calcio,2019-09-25,358000000,73500000
Genoa Cricket and Football Club,Bologna Football Club 1909,2019-09-25,81000000,64000000
Associazione Calcio Fiorentina,UC Sampdoria,2019-09-25,167300000,97000000
Associazione Sportiva Roma,Atalanta Bergamasca Calcio S.p.a.,2019-09-25,228000000,157500000
Parma Calcio 1913,Unione Sportiva Sassuolo Calcio,2019-09-25,50300000,78300000
Verona Hellas Football Club,Udinese Calcio,2019-09-24,17700000,83000000
Brescia Calcio,Juventus Football Club,2019-09-24,64600000,475000000
UC Sampdoria,Torino Calcio,2019-09-22,79000000,127500000
Unione Sportiva Sassuolo Calcio,SPAL,2019-09-22,100000000,49200000
Unione Sportiva Lecce,Società Sportiva Calcio Napoli,2019-09-22,14900000,343500000
Società Sportiva Lazio S.p.A.,Parma Calcio 1913,2019-09-22,220000000,52000000
Bologna Football Club 1909,Associazione Sportiva Roma,2019-09-22,66250000,220000000
Atalanta Bergamasca Calcio S.p.a.,Associazione Calcio Fiorentina,2019-09-22,150000000,167300000
Udinese Calcio,Brescia Calcio,2019-09-21,71500000,50600000
Associazione Calcio Milan,Football Club Internazionale Milano S.p.A.,2019-09-21,306000000,371000000
Juventus Football Club,Verona Hellas Football Club,2019-09-21,399000000,17775000
Cagliari Calcio,Genoa Cricket and Football Club,2019-09-20,73800000,65500000
Torino Calcio,Unione Sportiva Lecce,2019-09-16,124000000,18500000
SPAL,Società Sportiva Lazio S.p.A.,2019-09-15,52400000,143800000
Brescia Calcio,Bologna Football Club 1909,2019-09-15,48600000,61250000
Parma Calcio 1913,Cagliari Calcio,2019-09-15,52000000,75300000
Associazione Sportiva Roma,Unione Sportiva Sassuolo Calcio,2019-09-15,220000000,105000000
Verona Hellas Football Club,Associazione Calcio Milan,2019-09-15,20075000,331000000
Genoa Cricket and Football Club,Atalanta Bergamasca Calcio S.p.a.,2019-09-15,81000000,151500000
Football Club Internazionale Milano S.p.A.,Udinese Calcio,2019-09-14,363000000,81500000
Società Sportiva Calcio Napoli,UC Sampdoria,2019-09-14,323000000,85400000
Associazione Calcio Fiorentina,Juventus Football Club,2019-09-14,167300000,465000000
Atalanta Bergamasca Calcio S.p.a.,Torino Calcio,2019-09-01,155500000,124000000
Unione Sportiva Lecce,Verona Hellas Football Club,2019-09-01,18600000,16475000
Società Sportiva Lazio S.p.A.,Associazione Sportiva Roma,2019-09-01,231000000,250000000
Cagliari Calcio,Football Club Internazionale Milano S.p.A.,2019-09-01,87700000,296000000
Udinese Calcio,Parma Calcio 1913,2019-09-01,87000000,48000000
Genoa Cricket and Football Club,Associazione Calcio Fiorentina,2019-09-01,81000000,162300000
Unione Sportiva Sassuolo Calcio,UC Sampdoria,2019-09-01,105500000,87000000
Juventus Football Club,Società Sportiva Calcio Napoli,2019-08-31,459000000,437000000
Associazione Calcio Milan,Brescia Calcio,2019-08-31,302000000,47700000
Bologna Football Club 1909,SPAL,2019-08-30,64550000,46300000
Football Club Internazionale Milano S.p.A.,Unione Sportiva Lecce,2019-08-26,296000000,17900000
UC Sampdoria,Società Sportiva Lazio S.p.A.,2019-08-25,99500000,225000000
Verona Hellas Football Club,Bologna Football Club 1909,2019-08-25,17975000,58800000
SPAL,Atalanta Bergamasca Calcio S.p.a.,2019-08-25,46300000,157500000
Udinese Calcio,Associazione Calcio Milan,2019-08-25,80500000,317000000
Torino Calcio,Unione Sportiva Sassuolo Calcio,2019-08-25,111000000,88000000
Associazione Sportiva Roma,Genoa Cricket and Football Club,2019-08-25,237000000,81000000
Cagliari Calcio,Brescia Calcio,2019-08-25,78375000,48700000
Associazione Calcio Fiorentina,Società Sportiva Calcio Napoli,2019-08-24,156800000,426000000
Parma Calcio 1913,Juventus Football Club,2019-08-24,43500000,391500000
Associazione Sportiva Roma,Parma Calcio 1913,2019-05-26,181300000,24600000
UC Sampdoria,Juventus Football Club,2019-05-26,84400000,255000000
Torino Calcio,Società Sportiva Lazio S.p.A.,2019-05-26,123000000,101600000
Cagliari Calcio,Udinese Calcio,2019-05-26,85700000,50000000
Associazione Calcio Fiorentina,Genoa Cricket and Football Club,2019-05-26,219000000,61500000
SPAL,Associazione Calcio Milan,2019-05-26,50800000,319000000
Atalanta Bergamasca Calcio S.p.a.,Unione Sportiva Sassuolo Calcio,2019-05-26,128500000,91950000
Football Club Internazionale Milano S.p.A.,FC Empoli,2019-05-26,392000000,33700000
Frosinone Calcio,Chievo Verona,2019-05-25,13400000,16800000
Bologna Football Club 1909,Società Sportiva Calcio Napoli,2019-05-25,40100000,272500000
Società Sportiva Lazio S.p.A.,Bologna Football Club 1909,2019-05-20,121300000,40100000
Parma Calcio 1913,Associazione Calcio Fiorentina,2019-05-19,41800000,213300000
Chievo Verona,UC Sampdoria,2019-05-19,22600000,88000000
Società Sportiva Calcio Napoli,Football Club Internazionale Milano S.p.A.,2019-05-19,345500000,282000000
Associazione Calcio Milan,Frosinone Calcio,2019-05-19,319000000,14600000
Juventus Football Club,Atalanta Bergamasca Calcio S.p.a.,2019-05-19,526000000,129500000
FC Empoli,Torino Calcio,2019-05-19,33700000,114800000
Genoa Cricket and Football Club,Cagliari Calcio,2019-05-18,39500000,77000000
Unione Sportiva Sassuolo Calcio,Associazione Sportiva Roma,2019-05-18,95800000,240800000
Udinese Calcio,SPAL,2019-05-18,72500000,52100000
Football Club Internazionale Milano S.p.A.,Chievo Verona,2019-05-13,316000000,15900000
Bologna Football Club 1909,Parma Calcio 1913,2019-05-13,40300000,37700000
SPAL,Società Sportiva Calcio Napoli,2019-05-12,47300000,322000000
Frosinone Calcio,Udinese Calcio,2019-05-12,18200000,71500000
Torino Calcio,Unione Sportiva Sassuolo Calcio,2019-05-12,105300000,72800000
Associazione Sportiva Roma,Juventus Football Club,2019-05-12,269800000,424000000
UC Sampdoria,FC Empoli,2019-05-12,97900000,39400000
Atalanta Bergamasca Calcio S.p.a.,Genoa Cricket and Football Club,2019-05-11,128000000,71000000
Cagliari Calcio,Società Sportiva Lazio S.p.A.,2019-05-11,77500000,102100000
Associazione Calcio Fiorentina,Associazione Calcio Milan,2019-05-11,170800000,319000000
Associazione Calcio Milan,Bologna Football Club 1909,2019-05-06,274500000,39100000
Genoa Cricket and Football Club,Associazione Sportiva Roma,2019-05-05,71000000,274800000
FC Empoli,Associazione Calcio Fiorentina,2019-05-05,39400000,183500000
Parma Calcio 1913,UC Sampdoria,2019-05-05,41000000,106500000
Società Sportiva Calcio Napoli,Cagliari Calcio,2019-05-05,381000000,79500000
Società Sportiva Lazio S.p.A.,Atalanta Bergamasca Calcio S.p.a.,2019-05-05,152500000,132500000
Unione Sportiva Sassuolo Calcio,Frosinone Calcio,2019-05-05,80200000,25800000
Udinese Calcio,Football Club Internazionale Milano S.p.A.,2019-05-04,71000000,306000000
Chievo Verona,SPAL,2019-05-04,11400000,47800000
Juventus Football Club,Torino Calcio,2019-05-03,427000000,105000000
Associazione Calcio Fiorentina,Unione Sportiva Sassuolo Calcio,2019-04-29,186800000,83800000
Atalanta Bergamasca Calcio S.p.a.,Udinese Calcio,2019-04-29,136000000,73500000
Frosinone Calcio,Società Sportiva Calcio Napoli,2019-04-28,23700000,287000000
SPAL,Genoa Cricket and Football Club,2019-04-28,51000000,63000000
Chievo Verona,Parma Calcio 1913,2019-04-28,20400000,40100000
UC Sampdoria,Società Sportiva Lazio S.p.A.,2019-04-28,96900000,84500000
Torino Calcio,Associazione Calcio Milan,2019-04-28,103300000,352000000
Associazione Sportiva Roma,Cagliari Calcio,2019-04-27,244800000,75500000
Bologna Football Club 1909,FC Empoli,2019-04-27,41100000,42400000
Football Club Internazionale Milano S.p.A.,Juventus Football Club,2019-04-27,392000000,480000000
Società Sportiva Calcio Napoli,Atalanta Bergamasca Calcio S.p.a.,2019-04-22,342500000,132500000
Parma Calcio 1913,Associazione Calcio Milan,2019-04-20,28500000,321500000
Bologna Football Club 1909,UC Sampdoria,2019-04-20,43300000,118400000
Cagliari Calcio,Frosinone Calcio,2019-04-20,54000000,19400000
Genoa Cricket and Football Club,Torino Calcio,2019-04-20,71500000,115800000
Udinese Calcio,Unione Sportiva Sassuolo Calcio,2019-04-20,82000000,83800000
FC Empoli,SPAL,2019-04-20,37100000,48200000
Juventus Football Club,Associazione Calcio Fiorentina,2019-04-20,492000000,205300000
Società Sportiva Lazio S.p.A.,Chievo Verona,2019-04-20,223500000,20400000
Football Club Internazionale Milano S.p.A.,Associazione Sportiva Roma,2019-04-20,286000000,235800000
Società Sportiva Lazio S.p.A.,Udinese Calcio,2019-04-17,189500000,64400000
Atalanta Bergamasca Calcio S.p.a.,FC Empoli,2019-04-15,142000000,40100000
UC Sampdoria,Genoa Cricket and Football Club,2019-04-14,115400000,59800000
Chievo Verona,Società Sportiva Calcio Napoli,2019-04-14,21600000,367500000
Unione Sportiva Sassuolo Calcio,Parma Calcio 1913,2019-04-14,71700000,20200000
Associazione Calcio Fiorentina,Bologna Football Club 1909,2019-04-14,211300000,43100000
Torino Calcio,Cagliari Calcio,2019-04-14,94300000,78200000
Frosinone Calcio,Football Club Internazionale Milano S.p.A.,2019-04-14,25500000,351000000
Associazione Sportiva Roma,Udinese Calcio,2019-04-13,205300000,82000000
SPAL,Juventus Football Club,2019-04-13,47500000,272400000
Associazione Calcio Milan,Società Sportiva Lazio S.p.A.,2019-04-13,287000000,229000000
Bologna Football Club 1909,Chievo Verona,2019-04-08,41100000,25100000
Football Club Internazionale Milano S.p.A.,Atalanta Bergamasca Calcio S.p.a.,2019-04-07,342000000,118000000
Udinese Calcio,FC Empoli,2019-04-07,83000000,39100000
Società Sportiva Lazio S.p.A.,Unione Sportiva Sassuolo Calcio,2019-04-07,152500000,79400000
Associazione Calcio Fiorentina,Frosinone Calcio,2019-04-07,210300000,22600000
Società Sportiva Calcio Napoli,Genoa Cricket and Football Club,2019-04-07,362500000,55000000
Cagliari Calcio,SPAL,2019-04-07,83800000,27700000
Parma Calcio 1913,Torino Calcio,2019-04-06,19900000,111300000
Juventus Football Club,Associazione Calcio Milan,2019-04-06,398000000,287000000
UC Sampdoria,Associazione Sportiva Roma,2019-04-06,117400000,213800000
Atalanta Bergamasca Calcio S.p.a.,Bologna Football Club 1909,2019-04-04,142000000,48500000
Unione Sportiva Sassuolo Calcio,Chievo Verona,2019-04-04,79300000,18500000
Torino Calcio,UC Sampdoria,2019-04-03,111300000,123000000
Frosinone Calcio,Parma Calcio 1913,2019-04-03,22600000,16300000
SPAL,Società Sportiva Lazio S.p.A.,2019-04-03,49100000,230000000
Genoa Cricket and Football Club,Football Club Internazionale Milano S.p.A.,2019-04-03,77300000,347000000
Associazione Sportiva Roma,Associazione Calcio Fiorentina,2019-04-03,189800000,187500000
FC Empoli,Società Sportiva Calcio Napoli,2019-04-03,38800000,292000000
Cagliari Calcio,Juventus Football Club,2019-04-02,78700000,332000000
Associazione Calcio Milan,Udinese Calcio,2019-04-02,306000000,67500000
Football Club Internazionale Milano S.p.A.,Società Sportiva Lazio S.p.A.,2019-03-31,266000000,229000000
Associazione Sportiva Roma,Società Sportiva Calcio Napoli,2019-03-31,191500000,355000000
Frosinone Calcio,SPAL,2019-03-31,23200000,52000000
Bologna Football Club 1909,Unione Sportiva Sassuolo Calcio,2019-03-31,38300000,88300000
Parma Calcio 1913,Atalanta Bergamasca Calcio S.p.a.,2019-03-31,40400000,140000000
Associazione Calcio Fiorentina,Torino Calcio,2019-03-31,172300000,102300000
Juventus Football Club,FC Empoli,2019-03-30,402000000,38900000
UC Sampdoria,Associazione Calcio Milan,2019-03-30,115400000,322000000
Udinese Calcio,Genoa Cricket and Football Club,2019-03-30,79500000,70300000
Chievo Verona,Cagliari Calcio,2019-03-29,22800000,68200000
Atalanta Bergamasca Calcio S.p.a.,Chievo Verona,2019-03-17,134500000,21000000
Associazione Calcio Milan,Football Club Internazionale Milano S.p.A.,2019-03-17,364000000,315000000
Società Sportiva Lazio S.p.A.,Parma Calcio 1913,2019-03-17,183500000,43200000
FC Empoli,Frosinone Calcio,2019-03-17,38900000,20600000
Società Sportiva Calcio Napoli,Udinese Calcio,2019-03-17,322000000,83500000
Genoa Cricket and Football Club,Juventus Football Club,2019-03-17,70300000,440000000
Unione Sportiva Sassuolo Calcio,UC Sampdoria,2019-03-16,92500000,125000000
SPAL,Associazione Sportiva Roma,2019-03-16,52000000,181500000
Torino Calcio,Bologna Football Club 1909,2019-03-16,128000000,41100000
Cagliari Calcio,Associazione Calcio Fiorentina,2019-03-15,78500000,172100000
Associazione Sportiva Roma,FC Empoli,2019-03-11,216000000,34100000
Bologna Football Club 1909,Cagliari Calcio,2019-03-10,43100000,77200000
Associazione Calcio Fiorentina,Società Sportiva Lazio S.p.A.,2019-03-10,196600000,231000000
Frosinone Calcio,Torino Calcio,2019-03-10,24700000,119300000
Football Club Internazionale Milano S.p.A.,SPAL,2019-03-10,237000000,33200000
UC Sampdoria,Atalanta Bergamasca Calcio S.p.a.,2019-03-10,112400000,134500000
Unione Sportiva Sassuolo Calcio,Società Sportiva Calcio Napoli,2019-03-10,79450000,335500000
Parma Calcio 1913,Genoa Cricket and Football Club,2019-03-09,42100000,64500000
Chievo Verona,Associazione Calcio Milan,2019-03-09,24900000,332000000
Juventus Football Club,Udinese Calcio,2019-03-08,273000000,64000000
Atalanta Bergamasca Calcio S.p.a.,Associazione Calcio Fiorentina,2019-03-03,134500000,202600000
Udinese Calcio,Bologna Football Club 1909,2019-03-03,69500000,38600000
Torino Calcio,Chievo Verona,2019-03-03,117800000,19400000
Società Sportiva Calcio Napoli,Juventus Football Club,2019-03-03,415000000,480000000
Genoa Cricket and Football Club,Frosinone Calcio,2019-03-03,75000000,28200000
SPAL,UC Sampdoria,2019-03-03,30000000,118400000
Associazione Calcio Milan,Unione Sportiva Sassuolo Calcio,2019-03-02,364000000,82300000
FC Empoli,Parma Calcio 1913,2019-03-02,34100000,39300000
Società Sportiva Lazio S.p.A.,Associazione Sportiva Roma,2019-03-02,186500000,225500000
Cagliari Calcio,Football Club Internazionale Milano S.p.A.,2019-03-01,77700000,327000000
UC Sampdoria,Cagliari Calcio,2019-02-24,102400000,63500000
Chievo Verona,Genoa Cricket and Football Club,2019-02-24,18900000,54800000
Associazione Calcio Fiorentina,Football Club Internazionale Milano S.p.A.,2019-02-24,173600000,335000000
Parma Calcio 1913,Società Sportiva Calcio Napoli,2019-02-24,36200000,330500000
Unione Sportiva Sassuolo Calcio,SPAL,2019-02-24,43200000,33300000
Bologna Football Club 1909,Juventus Football Club,2019-02-24,44400000,426000000
Frosinone Calcio,Associazione Sportiva Roma,2019-02-23,23100000,207000000
Torino Calcio,Atalanta Bergamasca Calcio S.p.a.,2019-02-23,111700000,98500000
Associazione Calcio Milan,FC Empoli,2019-02-22,261000000,28600000
Associazione Sportiva Roma,Bologna Football Club 1909,2019-02-18,248000000,44400000
Football Club Internazionale Milano S.p.A.,UC Sampdoria,2019-02-17,328000000,115000000
Genoa Cricket and Football Club,Società Sportiva Lazio S.p.A.,2019-02-17,51800000,136000000
FC Empoli,Unione Sportiva Sassuolo Calcio,2019-02-17,28600000,74500000
Società Sportiva Calcio Napoli,Torino Calcio,2019-02-17,364500000,89200000
SPAL,Associazione Calcio Fiorentina,2019-02-17,40600000,191800000
Udinese Calcio,Chievo Verona,2019-02-17,77200000,16400000
Atalanta Bergamasca Calcio S.p.a.,Associazione Calcio Milan,2019-02-16,125500000,296000000
Cagliari Calcio,Parma Calcio 1913,2019-02-16,71400000,42300000
Juventus Football Club,Frosinone Calcio,2019-02-15,464000000,22400000
Unione Sportiva Sassuolo Calcio,Juventus Football Club,2019-02-10,70500000,409000000
Bologna Football Club 1909,Genoa Cricket and Football Club,2019-02-10,36500000,50000000
UC Sampdoria,Frosinone Calcio,2019-02-10,106000000,21600000
Associazione Calcio Milan,Cagliari Calcio,2019-02-10,296000000,75200000
Torino Calcio,Udinese Calcio,2019-02-10,94200000,77500000
Atalanta Bergamasca Calcio S.p.a.,SPAL,2019-02-10,134000000,44400000
Associazione Calcio Fiorentina,Società Sportiva Calcio Napoli,2019-02-09,153800000,383000000
Parma Calcio 1913,Football Club Internazionale Milano S.p.A.,2019-02-09,41800000,402000000
Chievo Verona,Associazione Sportiva Roma,2019-02-08,19100000,159300000
Società Sportiva Lazio S.p.A.,FC Empoli,2019-02-07,157000000,33500000
Frosinone Calcio,Società Sportiva Lazio S.p.A.,2019-02-04,23000000,153500000
Cagliari Calcio,Atalanta Bergamasca Calcio S.p.a.,2019-02-04,47400000,119500000
SPAL,Torino Calcio,2019-02-03,35000000,97200000
Associazione Sportiva Roma,Associazione Calcio Milan,2019-02-03,201000000,296000000
Football Club Internazionale Milano S.p.A.,Bologna Football Club 1909,2019-02-03,394000000,42100000
Genoa Cricket and Football Club,Unione Sportiva Sassuolo Calcio,2019-02-03,56000000,86000000
Udinese Calcio,Associazione Calcio Fiorentina,2019-02-03,74000000,188300000
Juventus Football Club,Parma Calcio 1913,2019-02-02,397000000,42600000
FC Empoli,Chievo Verona,2019-02-02,33600000,15600000
Società Sportiva Calcio Napoli,UC Sampdoria,2019-02-02,376000000,103000000
FC Empoli,Genoa Cricket and Football Club,2019-01-28,36600000,45800000
Chievo Verona,Associazione Calcio Fiorentina,2019-01-27,13800000,174300000
Torino Calcio,Football Club Internazionale Milano S.p.A.,2019-01-27,101400000,357000000
Parma Calcio 1913,SPAL,2019-01-27,42600000,44000000
Società Sportiva Lazio S.p.A.,Juventus Football Club,2019-01-27,224000000,501000000
Bologna Football Club 1909,Frosinone Calcio,2019-01-27,41800000,23300000
Atalanta Bergamasca Calcio S.p.a.,Associazione Sportiva Roma,2019-01-27,117500000,223500000
Associazione Calcio Milan,Società Sportiva Calcio Napoli,2019-01-26,311000000,332500000
Unione Sportiva Sassuolo Calcio,Cagliari Calcio,2019-01-26,64300000,76700000
UC Sampdoria,Udinese Calcio,2019-01-26,112000000,70700000
Genoa Cricket and Football Club,Associazione Calcio Milan,2019-01-21,43300000,231500000
Juventus Football Club,Chievo Verona,2019-01-21,471000000,15200000
Associazione Calcio Fiorentina,UC Sampdoria,2019-01-20,212000000,104400000
SPAL,Bologna Football Club 1909,2019-01-20,45000000,40800000
Società Sportiva Calcio Napoli,Società Sportiva Lazio S.p.A.,2019-01-20,226500000,223000000
Cagliari Calcio,FC Empoli,2019-01-20,78200000,27200000
Frosinone Calcio,Atalanta Bergamasca Calcio S.p.a.,2019-01-20,21000000,117500000
Associazione Sportiva Roma,Torino Calcio,2019-01-19,232500000,100300000
Udinese Calcio,Parma Calcio 1913,2019-01-19,63700000,43200000
Football Club Internazionale Milano S.p.A.,Unione Sportiva Sassuolo Calcio,2019-01-19,397000000,86000000
Associazione Calcio Milan,SPAL,2018-12-29,307500000,27900000
Unione Sportiva Sassuolo Calcio,Atalanta Bergamasca Calcio S.p.a.,2018-12-29,91400000,117000000
Udinese Calcio,Cagliari Calcio,2018-12-29,63700000,80200000
Genoa Cricket and Football Club,Associazione Calcio Fiorentina,2018-12-29,60800000,192300000
Juventus Football Club,UC Sampdoria,2018-12-29,476000000,87900000
Parma Calcio 1913,Associazione Sportiva Roma,2018-12-29,31600000,248000000
Società Sportiva Calcio Napoli,Bologna Football Club 1909,2018-12-29,263500000,34800000
Chievo Verona,Frosinone Calcio,2018-12-29,17400000,21700000
FC Empoli,Football Club Internazionale Milano S.p.A.,2018-12-29,28100000,357000000
Società Sportiva Lazio S.p.A.,Torino Calcio,2018-12-29,229000000,121000000
Cagliari Calcio,Genoa Cricket and Football Club,2018-12-26,74200000,48300000
Frosinone Calcio,Associazione Calcio Milan,2018-12-26,21900000,314000000
Football Club Internazionale Milano S.p.A.,Società Sportiva Calcio Napoli,2018-12-26,376000000,381000000
Associazione Calcio Fiorentina,Parma Calcio 1913,2018-12-26,223500000,34700000
Bologna Football Club 1909,Società Sportiva Lazio S.p.A.,2018-12-26,35800000,187500000
UC Sampdoria,Chievo Verona,2018-12-26,100400000,19300000
SPAL,Udinese Calcio,2018-12-26,39500000,80200000
Associazione Sportiva Roma,Unione Sportiva Sassuolo Calcio,2018-12-26,237500000,69600000
Atalanta Bergamasca Calcio S.p.a.,Juventus Football Club,2018-12-26,108500000,404000000
Torino Calcio,FC Empoli,2018-12-26,112700000,32200000
Genoa Cricket and Football Club,Atalanta Bergamasca Calcio S.p.a.,2018-12-22,62000000,135000000
Chievo Verona,Football Club Internazionale Milano S.p.A.,2018-12-22,13800000,418000000
Udinese Calcio,Frosinone Calcio,2018-12-22,75000000,21800000
Parma Calcio 1913,Bologna Football Club 1909,2018-12-22,40100000,33000000
FC Empoli,UC Sampdoria,2018-12-22,31400000,106400000
Società Sportiva Lazio S.p.A.,Cagliari Calcio,2018-12-22,229000000,82700000
Associazione Calcio Milan,Associazione Calcio Fiorentina,2018-12-22,260500000,217500000
Società Sportiva Calcio Napoli,SPAL,2018-12-22,345000000,36100000
Juventus Football Club,Associazione Sportiva Roma,2018-12-22,509000000,225000000
Unione Sportiva Sassuolo Calcio,Torino Calcio,2018-12-22,84900000,113400000
Bologna Football Club 1909,Associazione Calcio Milan,2018-12-18,32000000,325500000
Atalanta Bergamasca Calcio S.p.a.,Società Sportiva Lazio S.p.A.,2018-12-17,114000000,230000000
Associazione Sportiva Roma,Genoa Cricket and Football Club,2018-12-16,216000000,43750000
UC Sampdoria,Parma Calcio 1913,2018-12-16,92000000,22750000
Cagliari Calcio,Società Sportiva Calcio Napoli,2018-12-16,77500000,255500000
Associazione Calcio Fiorentina,FC Empoli,2018-12-16,152800000,24550000
Frosinone Calcio,Unione Sportiva Sassuolo Calcio,2018-12-16,22500000,94000000
SPAL,Chievo Verona,2018-12-16,40400000,15800000
Torino Calcio,Juventus Football Club,2018-12-15,117000000,480000000
Football Club Internazionale Milano S.p.A.,Udinese Calcio,2018-12-15,349000000,61050000
Associazione Calcio Milan,Torino Calcio,2018-12-09,288500000,113000000
Unione Sportiva Sassuolo Calcio,Associazione Calcio Fiorentina,2018-12-09,86750000,129500000
Genoa Cricket and Football Club,SPAL,2018-12-09,43250000,40400000
Parma Calcio 1913,Chievo Verona,2018-12-09,23650000,28000000
FC Empoli,Bologna Football Club 1909,2018-12-09,23050000,33900000
Udinese Calcio,Atalanta Bergamasca Calcio S.p.a.,2018-12-09,63050000,109500000
Società Sportiva Lazio S.p.A.,UC Sampdoria,2018-12-08,214300000,100500000
Cagliari Calcio,Associazione Sportiva Roma,2018-12-08,50100000,221000000
Società Sportiva Calcio Napoli,Frosinone Calcio,2018-12-08,327500000,24300000
Juventus Football Club,Football Club Internazionale Milano S.p.A.,2018-12-07,469000000,346000000
Atalanta Bergamasca Calcio S.p.a.,Società Sportiva Calcio Napoli,2018-12-03,100500000,309000000
Associazione Sportiva Roma,Football Club Internazionale Milano S.p.A.,2018-12-02,211000000,356000000
Frosinone Calcio,Cagliari Calcio,2018-12-02,23200000,74300000
Unione Sportiva Sassuolo Calcio,Udinese Calcio,2018-12-02,86750000,61550000
Associazione Calcio Milan,Parma Calcio 1913,2018-12-02,235000000,34850000
Chievo Verona,Società Sportiva Lazio S.p.A.,2018-12-02,24800000,230000000
Torino Calcio,Genoa Cricket and Football Club,2018-12-02,120000000,45750000
UC Sampdoria,Bologna Football Club 1909,2018-12-01,103000000,38500000
SPAL,FC Empoli,2018-12-01,39700000,23050000
Associazione Calcio Fiorentina,Juventus Football Club,2018-12-01,194000000,427000000
Cagliari Calcio,Torino Calcio,2018-11-26,74500000,112500000
Parma Calcio 1913,Unione Sportiva Sassuolo Calcio,2018-11-25,34000000,78050000
Bologna Football Club 1909,Associazione Calcio Fiorentina,2018-11-25,35400000,183800000
Società Sportiva Lazio S.p.A.,Associazione Calcio Milan,2018-11-25,255000000,240500000
Società Sportiva Calcio Napoli,Chievo Verona,2018-11-25,287500000,24800000
FC Empoli,Atalanta Bergamasca Calcio S.p.a.,2018-11-25,23050000,108500000
Genoa Cricket and Football Club,UC Sampdoria,2018-11-25,45750000,104500000
Juventus Football Club,SPAL,2018-11-24,425000000,39200000
Football Club Internazionale Milano S.p.A.,Frosinone Calcio,2018-11-24,264000000,21600000
Udinese Calcio,Associazione Sportiva Roma,2018-11-24,64050000,180000000
Atalanta Bergamasca Calcio S.p.a.,Football Club Internazionale Milano S.p.A.,2018-11-11,107500000,338000000
Associazione Calcio Milan,Juventus Football Club,2018-11-11,310500000,488000000
Chievo Verona,Bologna Football Club 1909,2018-11-11,25600000,34700000
FC Empoli,Udinese Calcio,2018-11-11,26800000,68750000
Unione Sportiva Sassuolo Calcio,Società Sportiva Lazio S.p.A.,2018-11-11,90500000,242300000
Associazione Sportiva Roma,UC Sampdoria,2018-11-11,238500000,111000000
SPAL,Cagliari Calcio,2018-11-10,35700000,82800000
Torino Calcio,Parma Calcio 1913,2018-11-10,109500000,34850000
Genoa Cricket and Football Club,Società Sportiva Calcio Napoli,2018-11-10,45750000,331000000
Frosinone Calcio,Associazione Calcio Fiorentina,2018-11-09,20300000,204000000
Bologna Football Club 1909,Atalanta Bergamasca Calcio S.p.a.,2018-11-04,35100000,100000000
Udinese Calcio,Associazione Calcio Milan,2018-11-04,67950000,306500000
Società Sportiva Lazio S.p.A.,SPAL,2018-11-04,203300000,32700000
UC Sampdoria,Torino Calcio,2018-11-04,87500000,112000000
Chievo Verona,Unione Sportiva Sassuolo Calcio,2018-11-04,25500000,85800000
Parma Calcio 1913,Frosinone Calcio,2018-11-04,19500000,22500000
Associazione Calcio Fiorentina,Associazione Sportiva Roma,2018-11-03,196000000,209000000
Juventus Football Club,Cagliari Calcio,2018-11-03,517000000,76500000
Football Club Internazionale Milano S.p.A.,Genoa Cricket and Football Club,2018-11-03,293000000,26250000
Società Sportiva Calcio Napoli,FC Empoli,2018-11-02,292000000,22800000
Associazione Calcio Milan,Genoa Cricket and Football Club,2018-10-31,343000000,45500000
Società Sportiva Lazio S.p.A.,Football Club Internazionale Milano S.p.A.,2018-10-29,223000000,353000000
Associazione Calcio Milan,UC Sampdoria,2018-10-28,309000000,103500000
Unione Sportiva Sassuolo Calcio,Bologna Football Club 1909,2018-10-28,64550000,36600000
SPAL,Frosinone Calcio,2018-10-28,37700000,22500000
Genoa Cricket and Football Club,Udinese Calcio,2018-10-28,44250000,67200000
Società Sportiva Calcio Napoli,Associazione Sportiva Roma,2018-10-28,316000000,211000000
Cagliari Calcio,Chievo Verona,2018-10-28,76500000,17500000
FC Empoli,Juventus Football Club,2018-10-27,26800000,511000000
Atalanta Bergamasca Calcio S.p.a.,Parma Calcio 1913,2018-10-27,100000000,18700000
Torino Calcio,Associazione Calcio Fiorentina,2018-10-27,112000000,171000000
UC Sampdoria,Unione Sportiva Sassuolo Calcio,2018-10-22,90500000,71050000
Associazione Calcio Fiorentina,Cagliari Calcio,2018-10-21,194000000,80200000
Bologna Football Club 1909,Torino Calcio,2018-10-21,32000000,113000000
Frosinone Calcio,FC Empoli,2018-10-21,21900000,27500000
Parma Calcio 1913,Società Sportiva Lazio S.p.A.,2018-10-21,21500000,242300000
Football Club Internazionale Milano S.p.A.,Associazione Calcio Milan,2018-10-21,405000000,318000000
Chievo Verona,Atalanta Bergamasca Calcio S.p.a.,2018-10-21,23700000,98500000
Udinese Calcio,Società Sportiva Calcio Napoli,2018-10-20,72300000,285000000
Associazione Sportiva Roma,SPAL,2018-10-20,214500000,34000000
Juventus Football Club,Genoa Cricket and Football Club,2018-10-20,431000000,44250000
Atalanta Bergamasca Calcio S.p.a.,UC Sampdoria,2018-10-07,111000000,89500000
Società Sportiva Calcio Napoli,Unione Sportiva Sassuolo Calcio,2018-10-07,223000000,54900000
Genoa Cricket and Football Club,Parma Calcio 1913,2018-10-07,30200000,11200000
Associazione Calcio Milan,Chievo Verona,2018-10-07,258000000,21200000
Società Sportiva Lazio S.p.A.,Associazione Calcio Fiorentina,2018-10-07,217500000,184500000
SPAL,Football Club Internazionale Milano S.p.A.,2018-10-07,30550000,340500000
FC Empoli,Associazione Sportiva Roma,2018-10-06,21600000,192250000
Udinese Calcio,Juventus Football Club,2018-10-06,63800000,490000000
Cagliari Calcio,Bologna Football Club 1909,2018-10-06,71000000,25950000
Torino Calcio,Frosinone Calcio,2018-10-05,119800000,22800000
UC Sampdoria,SPAL,2018-10-01,83000000,28850000
Parma Calcio 1913,FC Empoli,2018-09-30,18100000,20050000
Unione Sportiva Sassuolo Calcio,Associazione Calcio Milan,2018-09-30,75250000,255500000
Bologna Football Club 1909,Udinese Calcio,2018-09-30,27950000,56800000
Chievo Verona,Torino Calcio,2018-09-30,17500000,95800000
Associazione Calcio Fiorentina,Atalanta Bergamasca Calcio S.p.a.,2018-09-30,184500000,110000000
Frosinone Calcio,Genoa Cricket and Football Club,2018-09-30,23800000,26700000
Football Club Internazionale Milano S.p.A.,Cagliari Calcio,2018-09-29,210500000,64200000
Juventus Football Club,Società Sportiva Calcio Napoli,2018-09-29,500000000,326000000
Associazione Sportiva Roma,Società Sportiva Lazio S.p.A.,2018-09-29,194000000,248000000
FC Empoli,Associazione Calcio Milan,2018-09-27,18600000,260500000
SPAL,Unione Sportiva Sassuolo Calcio,2018-09-27,35900000,45150000
Genoa Cricket and Football Club,Chievo Verona,2018-09-26,26200000,19900000
Cagliari Calcio,UC Sampdoria,2018-09-26,65300000,78000000
Associazione Sportiva Roma,Frosinone Calcio,2018-09-26,186000000,25200000
Udinese Calcio,Società Sportiva Lazio S.p.A.,2018-09-26,64800000,121300000
Atalanta Bergamasca Calcio S.p.a.,Torino Calcio,2018-09-26,111500000,101100000
Juventus Football Club,Bologna Football Club 1909,2018-09-26,463000000,32800000
Società Sportiva Calcio Napoli,Parma Calcio 1913,2018-09-26,275500000,21100000
Football Club Internazionale Milano S.p.A.,Associazione Calcio Fiorentina,2018-09-25,374500000,171500000
Bologna Football Club 1909,Associazione Sportiva Roma,2018-09-23,27950000,210000000
Frosinone Calcio,Juventus Football Club,2018-09-23,22600000,470000000
Associazione Calcio Milan,Atalanta Bergamasca Calcio S.p.a.,2018-09-23,305500000,92500000
Chievo Verona,Udinese Calcio,2018-09-23,26200000,56800000
Società Sportiva Lazio S.p.A.,Genoa Cricket and Football Club,2018-09-23,215000000,28400000
Torino Calcio,Società Sportiva Calcio Napoli,2018-09-23,119800000,282000000
Parma Calcio 1913,Cagliari Calcio,2018-09-22,27000000,68800000
UC Sampdoria,Football Club Internazionale Milano S.p.A.,2018-09-22,92000000,319500000
Associazione Calcio Fiorentina,SPAL,2018-09-22,184500000,35700000
Unione Sportiva Sassuolo Calcio,FC Empoli,2018-09-21,84500000,20600000
UC Sampdoria,Associazione Calcio Fiorentina,2018-09-19,55000000,160500000
SPAL,Atalanta Bergamasca Calcio S.p.a.,2018-09-17,35700000,106000000
FC Empoli,Società Sportiva Lazio S.p.A.,2018-09-16,22200000,250000000
Udinese Calcio,Torino Calcio,2018-09-16,56800000,110300000
Genoa Cricket and Football Club,Bologna Football Club 1909,2018-09-16,23700000,34300000
Juventus Football Club,Unione Sportiva Sassuolo Calcio,2018-09-16,473000000,79750000
Cagliari Calcio,Associazione Calcio Milan,2018-09-16,73600000,305500000
Associazione Sportiva Roma,Chievo Verona,2018-09-16,252500000,26400000
Frosinone Calcio,UC Sampdoria,2018-09-15,21100000,65500000
Football Club Internazionale Milano S.p.A.,Parma Calcio 1913,2018-09-15,306500000,25300000
Società Sportiva Calcio Napoli,Associazione Calcio Fiorentina,2018-09-15,324000000,158500000
Società Sportiva Lazio S.p.A.,Frosinone Calcio,2018-09-02,250000000,23300000
Torino Calcio,SPAL,2018-09-02,107300000,35700000
Associazione Calcio Fiorentina,Udinese Calcio,2018-09-02,161500000,49300000
Atalanta Bergamasca Calcio S.p.a.,Cagliari Calcio,2018-09-02,85300000,70800000
Unione Sportiva Sassuolo Calcio,Genoa Cricket and Football Club,2018-09-02,81600000,24000000
Chievo Verona,FC Empoli,2018-09-02,26200000,21850000
UC Sampdoria,Società Sportiva Calcio Napoli,2018-09-02,67000000,300000000
Bologna Football Club 1909,Football Club Internazionale Milano S.p.A.,2018-09-01,34200000,316500000
Parma Calcio 1913,Juventus Football Club,2018-09-01,25300000,418000000
Associazione Calcio Milan,Associazione Sportiva Roma,2018-08-31,305500000,178000000
Associazione Sportiva Roma,Atalanta Bergamasca Calcio S.p.a.,2018-08-27,221000000,59700000
Genoa Cricket and Football Club,FC Empoli,2018-08-26,24000000,22450000
Udinese Calcio,UC Sampdoria,2018-08-26,52300000,78500000
Frosinone Calcio,Bologna Football Club 1909,2018-08-26,21000000,34200000
Associazione Calcio Fiorentina,Chievo Verona,2018-08-26,161500000,22700000
SPAL,Parma Calcio 1913,2018-08-26,35700000,25800000
Cagliari Calcio,Unione Sportiva Sassuolo Calcio,2018-08-26,62500000,83100000
Football Club Internazionale Milano S.p.A.,Torino Calcio,2018-08-26,362500000,108300000
Società Sportiva Calcio Napoli,Associazione Calcio Milan,2018-08-25,316000000,285500000
Juventus Football Club,Società Sportiva Lazio S.p.A.,2018-08-25,425000000,250000000
Atalanta Bergamasca Calcio S.p.a.,Frosinone Calcio,2018-08-20,88000000,22900000
FC Empoli,Cagliari Calcio,2018-08-19,22450000,75300000
Unione Sportiva Sassuolo Calcio,Football Club Internazionale Milano S.p.A.,2018-08-19,65150000,292500000
Torino Calcio,Associazione Sportiva Roma,2018-08-19,110800000,216000000
Parma Calcio 1913,Udinese Calcio,2018-08-19,25200000,64800000
Bologna Football Club 1909,SPAL,2018-08-19,31100000,35700000
Chievo Verona,Juventus Football Club,2018-08-18,22400000,528000000
Società Sportiva Lazio S.p.A.,Società Sportiva Calcio Napoli,2018-08-18,252500000,314000000
SPAL,UC Sampdoria,2018-05-20,28000000,69700000
Cagliari Calcio,Atalanta Bergamasca Calcio S.p.a.,2018-05-20,56700000,111500000
Società Sportiva Lazio S.p.A.,Football Club Internazionale Milano S.p.A.,2018-05-20,236000000,286500000
Chievo Verona,Benevento Calcio,2018-05-20,35100000,19400000
Associazione Calcio Milan,Associazione Calcio Fiorentina,2018-05-20,249000000,106800000
Genoa Cricket and Football Club,Torino Calcio,2018-05-20,63600000,91800000
Unione Sportiva Sassuolo Calcio,Associazione Sportiva Roma,2018-05-20,68400000,205000000
Udinese Calcio,Bologna Football Club 1909,2018-05-20,62200000,43800000
Società Sportiva Calcio Napoli,FC Crotone,2018-05-20,285000000,20850000
Juventus Football Club,Verona Hellas Football Club,2018-05-19,319000000,18350000
Torino Calcio,SPAL,2018-05-13,102100000,24500000
Associazione Sportiva Roma,Juventus Football Club,2018-05-13,233500000,426000000
UC Sampdoria,Società Sportiva Calcio Napoli,2018-05-13,99200000,299000000
Bologna Football Club 1909,Chievo Verona,2018-05-13,53700000,32800000
Associazione Calcio Fiorentina,Cagliari Calcio,2018-05-13,119500000,56700000
Atalanta Bergamasca Calcio S.p.a.,Associazione Calcio Milan,2018-05-13,108000000,267500000
FC Crotone,Società Sportiva Lazio S.p.A.,2018-05-13,19350000,193500000
Verona Hellas Football Club,Udinese Calcio,2018-05-13,20100000,53700000
Benevento Calcio,Genoa Cricket and Football Club,2018-05-12,18200000,35700000
Football Club Internazionale Milano S.p.A.,Unione Sportiva Sassuolo Calcio,2018-05-12,282500000,75400000
Cagliari Calcio,Associazione Sportiva Roma,2018-05-06,57600000,182300000
Unione Sportiva Sassuolo Calcio,UC Sampdoria,2018-05-06,78400000,79000000
Udinese Calcio,Football Club Internazionale Milano S.p.A.,2018-05-06,46200000,264500000
SPAL,Benevento Calcio,2018-05-06,25100000,13100000
Società Sportiva Calcio Napoli,Torino Calcio,2018-05-06,255000000,66300000
Genoa Cricket and Football Club,Associazione Calcio Fiorentina,2018-05-06,41000000,123000000
Società Sportiva Lazio S.p.A.,Atalanta Bergamasca Calcio S.p.a.,2018-05-06,188000000,88000000
Chievo Verona,FC Crotone,2018-05-06,28800000,21350000
Juventus Football Club,Bologna Football Club 1909,2018-05-05,351500000,41000000
Associazione Calcio Milan,Verona Hellas Football Club,2018-05-05,262500000,16900000
FC Crotone,Unione Sportiva Sassuolo Calcio,2018-04-29,21350000,74500000
Bologna Football Club 1909,Associazione Calcio Milan,2018-04-29,50200000,235000000
Verona Hellas Football Club,SPAL,2018-04-29,19400000,23600000
UC Sampdoria,Cagliari Calcio,2018-04-29,79000000,57700000
Torino Calcio,Società Sportiva Lazio S.p.A.,2018-04-29,86700000,233000000
Atalanta Bergamasca Calcio S.p.a.,Genoa Cricket and Football Club,2018-04-29,108000000,48700000
Benevento Calcio,Udinese Calcio,2018-04-29,19200000,52700000
Associazione Calcio Fiorentina,Società Sportiva Calcio Napoli,2018-04-29,122000000,314000000
Football Club Internazionale Milano S.p.A.,Juventus Football Club,2018-04-28,286500000,354000000
Associazione Sportiva Roma,Chievo Verona,2018-04-28,216000000,36200000
Genoa Cricket and Football Club,Verona Hellas Football Club,2018-04-23,58300000,17900000
Udinese Calcio,FC Crotone,2018-04-22,50200000,20850000
Chievo Verona,Football Club Internazionale Milano S.p.A.,2018-04-22,28700000,257000000
Società Sportiva Lazio S.p.A.,UC Sampdoria,2018-04-22,237500000,99500000
Atalanta Bergamasca Calcio S.p.a.,Torino Calcio,2018-04-22,106500000,83900000
Cagliari Calcio,Bologna Football Club 1909,2018-04-22,57700000,45600000
Juventus Football Club,Società Sportiva Calcio Napoli,2018-04-22,392500000,314000000
Associazione Calcio Milan,Benevento Calcio,2018-04-21,218000000,19000000
Unione Sportiva Sassuolo Calcio,Associazione Calcio Fiorentina,2018-04-21,75200000,92700000
SPAL,Associazione Sportiva Roma,2018-04-21,29900000,242000000
SPAL,Chievo Verona,2018-04-18,32300000,27500000
UC Sampdoria,Bologna Football Club 1909,2018-04-18,96000000,45700000
Benevento Calcio,Atalanta Bergamasca Calcio S.p.a.,2018-04-18,11800000,109500000
Associazione Sportiva Roma,Genoa Cricket and Football Club,2018-04-18,203500000,41800000
Torino Calcio,Associazione Calcio Milan,2018-04-18,102100000,218500000
Associazione Calcio Fiorentina,Società Sportiva Lazio S.p.A.,2018-04-18,105000000,230000000
Verona Hellas Football Club,Unione Sportiva Sassuolo Calcio,2018-04-18,20500000,74100000
Società Sportiva Calcio Napoli,Udinese Calcio,2018-04-18,236000000,49200000
FC Crotone,Juventus Football Club,2018-04-18,19950000,374000000
Football Club Internazionale Milano S.p.A.,Cagliari Calcio,2018-04-17,271000000,32100000
Società Sportiva Lazio S.p.A.,Associazione Sportiva Roma,2018-04-15,238000000,233000000
Unione Sportiva Sassuolo Calcio,Benevento Calcio,2018-04-15,53700000,19200000
Juventus Football Club,UC Sampdoria,2018-04-15,327500000,86000000
Associazione Calcio Fiorentina,SPAL,2018-04-15,116500000,22900000
Bologna Football Club 1909,Verona Hellas Football Club,2018-04-15,53700000,19450000
Associazione Calcio Milan,Società Sportiva Calcio Napoli,2018-04-15,220000000,302500000
Chievo Verona,Torino Calcio,2018-04-14,33000000,102100000
Atalanta Bergamasca Calcio S.p.a.,Football Club Internazionale Milano S.p.A.,2018-04-14,107000000,258000000
Genoa Cricket and Football Club,FC Crotone,2018-04-14,54800000,23150000
Cagliari Calcio,Udinese Calcio,2018-04-14,56000000,45200000
FC Crotone,Bologna Football Club 1909,2018-04-08,23450000,54500000
Verona Hellas Football Club,Cagliari Calcio,2018-04-08,20050000,63100000
Torino Calcio,Football Club Internazionale Milano S.p.A.,2018-04-08,98100000,274500000
Udinese Calcio,Società Sportiva Lazio S.p.A.,2018-04-08,50200000,256000000
Società Sportiva Calcio Napoli,Chievo Verona,2018-04-08,292000000,24800000
Associazione Calcio Milan,Unione Sportiva Sassuolo Calcio,2018-04-08,271500000,73600000
Benevento Calcio,Juventus Football Club,2018-04-07,15200000,368000000
UC Sampdoria,Genoa Cricket and Football Club,2018-04-07,105500000,53000000
SPAL,Atalanta Bergamasca Calcio S.p.a.,2018-04-07,32400000,89500000
Associazione Sportiva Roma,Associazione Calcio Fiorentina,2018-04-07,238000000,85000000
Torino Calcio,FC Crotone,2018-04-04,95600000,16150000
Benevento Calcio,Verona Hellas Football Club,2018-04-04,15100000,18000000
Chievo Verona,Unione Sportiva Sassuolo Calcio,2018-04-04,32100000,65000000
Associazione Calcio Milan,Football Club Internazionale Milano S.p.A.,2018-04-04,264000000,283500000
Udinese Calcio,Associazione Calcio Fiorentina,2018-04-03,46000000,105500000
Genoa Cricket and Football Club,Cagliari Calcio,2018-04-03,53300000,56800000
Atalanta Bergamasca Calcio S.p.a.,UC Sampdoria,2018-04-03,95500000,82500000
Football Club Internazionale Milano S.p.A.,Verona Hellas Football Club,2018-03-31,283500000,16450000
Associazione Calcio Fiorentina,FC Crotone,2018-03-31,104700000,25200000
Juventus Football Club,Associazione Calcio Milan,2018-03-31,343500000,282000000
Atalanta Bergamasca Calcio S.p.a.,Udinese Calcio,2018-03-31,93000000,37200000
Società Sportiva Lazio S.p.A.,Benevento Calcio,2018-03-31,187000000,18400000
Unione Sportiva Sassuolo Calcio,Società Sportiva Calcio Napoli,2018-03-31,70600000,299000000
Cagliari Calcio,Torino Calcio,2018-03-31,61700000,91600000
Bologna Football Club 1909,Associazione Sportiva Roma,2018-03-31,53200000,258500000
Chievo Verona,UC Sampdoria,2018-03-31,31600000,91500000
Genoa Cricket and Football Club,SPAL,2018-03-31,53000000,27200000
Verona Hellas Football Club,Atalanta Bergamasca Calcio S.p.a.,2018-03-18,19600000,100500000
Benevento Calcio,Cagliari Calcio,2018-03-18,14000000,51000000
UC Sampdoria,Football Club Internazionale Milano S.p.A.,2018-03-18,86000000,276000000
Società Sportiva Calcio Napoli,Genoa Cricket and Football Club,2018-03-18,283000000,43400000
FC Crotone,Associazione Sportiva Roma,2018-03-18,21100000,176500000
Società Sportiva Lazio S.p.A.,Bologna Football Club 1909,2018-03-18,161800000,44000000
Associazione Calcio Milan,Chievo Verona,2018-03-18,207500000,31100000
Torino Calcio,Associazione Calcio Fiorentina,2018-03-18,90300000,125500000
Udinese Calcio,Unione Sportiva Sassuolo Calcio,2018-03-17,54200000,54900000
SPAL,Juventus Football Club,2018-03-17,26200000,364500000
Juventus Football Club,Atalanta Bergamasca Calcio S.p.a.,2018-03-14,333500000,81500000
Associazione Calcio Fiorentina,Benevento Calcio,2018-03-11,125500000,15900000
Bologna Football Club 1909,Atalanta Bergamasca Calcio S.p.a.,2018-03-11,46600000,102500000
Juventus Football Club,Udinese Calcio,2018-03-11,315500000,58200000
Genoa Cricket and Football Club,Associazione Calcio Milan,2018-03-11,43900000,242500000
Football Club Internazionale Milano S.p.A.,Società Sportiva Calcio Napoli,2018-03-11,276000000,283000000
FC Crotone,UC Sampdoria,2018-03-11,21100000,75500000
Cagliari Calcio,Società Sportiva Lazio S.p.A.,2018-03-11,51000000,131800000
Unione Sportiva Sassuolo Calcio,SPAL,2018-03-11,58100000,26200000
Verona Hellas Football Club,Chievo Verona,2018-03-10,16600000,33400000
Associazione Sportiva Roma,Torino Calcio,2018-03-09,219500000,94800000
SPAL,Bologna Football Club 1909,2018-03-03,28300000,48900000
Società Sportiva Lazio S.p.A.,Juventus Football Club,2018-03-03,184800000,267500000
Società Sportiva Calcio Napoli,Associazione Sportiva Roma,2018-03-03,268000000,221500000
Cagliari Calcio,Società Sportiva Calcio Napoli,2018-02-26,53700000,283000000
FC Crotone,SPAL,2018-02-25,20300000,27000000
Associazione Sportiva Roma,Associazione Calcio Milan,2018-02-25,216000000,229500000
UC Sampdoria,Udinese Calcio,2018-02-25,76500000,63200000
Verona Hellas Football Club,Torino Calcio,2018-02-25,24600000,97300000
Associazione Calcio Fiorentina,Chievo Verona,2018-02-25,112300000,33600000
Unione Sportiva Sassuolo Calcio,Società Sportiva Lazio S.p.A.,2018-02-25,67600000,167800000
Bologna Football Club 1909,Genoa Cricket and Football Club,2018-02-24,37900000,46200000
Football Club Internazionale Milano S.p.A.,Benevento Calcio,2018-02-24,209000000,14000000
Società Sportiva Lazio S.p.A.,Verona Hellas Football Club,2018-02-19,193500000,25000000
Benevento Calcio,FC Crotone,2018-02-18,12700000,18400000
Società Sportiva Calcio Napoli,SPAL,2018-02-18,283000000,27500000
Associazione Calcio Milan,UC Sampdoria,2018-02-18,212500000,84000000
Atalanta Bergamasca Calcio S.p.a.,Associazione Calcio Fiorentina,2018-02-18,98300000,121500000
Bologna Football Club 1909,Unione Sportiva Sassuolo Calcio,2018-02-18,31200000,79300000
Torino Calcio,Juventus Football Club,2018-02-18,89100000,302500000
Chievo Verona,Cagliari Calcio,2018-02-17,35400000,50800000
Udinese Calcio,Associazione Sportiva Roma,2018-02-17,50000000,212500000
Genoa Cricket and Football Club,Football Club Internazionale Milano S.p.A.,2018-02-17,46200000,159500000
Chievo Verona,Genoa Cricket and Football Club,2018-02-11,25200000,43900000
Associazione Sportiva Roma,Benevento Calcio,2018-02-11,203000000,15100000
UC Sampdoria,Verona Hellas Football Club,2018-02-11,82000000,23650000
Torino Calcio,Udinese Calcio,2018-02-11,97600000,53200000
Football Club Internazionale Milano S.p.A.,Bologna Football Club 1909,2018-02-11,187500000,33700000
Unione Sportiva Sassuolo Calcio,Cagliari Calcio,2018-02-11,79300000,46100000
FC Crotone,Atalanta Bergamasca Calcio S.p.a.,2018-02-10,19600000,86500000
SPAL,Associazione Calcio Milan,2018-02-10,28800000,229000000
Società Sportiva Calcio Napoli,Società Sportiva Lazio S.p.A.,2018-02-10,281000000,196500000
Associazione Calcio Fiorentina,Juventus Football Club,2018-02-09,121500000,287000000
Società Sportiva Lazio S.p.A.,Genoa Cricket and Football Club,2018-02-05,137000000,45500000
Benevento Calcio,Società Sportiva Calcio Napoli,2018-02-04,18800000,283000000
Verona Hellas Football Club,Associazione Sportiva Roma,2018-02-04,18150000,234000000
Atalanta Bergamasca Calcio S.p.a.,Chievo Verona,2018-02-04,89300000,18400000
Juventus Football Club,Unione Sportiva Sassuolo Calcio,2018-02-04,310000000,82300000
Udinese Calcio,Associazione Calcio Milan,2018-02-04,46700000,235000000
Cagliari Calcio,SPAL,2018-02-04,53100000,25100000
Bologna Football Club 1909,Associazione Calcio Fiorentina,2018-02-04,41700000,114500000
Football Club Internazionale Milano S.p.A.,FC Crotone,2018-02-03,196500000,21100000
UC Sampdoria,Torino Calcio,2018-02-03,84000000,60100000
Associazione Sportiva Roma,UC Sampdoria,2018-01-28,234000000,89500000
Società Sportiva Calcio Napoli,Bologna Football Club 1909,2018-01-28,281000000,44200000
FC Crotone,Cagliari Calcio,2018-01-28,22400000,27900000
Genoa Cricket and Football Club,Udinese Calcio,2018-01-28,44000000,53200000
SPAL,Football Club Internazionale Milano S.p.A.,2018-01-28,26400000,271500000
Torino Calcio,Benevento Calcio,2018-01-28,63600000,19200000
Associazione Calcio Milan,Società Sportiva Lazio S.p.A.,2018-01-28,216000000,163500000
Associazione Calcio Fiorentina,Verona Hellas Football Club,2018-01-28,117000000,24400000
Chievo Verona,Juventus Football Club,2018-01-27,24100000,270500000
Unione Sportiva Sassuolo Calcio,Atalanta Bergamasca Calcio S.p.a.,2018-01-27,74300000,74000000
Società Sportiva Lazio S.p.A.,Udinese Calcio,2018-01-24,170500000,38500000
UC Sampdoria,Associazione Sportiva Roma,2018-01-24,97000000,224000000
Juventus Football Club,Genoa Cricket and Football Club,2018-01-22,320000000,45800000
Società Sportiva Lazio S.p.A.,Chievo Verona,2018-01-21,198500000,26100000
UC Sampdoria,Associazione Calcio Fiorentina,2018-01-21,87000000,117000000
Bologna Football Club 1909,Benevento Calcio,2018-01-21,49500000,11950000
Cagliari Calcio,Associazione Calcio Milan,2018-01-21,50200000,241500000
Unione Sportiva Sassuolo Calcio,Torino Calcio,2018-01-21,67600000,63600000
Football Club Internazionale Milano S.p.A.,Associazione Sportiva Roma,2018-01-21,264500000,234000000
Atalanta Bergamasca Calcio S.p.a.,Società Sportiva Calcio Napoli,2018-01-21,108500000,268000000
Verona Hellas Football Club,FC Crotone,2018-01-21,19100000,22400000
Udinese Calcio,SPAL,2018-01-21,52700000,24100000
Società Sportiva Calcio Napoli,Verona Hellas Football Club,2018-01-06,283000000,29900000
Benevento Calcio,UC Sampdoria,2018-01-06,11350000,75500000
Associazione Calcio Milan,FC Crotone,2018-01-06,229500000,20600000
Genoa Cricket and Football Club,Unione Sportiva Sassuolo Calcio,2018-01-06,47500000,74300000
Torino Calcio,Bologna Football Club 1909,2018-01-06,63600000,44500000
Associazione Sportiva Roma,Atalanta Bergamasca Calcio S.p.a.,2018-01-06,207500000,108000000
Cagliari Calcio,Juventus Football Club,2018-01-06,44200000,379000000
SPAL,Società Sportiva Lazio S.p.A.,2018-01-06,24100000,188000000
Associazione Calcio Fiorentina,Football Club Internazionale Milano S.p.A.,2018-01-05,117000000,266500000
Chievo Verona,Udinese Calcio,2018-01-05,26100000,67700000
Atalanta Bergamasca Calcio S.p.a.,Cagliari Calcio,2017-12-30,88800000,31900000
Torino Calcio,Genoa Cricket and Football Club,2017-12-30,59100000,48800000
Bologna Football Club 1909,Udinese Calcio,2017-12-30,55000000,51700000
Verona Hellas Football Club,Juventus Football Club,2017-12-30,28600000,332500000
Associazione Calcio Fiorentina,Associazione Calcio Milan,2017-12-30,85000000,205000000
Associazione Sportiva Roma,Unione Sportiva Sassuolo Calcio,2017-12-30,222500000,50300000
Football Club Internazionale Milano S.p.A.,Società Sportiva Lazio S.p.A.,2017-12-30,260500000,195500000
Benevento Calcio,Chievo Verona,2017-12-30,11050000,28300000
UC Sampdoria,SPAL,2017-12-30,78000000,20900000
FC Crotone,Società Sportiva Calcio Napoli,2017-12-29,19700000,275500000
Società Sportiva Calcio Napoli,UC Sampdoria,2017-12-23,236000000,54500000
Udinese Calcio,Verona Hellas Football Club,2017-12-23,32500000,20700000
Unione Sportiva Sassuolo Calcio,Football Club Internazionale Milano S.p.A.,2017-12-23,79000000,211500000
Associazione Calcio Milan,Atalanta Bergamasca Calcio S.p.a.,2017-12-23,181500000,86500000
Società Sportiva Lazio S.p.A.,FC Crotone,2017-12-23,120800000,18600000
SPAL,Torino Calcio,2017-12-23,17100000,90300000
Genoa Cricket and Football Club,Benevento Calcio,2017-12-23,50400000,18800000
Juventus Football Club,Associazione Sportiva Roma,2017-12-23,291000000,205000000
Chievo Verona,Bologna Football Club 1909,2017-12-22,29300000,41000000
Cagliari Calcio,Associazione Calcio Fiorentina,2017-12-22,38350000,86000000
Bologna Football Club 1909,Juventus Football Club,2017-12-17,37900000,294500000
Associazione Calcio Fiorentina,Genoa Cricket and Football Club,2017-12-17,82300000,43800000
Atalanta Bergamasca Calcio S.p.a.,Società Sportiva Lazio S.p.A.,2017-12-17,83500000,106000000
FC Crotone,Chievo Verona,2017-12-17,18600000,23000000
Verona Hellas Football Club,Associazione Calcio Milan,2017-12-17,21800000,203500000
UC Sampdoria,Unione Sportiva Sassuolo Calcio,2017-12-17,61000000,79000000
Benevento Calcio,SPAL,2017-12-17,24000000,19500000
Football Club Internazionale Milano S.p.A.,Udinese Calcio,2017-12-16,198500000,41000000
Torino Calcio,Società Sportiva Calcio Napoli,2017-12-16,77600000,216000000
Associazione Sportiva Roma,Cagliari Calcio,2017-12-16,195000000,40200000
Genoa Cricket and Football Club,Atalanta Bergamasca Calcio S.p.a.,2017-12-12,50400000,86500000
Società Sportiva Lazio S.p.A.,Torino Calcio,2017-12-11,128000000,77600000
Unione Sportiva Sassuolo Calcio,FC Crotone,2017-12-10,73500000,16800000
Società Sportiva Calcio Napoli,Associazione Calcio Fiorentina,2017-12-10,216000000,82300000
Associazione Calcio Milan,Bologna Football Club 1909,2017-12-10,198500000,35600000
SPAL,Verona Hellas Football Club,2017-12-10,20800000,23300000
Udinese Calcio,Benevento Calcio,2017-12-10,37500000,14700000
Chievo Verona,Associazione Sportiva Roma,2017-12-10,25200000,167500000
Juventus Football Club,Football Club Internazionale Milano S.p.A.,2017-12-09,274500000,198500000
Cagliari Calcio,UC Sampdoria,2017-12-09,34800000,59000000
Verona Hellas Football Club,Genoa Cricket and Football Club,2017-12-04,19500000,50400000
FC Crotone,Udinese Calcio,2017-12-04,15800000,42000000
Bologna Football Club 1909,Cagliari Calcio,2017-12-03,36700000,37200000
Associazione Calcio Fiorentina,Unione Sportiva Sassuolo Calcio,2017-12-03,82300000,63100000
Benevento Calcio,Associazione Calcio Milan,2017-12-03,21200000,217500000
Football Club Internazionale Milano S.p.A.,Chievo Verona,2017-12-03,207500000,21100000
UC Sampdoria,Società Sportiva Lazio S.p.A.,2017-12-03,59000000,128000000
Torino Calcio,Atalanta Bergamasca Calcio S.p.a.,2017-12-02,85800000,83500000
Associazione Sportiva Roma,SPAL,2017-12-01,171000000,21200000
Società Sportiva Calcio Napoli,Juventus Football Club,2017-12-01,236000000,314500000
Atalanta Bergamasca Calcio S.p.a.,Benevento Calcio,2017-11-27,78500000,18900000
Società Sportiva Lazio S.p.A.,Associazione Calcio Fiorentina,2017-11-26,128000000,82300000
Juventus Football Club,FC Crotone,2017-11-26,249000000,15600000
Udinese Calcio,Società Sportiva Calcio Napoli,2017-11-26,44300000,227500000
Associazione Calcio Milan,Torino Calcio,2017-11-26,222000000,90800000
Genoa Cricket and Football Club,Associazione Sportiva Roma,2017-11-26,50400000,182500000
Chievo Verona,SPAL,2017-11-25,27700000,19300000
Bologna Football Club 1909,UC Sampdoria,2017-11-25,33500000,56300000
Unione Sportiva Sassuolo Calcio,Verona Hellas Football Club,2017-11-25,61900000,21000000
Cagliari Calcio,Football Club Internazionale Milano S.p.A.,2017-11-25,38300000,193500000
Verona Hellas Football Club,Bologna Football Club 1909,2017-11-20,21500000,37100000
FC Crotone,Genoa Cricket and Football Club,2017-11-19,17100000,50400000
Torino Calcio,Chievo Verona,2017-11-19,85800000,34700000
Udinese Calcio,Cagliari Calcio,2017-11-19,39700000,38300000
UC Sampdoria,Juventus Football Club,2017-11-19,61000000,271000000
Benevento Calcio,Unione Sportiva Sassuolo Calcio,2017-11-19,22900000,38900000
Football Club Internazionale Milano S.p.A.,Atalanta Bergamasca Calcio S.p.a.,2017-11-19,193500000,74000000
SPAL,Associazione Calcio Fiorentina,2017-11-19,20200000,75500000
Associazione Sportiva Roma,Società Sportiva Lazio S.p.A.,2017-11-18,205000000,128000000
Società Sportiva Calcio Napoli,Associazione Calcio Milan,2017-11-18,236000000,206500000
Football Club Internazionale Milano S.p.A.,Torino Calcio,2017-11-05,192000000,85800000
Associazione Calcio Fiorentina,Associazione Sportiva Roma,2017-11-05,84500000,188000000
Cagliari Calcio,Verona Hellas Football Club,2017-11-05,37300000,21900000
Atalanta Bergamasca Calcio S.p.a.,SPAL,2017-11-05,88000000,20200000
Chievo Verona,Società Sportiva Calcio Napoli,2017-11-05,32800000,239500000
Unione Sportiva Sassuolo Calcio,Associazione Calcio Milan,2017-11-05,45700000,185000000
Juventus Football Club,Benevento Calcio,2017-11-05,337500000,22300000
Bologna Football Club 1909,FC Crotone,2017-11-04,31100000,16100000
Genoa Cricket and Football Club,UC Sampdoria,2017-11-04,50600000,67000000
Verona Hellas Football Club,Football Club Internazionale Milano S.p.A.,2017-10-30,22700000,192000000
Società Sportiva Calcio Napoli,Unione Sportiva Sassuolo Calcio,2017-10-29,207500000,46200000
Udinese Calcio,Atalanta Bergamasca Calcio S.p.a.,2017-10-29,24500000,81000000
Benevento Calcio,Società Sportiva Lazio S.p.A.,2017-10-29,21600000,128000000
UC Sampdoria,Chievo Verona,2017-10-29,67500000,32000000
SPAL,Genoa Cricket and Football Club,2017-10-29,17900000,56600000
Torino Calcio,Cagliari Calcio,2017-10-29,82800000,37600000
FC Crotone,Associazione Calcio Fiorentina,2017-10-29,16100000,87800000
Associazione Calcio Milan,Juventus Football Club,2017-10-28,180500000,296000000
Associazione Sportiva Roma,Bologna Football Club 1909,2017-10-28,147500000,29000000
Juventus Football Club,SPAL,2017-10-25,310000000,18800000
Bologna Football Club 1909,Società Sportiva Lazio S.p.A.,2017-10-25,39800000,128000000
Genoa Cricket and Football Club,Società Sportiva Calcio Napoli,2017-10-25,55100000,244000000
Cagliari Calcio,Benevento Calcio,2017-10-25,34500000,22700000
Chievo Verona,Associazione Calcio Milan,2017-10-25,28400000,194000000
Atalanta Bergamasca Calcio S.p.a.,Verona Hellas Football Club,2017-10-25,80500000,22700000
Unione Sportiva Sassuolo Calcio,Udinese Calcio,2017-10-25,70200000,32200000
Associazione Calcio Fiorentina,Torino Calcio,2017-10-25,82300000,70000000
Associazione Sportiva Roma,FC Crotone,2017-10-25,148500000,14500000
Football Club Internazionale Milano S.p.A.,UC Sampdoria,2017-10-24,192000000,55300000
Atalanta Bergamasca Calcio S.p.a.,Bologna Football Club 1909,2017-10-22,78500000,30600000
Società Sportiva Lazio S.p.A.,Cagliari Calcio,2017-10-22,128000000,31900000
Associazione Calcio Milan,Genoa Cricket and Football Club,2017-10-22,213500000,53600000
Chievo Verona,Verona Hellas Football Club,2017-10-22,32200000,21700000
Benevento Calcio,Associazione Calcio Fiorentina,2017-10-22,20400000,82300000
Torino Calcio,Associazione Sportiva Roma,2017-10-22,66300000,174500000
Udinese Calcio,Juventus Football Club,2017-10-22,36500000,320000000
SPAL,Unione Sportiva Sassuolo Calcio,2017-10-22,14500000,74200000
Società Sportiva Calcio Napoli,Football Club Internazionale Milano S.p.A.,2017-10-21,249000000,192000000
UC Sampdoria,FC Crotone,2017-10-21,63800000,14900000
Verona Hellas Football Club,Benevento Calcio,2017-10-16,22500000,19400000
Associazione Calcio Fiorentina,Udinese Calcio,2017-10-15,82300000,44200000
UC Sampdoria,Atalanta Bergamasca Calcio S.p.a.,2017-10-15,58100000,75500000
Bologna Football Club 1909,SPAL,2017-10-15,32800000,18800000
Cagliari Calcio,Genoa Cricket and Football Club,2017-10-15,42200000,53600000
Unione Sportiva Sassuolo Calcio,Chievo Verona,2017-10-15,70100000,32500000
FC Crotone,Torino Calcio,2017-10-15,17900000,66300000
Football Club Internazionale Milano S.p.A.,Associazione Calcio Milan,2017-10-15,192000000,239000000
Juventus Football Club,Società Sportiva Lazio S.p.A.,2017-10-14,214000000,128000000
Associazione Sportiva Roma,Società Sportiva Calcio Napoli,2017-10-14,184500000,249000000
SPAL,FC Crotone,2017-10-01,15600000,16200000
Chievo Verona,Associazione Calcio Fiorentina,2017-10-01,32700000,77000000
Associazione Calcio Milan,Associazione Sportiva Roma,2017-10-01,237000000,196000000
Società Sportiva Lazio S.p.A.,Unione Sportiva Sassuolo Calcio,2017-10-01,107800000,71200000
Società Sportiva Calcio Napoli,Cagliari Calcio,2017-10-01,241000000,38600000
Benevento Calcio,Football Club Internazionale Milano S.p.A.,2017-10-01,20900000,181500000
Torino Calcio,Verona Hellas Football Club,2017-10-01,93550000,22000000
Atalanta Bergamasca Calcio S.p.a.,Juventus Football Club,2017-10-01,70000000,267000000
Genoa Cricket and Football Club,Bologna Football Club 1909,2017-09-30,40700000,29300000
Udinese Calcio,UC Sampdoria,2017-09-30,31200000,48300000
Football Club Internazionale Milano S.p.A.,Genoa Cricket and Football Club,2017-09-24,183000000,37900000
UC Sampdoria,Associazione Calcio Milan,2017-09-24,48300000,219500000
Unione Sportiva Sassuolo Calcio,Bologna Football Club 1909,2017-09-24,69200000,30300000
Cagliari Calcio,Chievo Verona,2017-09-24,29500000,30000000
Associazione Calcio Fiorentina,Atalanta Bergamasca Calcio S.p.a.,2017-09-24,59800000,90500000
FC Crotone,Benevento Calcio,2017-09-24,17450000,20400000
Verona Hellas Football Club,Società Sportiva Lazio S.p.A.,2017-09-24,15200000,63500000
SPAL,Società Sportiva Calcio Napoli,2017-09-23,15600000,240000000
Juventus Football Club,Torino Calcio,2017-09-23,275000000,102250000
Associazione Sportiva Roma,Udinese Calcio,2017-09-23,202000000,31200000
Atalanta Bergamasca Calcio S.p.a.,FC Crotone,2017-09-20,74500000,11950000
Juventus Football Club,Associazione Calcio Fiorentina,2017-09-20,277000000,75300000
Cagliari Calcio,Unione Sportiva Sassuolo Calcio,2017-09-20,38500000,51700000
Società Sportiva Lazio S.p.A.,Società Sportiva Calcio Napoli,2017-09-20,110500000,223500000
Verona Hellas Football Club,UC Sampdoria,2017-09-20,18800000,46300000
Udinese Calcio,Torino Calcio,2017-09-20,29000000,99050000
Genoa Cricket and Football Club,Chievo Verona,2017-09-20,48000000,31200000
Benevento Calcio,Associazione Sportiva Roma,2017-09-20,23600000,139500000
Associazione Calcio Milan,SPAL,2017-09-20,222500000,20200000
Bologna Football Club 1909,Football Club Internazionale Milano S.p.A.,2017-09-19,33200000,191500000
Torino Calcio,UC Sampdoria,2017-09-17,100500000,47300000
Associazione Calcio Milan,Udinese Calcio,2017-09-17,233000000,35500000
Genoa Cricket and Football Club,Società Sportiva Lazio S.p.A.,2017-09-17,44000000,105000000
Società Sportiva Calcio Napoli,Benevento Calcio,2017-09-17,241000000,17900000
Unione Sportiva Sassuolo Calcio,Juventus Football Club,2017-09-17,49800000,322000000
SPAL,Cagliari Calcio,2017-09-17,17700000,38500000
Chievo Verona,Atalanta Bergamasca Calcio S.p.a.,2017-09-17,31200000,69500000
Associazione Calcio Fiorentina,Bologna Football Club 1909,2017-09-16,77000000,31600000
FC Crotone,Football Club Internazionale Milano S.p.A.,2017-09-16,16800000,195000000
Associazione Sportiva Roma,Verona Hellas Football Club,2017-09-16,177000000,21500000
Società Sportiva Lazio S.p.A.,Associazione Calcio Milan,2017-09-10,115500000,173000000
Cagliari Calcio,FC Crotone,2017-09-10,36500000,17900000
Udinese Calcio,Genoa Cricket and Football Club,2017-09-10,35500000,51700000
Bologna Football Club 1909,Società Sportiva Calcio Napoli,2017-09-10,33000000,239000000
Atalanta Bergamasca Calcio S.p.a.,Unione Sportiva Sassuolo Calcio,2017-09-10,75000000,67300000
Football Club Internazionale Milano S.p.A.,SPAL,2017-09-10,195000000,17700000
Verona Hellas Football Club,Associazione Calcio Fiorentina,2017-09-10,18900000,77000000
Benevento Calcio,Torino Calcio,2017-09-10,22000000,91300000
Juventus Football Club,Chievo Verona,2017-09-09,268000000,29700000
Torino Calcio,Unione Sportiva Sassuolo Calcio,2017-08-27,86000000,77200000
FC Crotone,Verona Hellas Football Club,2017-08-27,16900000,22200000
Associazione Calcio Milan,Cagliari Calcio,2017-08-27,179000000,31500000
Chievo Verona,Società Sportiva Lazio S.p.A.,2017-08-27,29700000,115500000
Associazione Calcio Fiorentina,UC Sampdoria,2017-08-27,82800000,48800000
SPAL,Udinese Calcio,2017-08-27,13900000,41000000
Società Sportiva Calcio Napoli,Atalanta Bergamasca Calcio S.p.a.,2017-08-27,227500000,62000000
Genoa Cricket and Football Club,Juventus Football Club,2017-08-26,45200000,320000000
Associazione Sportiva Roma,Football Club Internazionale Milano S.p.A.,2017-08-26,181500000,176500000
Benevento Calcio,Bologna Football Club 1909,2017-08-26,19800000,39200000
Football Club Internazionale Milano S.p.A.,Associazione Calcio Fiorentina,2017-08-20,181500000,65800000
Udinese Calcio,Chievo Verona,2017-08-20,35500000,29700000
Unione Sportiva Sassuolo Calcio,Genoa Cricket and Football Club,2017-08-20,78300000,45200000
UC Sampdoria,Benevento Calcio,2017-08-20,41100000,20500000
Atalanta Bergamasca Calcio S.p.a.,Associazione Sportiva Roma,2017-08-20,59000000,183500000
Bologna Football Club 1909,Torino Calcio,2017-08-20,36200000,82100000
Società Sportiva Lazio S.p.A.,SPAL,2017-08-20,109400000,17500000
FC Crotone,Associazione Calcio Milan,2017-08-20,18100000,181500000
Verona Hellas Football Club,Società Sportiva Calcio Napoli,2017-08-19,23800000,227000000
Juventus Football Club,Cagliari Calcio,2017-08-19,317000000,28500000
FC Crotone,Società Sportiva Lazio S.p.A.,2017-05-28,13750000,100000000
Football Club Internazionale Milano S.p.A.,Udinese Calcio,2017-05-28,146000000,38500000
UC Sampdoria,Società Sportiva Calcio Napoli,2017-05-28,39800000,219500000
Cagliari Calcio,Associazione Calcio Milan,2017-05-28,22250000,96000000
Torino Calcio,Unione Sportiva Sassuolo Calcio,2017-05-28,79800000,53500000
Palermo FC,FC Empoli,2017-05-28,14950000,13250000
Associazione Sportiva Roma,Genoa Cricket and Football Club,2017-05-28,204000000,28200000
Associazione Calcio Fiorentina,Delfino Pescara 1936,2017-05-28,89300000,22000000
Atalanta Bergamasca Calcio S.p.a.,Chievo Verona,2017-05-27,60200000,15050000
Bologna Football Club 1909,Juventus Football Club,2017-05-27,30350000,244800000
Delfino Pescara 1936,Palermo FC,2017-05-22,22200000,17650000
Società Sportiva Lazio S.p.A.,Football Club Internazionale Milano S.p.A.,2017-05-21,137200000,151800000
Unione Sportiva Sassuolo Calcio,Cagliari Calcio,2017-05-21,57400000,24400000
Udinese Calcio,UC Sampdoria,2017-05-21,33700000,53100000
FC Empoli,Atalanta Bergamasca Calcio S.p.a.,2017-05-21,21600000,77100000
Juventus Football Club,FC Crotone,2017-05-21,327000000,13950000
Associazione Calcio Milan,Bologna Football Club 1909,2017-05-21,119500000,38200000
Genoa Cricket and Football Club,Torino Calcio,2017-05-21,32000000,85300000
Chievo Verona,Associazione Sportiva Roma,2017-05-20,21150000,174000000
Società Sportiva Calcio Napoli,Associazione Calcio Fiorentina,2017-05-20,221500000,98300000
Cagliari Calcio,FC Empoli,2017-05-14,27400000,27850000
Bologna Football Club 1909,Delfino Pescara 1936,2017-05-14,37900000,18250000
UC Sampdoria,Chievo Verona,2017-05-14,37600000,16850000
Associazione Sportiva Roma,Juventus Football Club,2017-05-14,194000000,247500000
Torino Calcio,Società Sportiva Calcio Napoli,2017-05-14,93700000,221500000
Football Club Internazionale Milano S.p.A.,Unione Sportiva Sassuolo Calcio,2017-05-14,212800000,59900000
FC Crotone,Udinese Calcio,2017-05-14,15050000,45100000
Palermo FC,Genoa Cricket and Football Club,2017-05-14,14800000,33100000
Associazione Calcio Fiorentina,Società Sportiva Lazio S.p.A.,2017-05-13,83800000,55100000
Atalanta Bergamasca Calcio S.p.a.,Associazione Calcio Milan,2017-05-13,73600000,111000000
Delfino Pescara 1936,FC Crotone,2017-05-07,24000000,13100000
Chievo Verona,Palermo FC,2017-05-07,19600000,12600000
Udinese Calcio,Atalanta Bergamasca Calcio S.p.a.,2017-05-07,40400000,56700000
Unione Sportiva Sassuolo Calcio,Associazione Calcio Fiorentina,2017-05-07,56500000,79800000
Società Sportiva Lazio S.p.A.,UC Sampdoria,2017-05-07,138300000,36300000
Associazione Calcio Milan,Associazione Sportiva Roma,2017-05-07,87500000,185500000
Genoa Cricket and Football Club,Football Club Internazionale Milano S.p.A.,2017-05-07,29800000,184800000
FC Empoli,Bologna Football Club 1909,2017-05-07,27850000,37700000
Juventus Football Club,Torino Calcio,2017-05-06,212500000,86200000
Società Sportiva Calcio Napoli,Cagliari Calcio,2017-05-06,198000000,23900000
Football Club Internazionale Milano S.p.A.,Società Sportiva Calcio Napoli,2017-04-30,209800000,217500000
FC Empoli,Unione Sportiva Sassuolo Calcio,2017-04-30,25650000,61100000
Associazione Sportiva Roma,Società Sportiva Lazio S.p.A.,2017-04-30,204000000,107800000
FC Crotone,Associazione Calcio Milan,2017-04-30,15250000,83000000
Palermo FC,Associazione Calcio Fiorentina,2017-04-30,13600000,85000000
Bologna Football Club 1909,Udinese Calcio,2017-04-30,39200000,41700000
Cagliari Calcio,Delfino Pescara 1936,2017-04-30,24700000,17100000
Genoa Cricket and Football Club,Chievo Verona,2017-04-30,33500000,19950000
Torino Calcio,UC Sampdoria,2017-04-29,88100000,47300000
Atalanta Bergamasca Calcio S.p.a.,Juventus Football Club,2017-04-28,60600000,317000000
Delfino Pescara 1936,Associazione Sportiva Roma,2017-04-24,18950000,209000000
Chievo Verona,Torino Calcio,2017-04-23,23450000,85800000
Unione Sportiva Sassuolo Calcio,Società Sportiva Calcio Napoli,2017-04-23,72900000,211000000
Associazione Calcio Milan,FC Empoli,2017-04-23,88000000,25050000
Udinese Calcio,Cagliari Calcio,2017-04-23,41700000,26300000
Società Sportiva Lazio S.p.A.,Palermo FC,2017-04-23,141500000,15600000
UC Sampdoria,FC Crotone,2017-04-23,43300000,15250000
Juventus Football Club,Genoa Cricket and Football Club,2017-04-23,272000000,39100000
Atalanta Bergamasca Calcio S.p.a.,Bologna Football Club 1909,2017-04-22,77600000,35200000
Associazione Calcio Fiorentina,Football Club Internazionale Milano S.p.A.,2017-04-22,96000000,220800000
Associazione Sportiva Roma,Atalanta Bergamasca Calcio S.p.a.,2017-04-15,208000000,63100000
Palermo FC,Bologna Football Club 1909,2017-04-15,15700000,26700000
Associazione Calcio Fiorentina,FC Empoli,2017-04-15,115500000,19050000
Torino Calcio,FC Crotone,2017-04-15,88600000,15900000
Cagliari Calcio,Chievo Verona,2017-04-15,25600000,23800000
Unione Sportiva Sassuolo Calcio,UC Sampdoria,2017-04-15,44300000,47500000
Genoa Cricket and Football Club,Società Sportiva Lazio S.p.A.,2017-04-15,34600000,136000000
Football Club Internazionale Milano S.p.A.,Associazione Calcio Milan,2017-04-15,220800000,124000000
Delfino Pescara 1936,Juventus Football Club,2017-04-15,15450000,274000000
Società Sportiva Calcio Napoli,Udinese Calcio,2017-04-15,211000000,44700000
FC Crotone,Football Club Internazionale Milano S.p.A.,2017-04-09,15900000,205500000
Cagliari Calcio,Torino Calcio,2017-04-09,23900000,90000000
Udinese Calcio,Genoa Cricket and Football Club,2017-04-09,44900000,38075000
Associazione Calcio Milan,Palermo FC,2017-04-09,125000000,16250000
Società Sportiva Lazio S.p.A.,Società Sportiva Calcio Napoli,2017-04-09,89800000,211000000
Bologna Football Club 1909,Associazione Sportiva Roma,2017-04-09,34200000,205500000
UC Sampdoria,Associazione Calcio Fiorentina,2017-04-09,45000000,98000000
Atalanta Bergamasca Calcio S.p.a.,Unione Sportiva Sassuolo Calcio,2017-04-08,64600000,68100000
Juventus Football Club,Chievo Verona,2017-04-08,267500000,25100000
FC Empoli,Delfino Pescara 1936,2017-04-08,18750000,18950000
Football Club Internazionale Milano S.p.A.,UC Sampdoria,2017-04-03,209500000,46000000
Associazione Calcio Fiorentina,Bologna Football Club 1909,2017-04-02,89800000,39200000
Società Sportiva Calcio Napoli,Juventus Football Club,2017-04-02,209700000,257000000
Delfino Pescara 1936,Associazione Calcio Milan,2017-04-02,18950000,112000000
Genoa Cricket and Football Club,Atalanta Bergamasca Calcio S.p.a.,2017-04-02,34275000,77600000
Palermo FC,Cagliari Calcio,2017-04-02,15900000,23900000
Torino Calcio,Udinese Calcio,2017-04-02,85200000,50500000
Chievo Verona,FC Crotone,2017-04-02,23100000,16700000
Associazione Sportiva Roma,FC Empoli,2017-04-01,206000000,18750000
Unione Sportiva Sassuolo Calcio,Società Sportiva Lazio S.p.A.,2017-04-01,70400000,123500000
Bologna Football Club 1909,Chievo Verona,2017-03-19,29800000,23700000
Cagliari Calcio,Società Sportiva Lazio S.p.A.,2017-03-19,25700000,122400000
Udinese Calcio,Palermo FC,2017-03-19,41400000,17750000
FC Crotone,Associazione Calcio Fiorentina,2017-03-19,14000000,99000000
FC Empoli,Società Sportiva Calcio Napoli,2017-03-19,24750000,190000000
Atalanta Bergamasca Calcio S.p.a.,Delfino Pescara 1936,2017-03-19,44100000,18900000
UC Sampdoria,Juventus Football Club,2017-03-19,42800000,262000000
Associazione Sportiva Roma,Unione Sportiva Sassuolo Calcio,2017-03-19,187000000,76100000
Torino Calcio,Football Club Internazionale Milano S.p.A.,2017-03-18,73900000,192500000
Associazione Calcio Milan,Genoa Cricket and Football Club,2017-03-18,85500000,44400000
Società Sportiva Lazio S.p.A.,Torino Calcio,2017-03-13,117400000,81700000
Unione Sportiva Sassuolo Calcio,Bologna Football Club 1909,2017-03-12,61200000,33700000
Delfino Pescara 1936,Udinese Calcio,2017-03-12,16800000,42400000
Football Club Internazionale Milano S.p.A.,Atalanta Bergamasca Calcio S.p.a.,2017-03-12,192500000,61600000
Chievo Verona,FC Empoli,2017-03-12,23500000,23900000
Palermo FC,Associazione Sportiva Roma,2017-03-12,15600000,159000000
Associazione Calcio Fiorentina,Cagliari Calcio,2017-03-12,110500000,23000000
Società Sportiva Calcio Napoli,FC Crotone,2017-03-12,186000000,16800000
Genoa Cricket and Football Club,UC Sampdoria,2017-03-11,39300000,47500000
Juventus Football Club,Associazione Calcio Milan,2017-03-10,275000000,120000000
Torino Calcio,Palermo FC,2017-03-05,66400000,17100000
Cagliari Calcio,Football Club Internazionale Milano S.p.A.,2017-03-05,23200000,192500000
Bologna Football Club 1909,Società Sportiva Lazio S.p.A.,2017-03-05,25600000,117400000
FC Crotone,Unione Sportiva Sassuolo Calcio,2017-03-05,15550000,61400000
FC Empoli,Genoa Cricket and Football Club,2017-03-05,23900000,46500000
Udinese Calcio,Juventus Football Club,2017-03-05,42900000,314000000
Atalanta Bergamasca Calcio S.p.a.,Associazione Calcio Fiorentina,2017-03-05,49100000,99000000
UC Sampdoria,Delfino Pescara 1936,2017-03-04,48800000,20300000
Associazione Sportiva Roma,Società Sportiva Calcio Napoli,2017-03-04,176500000,205500000
Associazione Calcio Milan,Chievo Verona,2017-03-04,122500000,25100000
Associazione Calcio Fiorentina,Torino Calcio,2017-02-27,89000000,75000000
Unione Sportiva Sassuolo Calcio,Associazione Calcio Milan,2017-02-26,69500000,107500000
FC Crotone,Cagliari Calcio,2017-02-26,13800000,27500000
Società Sportiva Lazio S.p.A.,Udinese Calcio,2017-02-26,100400000,46600000
Football Club Internazionale Milano S.p.A.,Associazione Sportiva Roma,2017-02-26,224500000,185500000
Palermo FC,UC Sampdoria,2017-02-26,17100000,35000000
Chievo Verona,Delfino Pescara 1936,2017-02-26,26700000,20300000
Genoa Cricket and Football Club,Bologna Football Club 1909,2017-02-26,46500000,31800000
Juventus Football Club,FC Empoli,2017-02-25,294500000,27900000
Società Sportiva Calcio Napoli,Atalanta Bergamasca Calcio S.p.a.,2017-02-25,191500000,59600000
Delfino Pescara 1936,Genoa Cricket and Football Club,2017-02-19,20300000,45100000
Bologna Football Club 1909,Football Club Internazionale Milano S.p.A.,2017-02-19,27000000,164500000
Udinese Calcio,Unione Sportiva Sassuolo Calcio,2017-02-19,46200000,61400000
Chievo Verona,Società Sportiva Calcio Napoli,2017-02-19,24000000,210000000
UC Sampdoria,Cagliari Calcio,2017-02-19,47800000,27000000
Associazione Sportiva Roma,Torino Calcio,2017-02-19,178500000,85700000
Associazione Calcio Milan,Associazione Calcio Fiorentina,2017-02-19,106000000,84800000
FC Empoli,Società Sportiva Lazio S.p.A.,2017-02-18,23900000,105400000
Atalanta Bergamasca Calcio S.p.a.,FC Crotone,2017-02-18,59600000,14100000
Juventus Football Club,Palermo FC,2017-02-17,274500000,18850000
Società Sportiva Lazio S.p.A.,Associazione Calcio Milan,2017-02-13,127400000,79500000
UC Sampdoria,Bologna Football Club 1909,2017-02-12,54000000,33900000
Torino Calcio,Delfino Pescara 1936,2017-02-12,76000000,20600000
Unione Sportiva Sassuolo Calcio,Chievo Verona,2017-02-12,63800000,23900000
FC Crotone,Associazione Sportiva Roma,2017-02-12,15000000,186000000
Football Club Internazionale Milano S.p.A.,FC Empoli,2017-02-12,158500000,23400000
Palermo FC,Atalanta Bergamasca Calcio S.p.a.,2017-02-12,20300000,59600000
Cagliari Calcio,Juventus Football Club,2017-02-12,22700000,302000000
Associazione Calcio Fiorentina,Udinese Calcio,2017-02-11,92000000,42200000
Società Sportiva Calcio Napoli,Genoa Cricket and Football Club,2017-02-10,175500000,38900000
Bologna Football Club 1909,Associazione Calcio Milan,2017-02-08,31400000,124000000
FC Crotone,Juventus Football Club,2017-02-08,12700000,264000000
Associazione Sportiva Roma,Associazione Calcio Fiorentina,2017-02-07,167000000,89500000
Atalanta Bergamasca Calcio S.p.a.,Cagliari Calcio,2017-02-05,59600000,19200000
Associazione Calcio Milan,UC Sampdoria,2017-02-05,127500000,54000000
Delfino Pescara 1936,Società Sportiva Lazio S.p.A.,2017-02-05,19500000,126800000
FC Empoli,Torino Calcio,2017-02-05,24000000,84800000
Chievo Verona,Udinese Calcio,2017-02-05,19000000,42200000
Juventus Football Club,Football Club Internazionale Milano S.p.A.,2017-02-05,312000000,219500000
Genoa Cricket and Football Club,Unione Sportiva Sassuolo Calcio,2017-02-05,39700000,60800000
Palermo FC,FC Crotone,2017-02-05,16900000,15050000
Bologna Football Club 1909,Società Sportiva Calcio Napoli,2017-02-04,35200000,191500000
Delfino Pescara 1936,Associazione Calcio Fiorentina,2017-02-01,19200000,86000000
Unione Sportiva Sassuolo Calcio,Juventus Football Club,2017-01-29,56200000,312000000
Cagliari Calcio,Bologna Football Club 1909,2017-01-29,21700000,36300000
Torino Calcio,Atalanta Bergamasca Calcio S.p.a.,2017-01-29,80000000,53100000
Società Sportiva Calcio Napoli,Palermo FC,2017-01-29,195500000,20300000
Udinese Calcio,Associazione Calcio Milan,2017-01-29,35900000,147000000
Associazione Calcio Fiorentina,Genoa Cricket and Football Club,2017-01-29,91500000,40300000
UC Sampdoria,Associazione Sportiva Roma,2017-01-29,44800000,145000000
FC Crotone,FC Empoli,2017-01-29,14300000,20400000
Società Sportiva Lazio S.p.A.,Chievo Verona,2017-01-28,107200000,20100000
Football Club Internazionale Milano S.p.A.,Delfino Pescara 1936,2017-01-28,209800000,16400000
Atalanta Bergamasca Calcio S.p.a.,UC Sampdoria,2017-01-22,42975000,39100000
Juventus Football Club,Società Sportiva Lazio S.p.A.,2017-01-22,293000000,114500000
Bologna Football Club 1909,Torino Calcio,2017-01-22,34300000,70000000
Genoa Cricket and Football Club,FC Crotone,2017-01-22,49900000,15700000
Palermo FC,Football Club Internazionale Milano S.p.A.,2017-01-22,18750000,196500000
FC Empoli,Udinese Calcio,2017-01-22,17600000,35900000
Associazione Sportiva Roma,Cagliari Calcio,2017-01-22,169000000,21500000
Delfino Pescara 1936,Unione Sportiva Sassuolo Calcio,2017-01-22,18900000,57300000
Associazione Calcio Milan,Società Sportiva Calcio Napoli,2017-01-21,123000000,181000000
Chievo Verona,Associazione Calcio Fiorentina,2017-01-21,22100000,98500000
Torino Calcio,Associazione Calcio Milan,2017-01-16,82000000,142000000
Associazione Calcio Fiorentina,Juventus Football Club,2017-01-15,99000000,293500000
UC Sampdoria,FC Empoli,2017-01-15,48600000,28000000
Società Sportiva Lazio S.p.A.,Atalanta Bergamasca Calcio S.p.a.,2017-01-15,121000000,47400000
Società Sportiva Calcio Napoli,Delfino Pescara 1936,2017-01-15,181000000,17900000
Udinese Calcio,Associazione Sportiva Roma,2017-01-15,41300000,164500000
Cagliari Calcio,Genoa Cricket and Football Club,2017-01-15,24700000,49200000
Unione Sportiva Sassuolo Calcio,Palermo FC,2017-01-15,54900000,19800000
Football Club Internazionale Milano S.p.A.,Chievo Verona,2017-01-14,209500000,20300000
FC Crotone,Bologna Football Club 1909,2017-01-14,16200000,34500000
Udinese Calcio,Football Club Internazionale Milano S.p.A.,2017-01-08,47600000,207500000
Unione Sportiva Sassuolo Calcio,Torino Calcio,2017-01-08,50000000,82000000
Associazione Calcio Milan,Cagliari Calcio,2017-01-08,153000000,25200000
Società Sportiva Lazio S.p.A.,FC Crotone,2017-01-08,92500000,15200000
Juventus Football Club,Bologna Football Club 1909,2017-01-08,255500000,37800000
Genoa Cricket and Football Club,Associazione Sportiva Roma,2017-01-08,59000000,148500000
Chievo Verona,Atalanta Bergamasca Calcio S.p.a.,2017-01-08,22500000,46900000
FC Empoli,Palermo FC,2017-01-07,28000000,19050000
Società Sportiva Calcio Napoli,UC Sampdoria,2017-01-07,179000000,35300000
Torino Calcio,Genoa Cricket and Football Club,2016-12-22,71500000,42400000
Associazione Sportiva Roma,Chievo Verona,2016-12-22,152000000,18000000
Associazione Calcio Fiorentina,Società Sportiva Calcio Napoli,2016-12-22,77500000,170000000
Palermo FC,Delfino Pescara 1936,2016-12-22,17300000,15450000
UC Sampdoria,Udinese Calcio,2016-12-22,33000000,38600000
Cagliari Calcio,Unione Sportiva Sassuolo Calcio,2016-12-22,22550000,40200000
Football Club Internazionale Milano S.p.A.,Società Sportiva Lazio S.p.A.,2016-12-21,210000000,106800000
Atalanta Bergamasca Calcio S.p.a.,FC Empoli,2016-12-20,37400000,17900000
Società Sportiva Lazio S.p.A.,Associazione Calcio Fiorentina,2016-12-18,119500000,92000000
Udinese Calcio,FC Crotone,2016-12-18,43500000,13850000
Società Sportiva Calcio Napoli,Torino Calcio,2016-12-18,179000000,70100000
Delfino Pescara 1936,Bologna Football Club 1909,2016-12-18,20200000,37500000
Chievo Verona,UC Sampdoria,2016-12-18,21600000,37300000
Unione Sportiva Sassuolo Calcio,Football Club Internazionale Milano S.p.A.,2016-12-18,42900000,206000000
Genoa Cricket and Football Club,Palermo FC,2016-12-18,53900000,16600000
FC Empoli,Cagliari Calcio,2016-12-17,27900000,26650000
Juventus Football Club,Associazione Sportiva Roma,2016-12-17,251000000,146000000
Associazione Calcio Milan,Atalanta Bergamasca Calcio S.p.a.,2016-12-17,115000000,40100000
Genoa Cricket and Football Club,Associazione Calcio Fiorentina,2016-12-15,61900000,92000000
Associazione Calcio Fiorentina,Unione Sportiva Sassuolo Calcio,2016-12-12,91000000,42800000
Associazione Sportiva Roma,Associazione Calcio Milan,2016-12-12,149000000,99500000
Palermo FC,Chievo Verona,2016-12-11,18900000,20400000
Torino Calcio,Juventus Football Club,2016-12-11,76000000,238000000
Atalanta Bergamasca Calcio S.p.a.,Udinese Calcio,2016-12-11,40100000,49000000
Cagliari Calcio,Società Sportiva Calcio Napoli,2016-12-11,23450000,190000000
Bologna Football Club 1909,FC Empoli,2016-12-11,37500000,28700000
Football Club Internazionale Milano S.p.A.,Genoa Cricket and Football Club,2016-12-11,194500000,64200000
FC Crotone,Delfino Pescara 1936,2016-12-10,11950000,19200000
UC Sampdoria,Società Sportiva Lazio S.p.A.,2016-12-10,31500000,112000000
Udinese Calcio,Bologna Football Club 1909,2016-12-05,46000000,40500000
Chievo Verona,Genoa Cricket and Football Club,2016-12-05,21200000,54200000
Società Sportiva Lazio S.p.A.,Associazione Sportiva Roma,2016-12-04,105000000,149000000
Associazione Calcio Milan,FC Crotone,2016-12-04,96500000,15250000
UC Sampdoria,Torino Calcio,2016-12-04,37300000,76000000
Unione Sportiva Sassuolo Calcio,FC Empoli,2016-12-04,45600000,28600000
Associazione Calcio Fiorentina,Palermo FC,2016-12-04,109500000,17100000
Delfino Pescara 1936,Cagliari Calcio,2016-12-04,20300000,26550000
Juventus Football Club,Atalanta Bergamasca Calcio S.p.a.,2016-12-03,251000000,41400000
Società Sportiva Calcio Napoli,Football Club Internazionale Milano S.p.A.,2016-12-02,193500000,199000000
Football Club Internazionale Milano S.p.A.,Associazione Calcio Fiorentina,2016-11-28,199000000,103500000
Società Sportiva Calcio Napoli,Unione Sportiva Sassuolo Calcio,2016-11-28,194000000,39500000
Cagliari Calcio,Udinese Calcio,2016-11-27,25850000,44400000
Associazione Sportiva Roma,Delfino Pescara 1936,2016-11-27,156000000,15950000
FC Crotone,UC Sampdoria,2016-11-27,13250000,31500000
Genoa Cricket and Football Club,Juventus Football Club,2016-11-27,60000000,205500000
Palermo FC,Società Sportiva Lazio S.p.A.,2016-11-27,19400000,102000000
Bologna Football Club 1909,Atalanta Bergamasca Calcio S.p.a.,2016-11-27,41000000,39900000
Torino Calcio,Chievo Verona,2016-11-26,76000000,18700000
FC Empoli,Associazione Calcio Milan,2016-11-26,28100000,101500000
Società Sportiva Lazio S.p.A.,Genoa Cricket and Football Club,2016-11-20,102000000,66400000
FC Empoli,Associazione Calcio Fiorentina,2016-11-20,31500000,105500000
Associazione Calcio Milan,Football Club Internazionale Milano S.p.A.,2016-11-20,118500000,221000000
UC Sampdoria,Unione Sportiva Sassuolo Calcio,2016-11-20,33000000,44600000
Atalanta Bergamasca Calcio S.p.a.,Associazione Sportiva Roma,2016-11-20,36400000,175000000
FC Crotone,Torino Calcio,2016-11-20,11250000,75600000
Bologna Football Club 1909,Palermo FC,2016-11-20,35200000,16050000
Juventus Football Club,Delfino Pescara 1936,2016-11-19,226000000,18850000
Udinese Calcio,Società Sportiva Calcio Napoli,2016-11-19,48000000,192500000
Chievo Verona,Cagliari Calcio,2016-11-19,16700000,18750000
Palermo FC,Associazione Calcio Milan,2016-11-06,17750000,122000000
Football Club Internazionale Milano S.p.A.,FC Crotone,2016-11-06,214000000,11250000
Associazione Calcio Fiorentina,UC Sampdoria,2016-11-06,105500000,33000000
Genoa Cricket and Football Club,Udinese Calcio,2016-11-06,66400000,48000000
Unione Sportiva Sassuolo Calcio,Atalanta Bergamasca Calcio S.p.a.,2016-11-06,39200000,33400000
Associazione Sportiva Roma,Bologna Football Club 1909,2016-11-06,159000000,28700000
Chievo Verona,Juventus Football Club,2016-11-06,21300000,227000000
Delfino Pescara 1936,FC Empoli,2016-11-06,20200000,30300000
Torino Calcio,Cagliari Calcio,2016-11-05,76000000,23300000
Società Sportiva Calcio Napoli,Società Sportiva Lazio S.p.A.,2016-11-05,189500000,105000000
Udinese Calcio,Torino Calcio,2016-10-31,43000000,68100000
Cagliari Calcio,Palermo FC,2016-10-31,24200000,18400000
FC Empoli,Associazione Sportiva Roma,2016-10-30,32000000,160000000
Società Sportiva Lazio S.p.A.,Unione Sportiva Sassuolo Calcio,2016-10-30,88500000,42000000
UC Sampdoria,Football Club Internazionale Milano S.p.A.,2016-10-30,33000000,210500000
Associazione Calcio Milan,Delfino Pescara 1936,2016-10-30,132500000,17200000
Atalanta Bergamasca Calcio S.p.a.,Genoa Cricket and Football Club,2016-10-30,26100000,57700000
FC Crotone,Chievo Verona,2016-10-30,11850000,21900000
Juventus Football Club,Società Sportiva Calcio Napoli,2016-10-29,246000000,192500000
Bologna Football Club 1909,Associazione Calcio Fiorentina,2016-10-29,28100000,103500000
Palermo FC,Udinese Calcio,2016-10-27,16900000,44000000
Delfino Pescara 1936,Atalanta Bergamasca Calcio S.p.a.,2016-10-26,18700000,40700000
Juventus Football Club,UC Sampdoria,2016-10-26,271500000,34800000
Società Sportiva Lazio S.p.A.,Cagliari Calcio,2016-10-26,82800000,21950000
Unione Sportiva Sassuolo Calcio,Associazione Sportiva Roma,2016-10-26,39300000,175000000
Chievo Verona,Bologna Football Club 1909,2016-10-26,18300000,25200000
Associazione Calcio Fiorentina,FC Crotone,2016-10-26,94000000,11850000
Football Club Internazionale Milano S.p.A.,Torino Calcio,2016-10-26,210500000,63600000
Società Sportiva Calcio Napoli,FC Empoli,2016-10-26,165300000,33500000
Genoa Cricket and Football Club,Associazione Calcio Milan,2016-10-25,59600000,129500000
FC Crotone,Società Sportiva Calcio Napoli,2016-10-23,12400000,182500000
Atalanta Bergamasca Calcio S.p.a.,Football Club Internazionale Milano S.p.A.,2016-10-23,36000000,205500000
Associazione Sportiva Roma,Palermo FC,2016-10-23,157000000,16300000
Torino Calcio,Società Sportiva Lazio S.p.A.,2016-10-23,76000000,80800000
FC Empoli,Chievo Verona,2016-10-23,29300000,23500000
Udinese Calcio,Delfino Pescara 1936,2016-10-23,45000000,19400000
Cagliari Calcio,Associazione Calcio Fiorentina,2016-10-23,25400000,104500000
Bologna Football Club 1909,Unione Sportiva Sassuolo Calcio,2016-10-23,25800000,41400000
Associazione Calcio Milan,Juventus Football Club,2016-10-22,132500000,279500000
UC Sampdoria,Genoa Cricket and Football Club,2016-10-22,33000000,58900000
Palermo FC,Torino Calcio,2016-10-17,16500000,76000000
Associazione Calcio Fiorentina,Atalanta Bergamasca Calcio S.p.a.,2016-10-16,89500000,36000000
Società Sportiva Lazio S.p.A.,Bologna Football Club 1909,2016-10-16,99300000,26700000
Unione Sportiva Sassuolo Calcio,FC Crotone,2016-10-16,43900000,12400000
Chievo Verona,Associazione Calcio Milan,2016-10-16,17500000,114000000
Genoa Cricket and Football Club,FC Empoli,2016-10-16,60400000,34000000
Football Club Internazionale Milano S.p.A.,Cagliari Calcio,2016-10-16,216000000,20800000
Società Sportiva Calcio Napoli,Associazione Sportiva Roma,2016-10-15,209000000,176000000
Juventus Football Club,Udinese Calcio,2016-10-15,156000000,39500000
Delfino Pescara 1936,UC Sampdoria,2016-10-15,17550000,31200000
FC Empoli,Juventus Football Club,2016-10-02,19200000,277000000
Associazione Sportiva Roma,Football Club Internazionale Milano S.p.A.,2016-10-02,160000000,204000000
UC Sampdoria,Palermo FC,2016-10-02,37500000,19300000
Torino Calcio,Associazione Calcio Fiorentina,2016-10-02,61500000,94500000
Cagliari Calcio,FC Crotone,2016-10-02,25200000,11150000
Associazione Calcio Milan,Unione Sportiva Sassuolo Calcio,2016-10-02,108000000,38700000
Atalanta Bergamasca Calcio S.p.a.,Società Sportiva Calcio Napoli,2016-10-02,28800000,186000000
Bologna Football Club 1909,Genoa Cricket and Football Club,2016-10-02,33100000,56400000
Udinese Calcio,Società Sportiva Lazio S.p.A.,2016-10-01,45000000,89600000
Delfino Pescara 1936,Chievo Verona,2016-10-01,17300000,20500000
Cagliari Calcio,UC Sampdoria,2016-09-26,26500000,47000000
FC Crotone,Atalanta Bergamasca Calcio S.p.a.,2016-09-26,13500000,34800000
Football Club Internazionale Milano S.p.A.,Bologna Football Club 1909,2016-09-25,180075000,31100000
Società Sportiva Lazio S.p.A.,FC Empoli,2016-09-25,113300000,35100000
Genoa Cricket and Football Club,Delfino Pescara 1936,2016-09-25,56400000,15800000
Associazione Calcio Fiorentina,Associazione Calcio Milan,2016-09-25,93000000,117000000
Unione Sportiva Sassuolo Calcio,Udinese Calcio,2016-09-25,36400000,35700000
Torino Calcio,Associazione Sportiva Roma,2016-09-25,61000000,184000000
Società Sportiva Calcio Napoli,Chievo Verona,2016-09-24,180300000,23700000
Palermo FC,Juventus Football Club,2016-09-24,15500000,234500000
Delfino Pescara 1936,Torino Calcio,2016-09-21,20600000,38200000
Chievo Verona,Unione Sportiva Sassuolo Calcio,2016-09-21,23200000,44900000
Genoa Cricket and Football Club,Società Sportiva Calcio Napoli,2016-09-21,57900000,183500000
Udinese Calcio,Associazione Calcio Fiorentina,2016-09-21,45000000,81500000
Juventus Football Club,Cagliari Calcio,2016-09-21,225500000,22400000
FC Empoli,Football Club Internazionale Milano S.p.A.,2016-09-21,37000000,213000000
Bologna Football Club 1909,UC Sampdoria,2016-09-21,34400000,38500000
Atalanta Bergamasca Calcio S.p.a.,Palermo FC,2016-09-21,30300000,17900000
Associazione Sportiva Roma,FC Crotone,2016-09-21,159000000,11150000
Associazione Calcio Milan,Società Sportiva Lazio S.p.A.,2016-09-20,117000000,75100000
Unione Sportiva Sassuolo Calcio,Genoa Cricket and Football Club,2016-09-18,44400000,58400000
Udinese Calcio,Chievo Verona,2016-09-18,41000000,23700000
FC Crotone,Palermo FC,2016-09-18,12850000,17850000
Cagliari Calcio,Atalanta Bergamasca Calcio S.p.a.,2016-09-18,26700000,39200000
Torino Calcio,FC Empoli,2016-09-18,47700000,35500000
Associazione Calcio Fiorentina,Associazione Sportiva Roma,2016-09-18,92000000,184000000
Football Club Internazionale Milano S.p.A.,Juventus Football Club,2016-09-18,193500000,231000000
Società Sportiva Lazio S.p.A.,Delfino Pescara 1936,2016-09-17,93800000,18300000
Società Sportiva Calcio Napoli,Bologna Football Club 1909,2016-09-17,184000000,23200000
UC Sampdoria,Associazione Calcio Milan,2016-09-16,40000000,99500000
FC Empoli,FC Crotone,2016-09-12,34100000,11750000
Delfino Pescara 1936,Football Club Internazionale Milano S.p.A.,2016-09-11,18300000,206000000
Atalanta Bergamasca Calcio S.p.a.,Torino Calcio,2016-09-11,41700000,54700000
Associazione Sportiva Roma,UC Sampdoria,2016-09-11,193000000,37500000
Bologna Football Club 1909,Cagliari Calcio,2016-09-11,35200000,27000000
Chievo Verona,Società Sportiva Lazio S.p.A.,2016-09-11,22700000,101800000
Associazione Calcio Milan,Udinese Calcio,2016-09-11,118000000,46500000
Palermo FC,Società Sportiva Calcio Napoli,2016-09-10,15750000,175300000
Juventus Football Club,Unione Sportiva Sassuolo Calcio,2016-09-10,273000000,40300000
Udinese Calcio,FC Empoli,2016-08-28,44800000,32200000
Torino Calcio,Bologna Football Club 1909,2016-08-28,54400000,37300000
Football Club Internazionale Milano S.p.A.,Palermo FC,2016-08-28,189500000,16200000
Unione Sportiva Sassuolo Calcio,Delfino Pescara 1936,2016-08-28,60000000,18300000
Associazione Calcio Fiorentina,Chievo Verona,2016-08-28,98000000,23700000
FC Crotone,Genoa Cricket and Football Club,2016-08-28,7900000,45700000
Cagliari Calcio,Associazione Sportiva Roma,2016-08-28,27000000,188000000
UC Sampdoria,Atalanta Bergamasca Calcio S.p.a.,2016-08-28,37500000,42300000
Società Sportiva Lazio S.p.A.,Juventus Football Club,2016-08-27,102000000,170500000
Società Sportiva Calcio Napoli,Associazione Calcio Milan,2016-08-27,183500000,125000000
Genoa Cricket and Football Club,Cagliari Calcio,2016-08-21,42400000,26500000
Delfino Pescara 1936,Società Sportiva Calcio Napoli,2016-08-21,18400000,181500000
FC Empoli,UC Sampdoria,2016-08-21,28500000,37500000
Atalanta Bergamasca Calcio S.p.a.,Società Sportiva Lazio S.p.A.,2016-08-21,44800000,81650000
Palermo FC,Unione Sportiva Sassuolo Calcio,2016-08-21,14100000,58300000
Bologna Football Club 1909,FC Crotone,2016-08-21,33700000,8350000
Chievo Verona,Football Club Internazionale Milano S.p.A.,2016-08-21,23700000,175500000
Associazione Calcio Milan,Torino Calcio,2016-08-21,126000000,38900000
Associazione Sportiva Roma,Udinese Calcio,2016-08-20,169000000,47700000
Juventus Football Club,Associazione Calcio Fiorentina,2016-08-20,189500000,100600000
FC Empoli,Torino Calcio,2016-05-15,41625000,47900000
Chievo Verona,Bologna Football Club 1909,2016-05-15,14800000,22000000
Palermo FC,Verona Hellas Football Club,2016-05-15,26300000,19700000
Udinese Calcio,AC Carpi,2016-05-15,44700000,12400000
Società Sportiva Lazio S.p.A.,Associazione Calcio Fiorentina,2016-05-15,74400000,79300000
Genoa Cricket and Football Club,Atalanta Bergamasca Calcio S.p.a.,2016-05-15,38700000,21800000
Unione Sportiva Sassuolo Calcio,Football Club Internazionale Milano S.p.A.,2016-05-14,45200000,117500000
Associazione Calcio Milan,Associazione Sportiva Roma,2016-05-14,92150000,196000000
Società Sportiva Calcio Napoli,Frosinone Calcio,2016-05-14,223000000,10500000
Juventus Football Club,UC Sampdoria,2016-05-14,213500000,36100000
Associazione Calcio Fiorentina,Palermo FC,2016-05-08,93500000,26300000
Torino Calcio,Società Sportiva Calcio Napoli,2016-05-08,37900000,225500000
UC Sampdoria,Genoa Cricket and Football Club,2016-05-08,47400000,38200000
Frosinone Calcio,Unione Sportiva Sassuolo Calcio,2016-05-08,14700000,71300000
Associazione Sportiva Roma,Chievo Verona,2016-05-08,193000000,17500000
AC Carpi,Società Sportiva Lazio S.p.A.,2016-05-08,17700000,97400000
Atalanta Bergamasca Calcio S.p.a.,Udinese Calcio,2016-05-08,29200000,40500000
Verona Hellas Football Club,Juventus Football Club,2016-05-08,18700000,180000000
Bologna Football Club 1909,Associazione Calcio Milan,2016-05-07,23700000,91800000
Football Club Internazionale Milano S.p.A.,FC Empoli,2016-05-07,161000000,47550000
Genoa Cricket and Football Club,Associazione Sportiva Roma,2016-05-02,31350000,154000000
Società Sportiva Calcio Napoli,Atalanta Bergamasca Calcio S.p.a.,2016-05-02,225500000,34300000
Juventus Football Club,AC Carpi,2016-05-01,226000000,16800000
FC Empoli,Bologna Football Club 1909,2016-05-01,40650000,25800000
Unione Sportiva Sassuolo Calcio,Verona Hellas Football Club,2016-05-01,66200000,18400000
Società Sportiva Lazio S.p.A.,Football Club Internazionale Milano S.p.A.,2016-05-01,82400000,178500000
Associazione Calcio Milan,Frosinone Calcio,2016-05-01,96500000,14800000
Palermo FC,UC Sampdoria,2016-05-01,22900000,59800000
Udinese Calcio,Torino Calcio,2016-04-30,39600000,37900000
Chievo Verona,Associazione Calcio Fiorentina,2016-04-30,12000000,88000000
AC Carpi,FC Empoli,2016-04-25,16800000,42950000
Associazione Sportiva Roma,Società Sportiva Calcio Napoli,2016-04-25,186500000,217500000
Verona Hellas Football Club,Associazione Calcio Milan,2016-04-25,16100000,102800000
Atalanta Bergamasca Calcio S.p.a.,Chievo Verona,2016-04-24,43100000,22900000
Torino Calcio,Unione Sportiva Sassuolo Calcio,2016-04-24,45300000,66900000
Associazione Calcio Fiorentina,Juventus Football Club,2016-04-24,108000000,200500000
Frosinone Calcio,Palermo FC,2016-04-24,16800000,27300000
Bologna Football Club 1909,Genoa Cricket and Football Club,2016-04-24,22600000,37500000
UC Sampdoria,Società Sportiva Lazio S.p.A.,2016-04-24,48700000,87900000
Football Club Internazionale Milano S.p.A.,Udinese Calcio,2016-04-23,160500000,45300000
Associazione Calcio Milan,AC Carpi,2016-04-21,108000000,19800000
Udinese Calcio,Associazione Calcio Fiorentina,2016-04-20,48300000,81500000
FC Empoli,Verona Hellas Football Club,2016-04-20,42150000,22800000
Juventus Football Club,Società Sportiva Lazio S.p.A.,2016-04-20,228500000,85800000
Palermo FC,Atalanta Bergamasca Calcio S.p.a.,2016-04-20,28700000,39700000
Associazione Sportiva Roma,Torino Calcio,2016-04-20,142900000,50400000
Chievo Verona,Frosinone Calcio,2016-04-20,15300000,15900000
Genoa Cricket and Football Club,Football Club Internazionale Milano S.p.A.,2016-04-20,40800000,148000000
Unione Sportiva Sassuolo Calcio,UC Sampdoria,2016-04-20,66400000,67000000
Società Sportiva Calcio Napoli,Bologna Football Club 1909,2016-04-19,174500000,32800000
Atalanta Bergamasca Calcio S.p.a.,Associazione Sportiva Roma,2016-04-17,36100000,162000000
Udinese Calcio,Chievo Verona,2016-04-17,42600000,22100000
Società Sportiva Lazio S.p.A.,FC Empoli,2016-04-17,86800000,36950000
UC Sampdoria,Associazione Calcio Milan,2016-04-17,55700000,120500000
Verona Hellas Football Club,Frosinone Calcio,2016-04-17,16100000,15200000
Juventus Football Club,Palermo FC,2016-04-17,244000000,31800000
Associazione Calcio Fiorentina,Unione Sportiva Sassuolo Calcio,2016-04-17,100000000,62800000
Football Club Internazionale Milano S.p.A.,Società Sportiva Calcio Napoli,2016-04-16,178500000,176500000
AC Carpi,Genoa Cricket and Football Club,2016-04-16,17700000,43200000
Bologna Football Club 1909,Torino Calcio,2016-04-16,32500000,43100000
Associazione Sportiva Roma,Bologna Football Club 1909,2016-04-11,174000000,30300000
Palermo FC,Società Sportiva Lazio S.p.A.,2016-04-10,17900000,85300000
FC Empoli,Associazione Calcio Fiorentina,2016-04-10,47050000,110000000
UC Sampdoria,Udinese Calcio,2016-04-10,57700000,42600000
Torino Calcio,Atalanta Bergamasca Calcio S.p.a.,2016-04-10,39400000,40500000
Società Sportiva Calcio Napoli,Verona Hellas Football Club,2016-04-10,159000000,19800000
Chievo Verona,AC Carpi,2016-04-09,22600000,15800000
Associazione Calcio Milan,Juventus Football Club,2016-04-09,115500000,231500000
Unione Sportiva Sassuolo Calcio,Genoa Cricket and Football Club,2016-04-09,70900000,47750000
Frosinone Calcio,Football Club Internazionale Milano S.p.A.,2016-04-09,16600000,148500000
Bologna Football Club 1909,Verona Hellas Football Club,2016-04-04,36200000,20400000
Chievo Verona,Palermo FC,2016-04-03,21000000,27100000
Società Sportiva Lazio S.p.A.,Associazione Sportiva Roma,2016-04-03,93300000,186500000
Associazione Calcio Fiorentina,UC Sampdoria,2016-04-03,89500000,54200000
Udinese Calcio,Società Sportiva Calcio Napoli,2016-04-03,48300000,225000000
Atalanta Bergamasca Calcio S.p.a.,Associazione Calcio Milan,2016-04-03,41000000,121800000
Genoa Cricket and Football Club,Frosinone Calcio,2016-04-03,46250000,18300000
Football Club Internazionale Milano S.p.A.,Torino Calcio,2016-04-03,148500000,31700000
Juventus Football Club,FC Empoli,2016-04-02,195500000,50100000
AC Carpi,Unione Sportiva Sassuolo Calcio,2016-04-02,15600000,71300000
Frosinone Calcio,Associazione Calcio Fiorentina,2016-03-20,14600000,105500000
Verona Hellas Football Club,AC Carpi,2016-03-20,14300000,15000000
Società Sportiva Calcio Napoli,Genoa Cricket and Football Club,2016-03-20,208500000,48900000
UC Sampdoria,Chievo Verona,2016-03-20,63100000,20300000
Unione Sportiva Sassuolo Calcio,Udinese Calcio,2016-03-20,51300000,45800000
Associazione Calcio Milan,Società Sportiva Lazio S.p.A.,2016-03-20,123800000,94800000
Atalanta Bergamasca Calcio S.p.a.,Bologna Football Club 1909,2016-03-20,39500000,21400000
Torino Calcio,Juventus Football Club,2016-03-20,55600000,208500000
Associazione Sportiva Roma,Football Club Internazionale Milano S.p.A.,2016-03-19,174000000,137000000
FC Empoli,Palermo FC,2016-03-19,44000000,26600000
Chievo Verona,Associazione Calcio Milan,2016-03-13,20600000,127000000
Genoa Cricket and Football Club,Torino Calcio,2016-03-13,54400000,54700000
Società Sportiva Lazio S.p.A.,Atalanta Bergamasca Calcio S.p.a.,2016-03-13,50200000,42800000
Associazione Calcio Fiorentina,Verona Hellas Football Club,2016-03-13,71500000,13200000
Udinese Calcio,Associazione Sportiva Roma,2016-03-13,41100000,149000000
Palermo FC,Società Sportiva Calcio Napoli,2016-03-13,27600000,208500000
AC Carpi,Frosinone Calcio,2016-03-13,14400000,15900000
Football Club Internazionale Milano S.p.A.,Bologna Football Club 1909,2016-03-12,153000000,42600000
FC Empoli,UC Sampdoria,2016-03-12,39100000,60800000
Juventus Football Club,Unione Sportiva Sassuolo Calcio,2016-03-11,211000000,46500000
Torino Calcio,Società Sportiva Lazio S.p.A.,2016-03-06,54700000,78900000
Football Club Internazionale Milano S.p.A.,Palermo FC,2016-03-06,147500000,24500000
Genoa Cricket and Football Club,FC Empoli,2016-03-06,48400000,18300000
Unione Sportiva Sassuolo Calcio,Associazione Calcio Milan,2016-03-06,68800000,105800000
Bologna Football Club 1909,AC Carpi,2016-03-06,43100000,14000000
Frosinone Calcio,Udinese Calcio,2016-03-06,17400000,34700000
Atalanta Bergamasca Calcio S.p.a.,Juventus Football Club,2016-03-06,35000000,219500000
Verona Hellas Football Club,UC Sampdoria,2016-03-05,13300000,56600000
Società Sportiva Calcio Napoli,Chievo Verona,2016-03-05,196500000,18300000
Associazione Sportiva Roma,Associazione Calcio Fiorentina,2016-03-04,174000000,102000000
Società Sportiva Lazio S.p.A.,Unione Sportiva Sassuolo Calcio,2016-02-29,100400000,64900000
Associazione Calcio Fiorentina,Società Sportiva Calcio Napoli,2016-02-29,92000000,208500000
AC Carpi,Atalanta Bergamasca Calcio S.p.a.,2016-02-28,14900000,33600000
Juventus Football Club,Football Club Internazionale Milano S.p.A.,2016-02-28,217500000,147500000
Chievo Verona,Genoa Cricket and Football Club,2016-02-28,17700000,57200000
Palermo FC,Bologna Football Club 1909,2016-02-28,24100000,39600000
UC Sampdoria,Frosinone Calcio,2016-02-28,66500000,16800000
Udinese Calcio,Verona Hellas Football Club,2016-02-28,34700000,15000000
Associazione Calcio Milan,Torino Calcio,2016-02-27,107300000,60300000
FC Empoli,Associazione Sportiva Roma,2016-02-27,24500000,139000000
Società Sportiva Calcio Napoli,Associazione Calcio Milan,2016-02-22,208500000,97300000
Genoa Cricket and Football Club,Udinese Calcio,2016-02-21,53700000,38700000
Unione Sportiva Sassuolo Calcio,FC Empoli,2016-02-21,68800000,40100000
Associazione Sportiva Roma,Palermo FC,2016-02-21,167500000,24700000
Atalanta Bergamasca Calcio S.p.a.,Associazione Calcio Fiorentina,2016-02-21,38800000,81000000
Torino Calcio,AC Carpi,2016-02-21,59100000,15300000
Frosinone Calcio,Società Sportiva Lazio S.p.A.,2016-02-21,17000000,83300000
Verona Hellas Football Club,Chievo Verona,2016-02-20,14300000,15100000
Football Club Internazionale Milano S.p.A.,UC Sampdoria,2016-02-20,147000000,62800000
Bologna Football Club 1909,Juventus Football Club,2016-02-19,42600000,191000000
UC Sampdoria,Atalanta Bergamasca Calcio S.p.a.,2016-02-14,56100000,35800000
Udinese Calcio,Bologna Football Club 1909,2016-02-14,33800000,39200000
Associazione Calcio Fiorentina,Football Club Internazionale Milano S.p.A.,2016-02-14,109500000,160500000
Palermo FC,Torino Calcio,2016-02-14,28800000,62300000
Associazione Calcio Milan,Genoa Cricket and Football Club,2016-02-14,119000000,44650000
FC Empoli,Frosinone Calcio,2016-02-13,43900000,16900000
Chievo Verona,Unione Sportiva Sassuolo Calcio,2016-02-13,11900000,64400000
Juventus Football Club,Società Sportiva Calcio Napoli,2016-02-13,232000000,208500000
AC Carpi,Associazione Sportiva Roma,2016-02-12,16300000,158500000
Società Sportiva Lazio S.p.A.,Verona Hellas Football Club,2016-02-11,79800000,12300000
Associazione Calcio Milan,Udinese Calcio,2016-02-07,106500000,33800000
Società Sportiva Calcio Napoli,AC Carpi,2016-02-07,198500000,12900000
Atalanta Bergamasca Calcio S.p.a.,FC Empoli,2016-02-07,35600000,44600000
Torino Calcio,Chievo Verona,2016-02-07,55600000,16700000
Unione Sportiva Sassuolo Calcio,Palermo FC,2016-02-07,57400000,29600000
Verona Hellas Football Club,Football Club Internazionale Milano S.p.A.,2016-02-07,12100000,146500000
Associazione Sportiva Roma,UC Sampdoria,2016-02-07,142000000,66300000
Frosinone Calcio,Juventus Football Club,2016-02-07,18000000,253500000
Genoa Cricket and Football Club,Società Sportiva Lazio S.p.A.,2016-02-06,58700000,65800000
Bologna Football Club 1909,Associazione Calcio Fiorentina,2016-02-06,40800000,88000000
Football Club Internazionale Milano S.p.A.,Chievo Verona,2016-02-03,160500000,10800000
Società Sportiva Lazio S.p.A.,Società Sportiva Calcio Napoli,2016-02-03,84900000,185000000
Verona Hellas Football Club,Atalanta Bergamasca Calcio S.p.a.,2016-02-03,14800000,30200000
UC Sampdoria,Torino Calcio,2016-02-03,55100000,42900000
Palermo FC,Associazione Calcio Milan,2016-02-03,30800000,113800000
Associazione Calcio Fiorentina,AC Carpi,2016-02-03,103000000,15200000
Juventus Football Club,Genoa Cricket and Football Club,2016-02-03,215000000,58000000
FC Empoli,Udinese Calcio,2016-02-03,43500000,43700000
Frosinone Calcio,Bologna Football Club 1909,2016-02-03,15900000,27100000
Unione Sportiva Sassuolo Calcio,Associazione Sportiva Roma,2016-02-02,61400000,137000000
Bologna Football Club 1909,UC Sampdoria,2016-01-31,44500000,67500000
Chievo Verona,Juventus Football Club,2016-01-31,18500000,236000000
Torino Calcio,Verona Hellas Football Club,2016-01-31,45300000,12800000
Associazione Calcio Milan,Football Club Internazionale Milano S.p.A.,2016-01-31,112500000,152500000
Genoa Cricket and Football Club,Associazione Calcio Fiorentina,2016-01-31,59700000,87500000
Società Sportiva Calcio Napoli,FC Empoli,2016-01-31,208500000,43500000
Udinese Calcio,Società Sportiva Lazio S.p.A.,2016-01-31,38900000,77400000
AC Carpi,Palermo FC,2016-01-30,15300000,30800000
Associazione Sportiva Roma,Frosinone Calcio,2016-01-30,161500000,17200000
Atalanta Bergamasca Calcio S.p.a.,Unione Sportiva Sassuolo Calcio,2016-01-30,37100000,57300000
Società Sportiva Lazio S.p.A.,Chievo Verona,2016-01-24,85900000,19100000
Palermo FC,Udinese Calcio,2016-01-24,30800000,36400000
Associazione Calcio Fiorentina,Torino Calcio,2016-01-24,92800000,50800000
Football Club Internazionale Milano S.p.A.,AC Carpi,2016-01-24,139000000,14100000
Unione Sportiva Sassuolo Calcio,Bologna Football Club 1909,2016-01-24,51200000,42900000
Juventus Football Club,Associazione Sportiva Roma,2016-01-24,217500000,178000000
Verona Hellas Football Club,Genoa Cricket and Football Club,2016-01-24,15800000,62300000
UC Sampdoria,Società Sportiva Calcio Napoli,2016-01-24,55000000,208500000
Frosinone Calcio,Atalanta Bergamasca Calcio S.p.a.,2016-01-23,18100000,32100000
FC Empoli,Associazione Calcio Milan,2016-01-23,42100000,121500000
Unione Sportiva Sassuolo Calcio,Torino Calcio,2016-01-20,64900000,50500000
Associazione Calcio Milan,Associazione Calcio Fiorentina,2016-01-17,121500000,105000000
Chievo Verona,FC Empoli,2016-01-17,19300000,29700000
Genoa Cricket and Football Club,Palermo FC,2016-01-17,60200000,31000000
Udinese Calcio,Juventus Football Club,2016-01-17,34800000,205500000
Associazione Sportiva Roma,Verona Hellas Football Club,2016-01-17,174500000,15100000
AC Carpi,UC Sampdoria,2016-01-17,16000000,64800000
Bologna Football Club 1909,Società Sportiva Lazio S.p.A.,2016-01-17,39900000,91400000
Atalanta Bergamasca Calcio S.p.a.,Football Club Internazionale Milano S.p.A.,2016-01-16,37000000,161000000
Torino Calcio,Frosinone Calcio,2016-01-16,57800000,15700000
Società Sportiva Calcio Napoli,Unione Sportiva Sassuolo Calcio,2016-01-16,198500000,49400000
Football Club Internazionale Milano S.p.A.,Unione Sportiva Sassuolo Calcio,2016-01-10,171000000,64400000
Atalanta Bergamasca Calcio S.p.a.,Genoa Cricket and Football Club,2016-01-10,39600000,52900000
Frosinone Calcio,Società Sportiva Calcio Napoli,2016-01-10,12200000,198000000
Bologna Football Club 1909,Chievo Verona,2016-01-10,36400000,20400000
Torino Calcio,FC Empoli,2016-01-10,50500000,40800000
Verona Hellas Football Club,Palermo FC,2016-01-10,18400000,28200000
UC Sampdoria,Juventus Football Club,2016-01-10,61000000,207000000
AC Carpi,Udinese Calcio,2016-01-09,16000000,38200000
Associazione Sportiva Roma,Associazione Calcio Milan,2016-01-09,161900000,122300000
Associazione Calcio Fiorentina,Società Sportiva Lazio S.p.A.,2016-01-09,91000000,91400000
FC Empoli,Football Club Internazionale Milano S.p.A.,2016-01-06,41300000,171000000
Società Sportiva Lazio S.p.A.,AC Carpi,2016-01-06,84900000,17400000
Juventus Football Club,Verona Hellas Football Club,2016-01-06,248000000,17400000
Società Sportiva Calcio Napoli,Torino Calcio,2016-01-06,189000000,43100000
Chievo Verona,Associazione Sportiva Roma,2016-01-06,25900000,118900000
Palermo FC,Associazione Calcio Fiorentina,2016-01-06,26400000,105500000
Associazione Calcio Milan,Bologna Football Club 1909,2016-01-06,101500000,37800000
Udinese Calcio,Atalanta Bergamasca Calcio S.p.a.,2016-01-06,38900000,35800000
Unione Sportiva Sassuolo Calcio,Frosinone Calcio,2016-01-06,53700000,17500000
Genoa Cricket and Football Club,UC Sampdoria,2016-01-05,50300000,65000000
UC Sampdoria,Palermo FC,2015-12-20,48600000,30100000
Torino Calcio,Udinese Calcio,2015-12-20,32700000,35500000
Football Club Internazionale Milano S.p.A.,Società Sportiva Lazio S.p.A.,2015-12-20,139500000,103750000
Atalanta Bergamasca Calcio S.p.a.,Società Sportiva Calcio Napoli,2015-12-20,28900000,185000000
Frosinone Calcio,Associazione Calcio Milan,2015-12-20,15900000,115000000
Associazione Sportiva Roma,Genoa Cricket and Football Club,2015-12-20,187500000,50000000
Verona Hellas Football Club,Unione Sportiva Sassuolo Calcio,2015-12-20,19000000,37550000
AC Carpi,Juventus Football Club,2015-12-20,18200000,227000000
Associazione Calcio Fiorentina,Chievo Verona,2015-12-20,76000000,22000000
Bologna Football Club 1909,FC Empoli,2015-12-19,39500000,32850000
Società Sportiva Lazio S.p.A.,UC Sampdoria,2015-12-14,86050000,52100000
Società Sportiva Calcio Napoli,Associazione Sportiva Roma,2015-12-13,185000000,180500000
Chievo Verona,Atalanta Bergamasca Calcio S.p.a.,2015-12-13,22000000,33500000
FC Empoli,AC Carpi,2015-12-13,32850000,16900000
Associazione Calcio Milan,Verona Hellas Football Club,2015-12-13,107500000,16900000
Juventus Football Club,Associazione Calcio Fiorentina,2015-12-13,227000000,77500000
Udinese Calcio,Football Club Internazionale Milano S.p.A.,2015-12-12,32100000,149000000
Genoa Cricket and Football Club,Bologna Football Club 1909,2015-12-12,48500000,37000000
Palermo FC,Frosinone Calcio,2015-12-12,29600000,15700000
Frosinone Calcio,Chievo Verona,2015-12-06,14700000,18000000
UC Sampdoria,Unione Sportiva Sassuolo Calcio,2015-12-06,59300000,37550000
AC Carpi,Associazione Calcio Milan,2015-12-06,14200000,107000000
Verona Hellas Football Club,FC Empoli,2015-12-06,17000000,30350000
Bologna Football Club 1909,Società Sportiva Calcio Napoli,2015-12-06,38000000,185000000
Associazione Calcio Fiorentina,Udinese Calcio,2015-12-06,77500000,34800000
Atalanta Bergamasca Calcio S.p.a.,Palermo FC,2015-12-06,38500000,21800000
Football Club Internazionale Milano S.p.A.,Genoa Cricket and Football Club,2015-12-05,107500000,57000000
Torino Calcio,Associazione Sportiva Roma,2015-12-05,42700000,175500000
Società Sportiva Lazio S.p.A.,Juventus Football Club,2015-12-04,92300000,178000000
Unione Sportiva Sassuolo Calcio,Associazione Calcio Fiorentina,2015-11-30,43300000,74000000
Società Sportiva Calcio Napoli,Football Club Internazionale Milano S.p.A.,2015-11-30,185000000,146500000
Chievo Verona,Udinese Calcio,2015-11-29,22400000,34800000
Associazione Sportiva Roma,Atalanta Bergamasca Calcio S.p.a.,2015-11-29,166000000,37200000
Palermo FC,Juventus Football Club,2015-11-29,30200000,217000000
Frosinone Calcio,Verona Hellas Football Club,2015-11-29,15650000,19600000
Genoa Cricket and Football Club,AC Carpi,2015-11-29,51500000,19500000
FC Empoli,Società Sportiva Lazio S.p.A.,2015-11-29,33350000,104750000
Torino Calcio,Bologna Football Club 1909,2015-11-28,42700000,27600000
Associazione Calcio Milan,UC Sampdoria,2015-11-28,106500000,68800000
Genoa Cricket and Football Club,Unione Sportiva Sassuolo Calcio,2015-11-22,59000000,64900000
Associazione Calcio Fiorentina,FC Empoli,2015-11-22,74500000,33350000
Verona Hellas Football Club,Società Sportiva Calcio Napoli,2015-11-22,17575000,179000000
Football Club Internazionale Milano S.p.A.,Frosinone Calcio,2015-11-22,149500000,16650000
AC Carpi,Chievo Verona,2015-11-22,21200000,16900000
Atalanta Bergamasca Calcio S.p.a.,Torino Calcio,2015-11-22,36400000,42700000
Società Sportiva Lazio S.p.A.,Palermo FC,2015-11-22,96050000,30200000
Udinese Calcio,UC Sampdoria,2015-11-22,33500000,75200000
Juventus Football Club,Associazione Calcio Milan,2015-11-21,180000000,106500000
Bologna Football Club 1909,Associazione Sportiva Roma,2015-11-21,38400000,161500000
Frosinone Calcio,Genoa Cricket and Football Club,2015-11-08,17600000,60500000
Società Sportiva Calcio Napoli,Udinese Calcio,2015-11-08,185000000,38600000
UC Sampdoria,Associazione Calcio Fiorentina,2015-11-08,72200000,72000000
Associazione Sportiva Roma,Società Sportiva Lazio S.p.A.,2015-11-08,147500000,117300000
FC Empoli,Juventus Football Club,2015-11-08,33750000,218000000
Torino Calcio,Football Club Internazionale Milano S.p.A.,2015-11-08,45700000,140000000
Unione Sportiva Sassuolo Calcio,AC Carpi,2015-11-08,54450000,17000000
Palermo FC,Chievo Verona,2015-11-08,29500000,20500000
Verona Hellas Football Club,Bologna Football Club 1909,2015-11-07,20400000,37300000
Associazione Calcio Milan,Atalanta Bergamasca Calcio S.p.a.,2015-11-07,92500000,41600000
Palermo FC,FC Empoli,2015-11-02,32750000,33150000
Chievo Verona,UC Sampdoria,2015-11-02,13600000,52775000
Società Sportiva Lazio S.p.A.,Associazione Calcio Milan,2015-11-01,107800000,109000000
Bologna Football Club 1909,Atalanta Bergamasca Calcio S.p.a.,2015-11-01,40900000,27450000
Udinese Calcio,Unione Sportiva Sassuolo Calcio,2015-11-01,32850000,53550000
Associazione Calcio Fiorentina,Frosinone Calcio,2015-11-01,65300000,8050000
Genoa Cricket and Football Club,Società Sportiva Calcio Napoli,2015-11-01,59500000,166500000
AC Carpi,Verona Hellas Football Club,2015-11-01,17000000,21400000
Juventus Football Club,Torino Calcio,2015-10-31,203000000,34500000
Football Club Internazionale Milano S.p.A.,Associazione Sportiva Roma,2015-10-31,122500000,171000000
UC Sampdoria,FC Empoli,2015-10-29,53700000,26850000
Associazione Sportiva Roma,Udinese Calcio,2015-10-28,161000000,33000000
Torino Calcio,Genoa Cricket and Football Club,2015-10-28,36700000,57000000
Associazione Calcio Milan,Chievo Verona,2015-10-28,110500000,14800000
Frosinone Calcio,AC Carpi,2015-10-28,16000000,20100000
Unione Sportiva Sassuolo Calcio,Juventus Football Club,2015-10-28,45650000,215500000
Società Sportiva Calcio Napoli,Palermo FC,2015-10-28,157000000,31750000
Verona Hellas Football Club,Associazione Calcio Fiorentina,2015-10-28,15000000,74700000
Atalanta Bergamasca Calcio S.p.a.,Società Sportiva Lazio S.p.A.,2015-10-28,33450000,109050000
Bologna Football Club 1909,Football Club Internazionale Milano S.p.A.,2015-10-27,24700000,153500000
Udinese Calcio,Frosinone Calcio,2015-10-25,32850000,13950000
UC Sampdoria,Verona Hellas Football Club,2015-10-25,65200000,20900000
Chievo Verona,Società Sportiva Calcio Napoli,2015-10-25,15100000,163500000
Società Sportiva Lazio S.p.A.,Torino Calcio,2015-10-25,107800000,37500000
Juventus Football Club,Atalanta Bergamasca Calcio S.p.a.,2015-10-25,216500000,32450000
Associazione Calcio Milan,Unione Sportiva Sassuolo Calcio,2015-10-25,103000000,51500000
Associazione Calcio Fiorentina,Associazione Sportiva Roma,2015-10-25,69500000,177500000
Palermo FC,Football Club Internazionale Milano S.p.A.,2015-10-24,31750000,158000000
FC Empoli,Genoa Cricket and Football Club,2015-10-24,21150000,53000000
AC Carpi,Bologna Football Club 1909,2015-10-24,19800000,36400000
Verona Hellas Football Club,Udinese Calcio,2015-10-18,22400000,32150000
Football Club Internazionale Milano S.p.A.,Juventus Football Club,2015-10-18,139000000,218500000
Unione Sportiva Sassuolo Calcio,Società Sportiva Lazio S.p.A.,2015-10-18,52650000,99800000
Società Sportiva Calcio Napoli,Associazione Calcio Fiorentina,2015-10-18,163500000,67300000
Frosinone Calcio,UC Sampdoria,2015-10-18,16600000,52775000
Genoa Cricket and Football Club,Chievo Verona,2015-10-18,54000000,18500000
Atalanta Bergamasca Calcio S.p.a.,AC Carpi,2015-10-18,33850000,17500000
Bologna Football Club 1909,Palermo FC,2015-10-18,34700000,31750000
Associazione Sportiva Roma,FC Empoli,2015-10-17,143000000,20400000
Torino Calcio,Associazione Calcio Milan,2015-10-17,35100000,99500000
UC Sampdoria,Football Club Internazionale Milano S.p.A.,2015-10-04,67700000,136500000
Udinese Calcio,Genoa Cricket and Football Club,2015-10-04,28350000,36000000
Juventus Football Club,Bologna Football Club 1909,2015-10-04,217500000,30400000
FC Empoli,Unione Sportiva Sassuolo Calcio,2015-10-04,18250000,37100000
Associazione Calcio Milan,Società Sportiva Calcio Napoli,2015-10-04,101300000,163500000
Società Sportiva Lazio S.p.A.,Frosinone Calcio,2015-10-04,90050000,15850000
Palermo FC,Associazione Sportiva Roma,2015-10-04,37550000,160000000
Associazione Calcio Fiorentina,Atalanta Bergamasca Calcio S.p.a.,2015-10-04,69600000,35150000
Chievo Verona,Verona Hellas Football Club,2015-10-03,18800000,20700000
AC Carpi,Torino Calcio,2015-10-03,17600000,34800000
Atalanta Bergamasca Calcio S.p.a.,UC Sampdoria,2015-09-28,35150000,67700000
Frosinone Calcio,FC Empoli,2015-09-28,14800000,25650000
Genoa Cricket and Football Club,Associazione Calcio Milan,2015-09-27,39500000,95650000
Unione Sportiva Sassuolo Calcio,Chievo Verona,2015-09-27,52600000,17200000
Verona Hellas Football Club,Società Sportiva Lazio S.p.A.,2015-09-27,20700000,91800000
Torino Calcio,Palermo FC,2015-09-27,36500000,30550000
Bologna Football Club 1909,Udinese Calcio,2015-09-27,35600000,38450000
Football Club Internazionale Milano S.p.A.,Associazione Calcio Fiorentina,2015-09-27,143500000,67800000
Società Sportiva Calcio Napoli,Juventus Football Club,2015-09-26,163500000,174500000
Associazione Sportiva Roma,AC Carpi,2015-09-26,141500000,18900000
FC Empoli,Atalanta Bergamasca Calcio S.p.a.,2015-09-24,23300000,35850000
UC Sampdoria,Associazione Sportiva Roma,2015-09-23,66400000,152500000
AC Carpi,Società Sportiva Calcio Napoli,2015-09-23,18000000,156500000
Juventus Football Club,Frosinone Calcio,2015-09-23,197000000,16500000
Football Club Internazionale Milano S.p.A.,Verona Hellas Football Club,2015-09-23,153000000,21100000
Associazione Calcio Fiorentina,Bologna Football Club 1909,2015-09-23,62800000,37100000
Palermo FC,Unione Sportiva Sassuolo Calcio,2015-09-23,36550000,34850000
Chievo Verona,Torino Calcio,2015-09-23,17700000,35000000
Società Sportiva Lazio S.p.A.,Genoa Cricket and Football Club,2015-09-23,83800000,32000000
Udinese Calcio,Associazione Calcio Milan,2015-09-22,32050000,100150000
Associazione Sportiva Roma,Unione Sportiva Sassuolo Calcio,2015-09-20,129500000,32600000
Bologna Football Club 1909,Frosinone Calcio,2015-09-20,33900000,15900000
Società Sportiva Calcio Napoli,Società Sportiva Lazio S.p.A.,2015-09-20,163500000,69750000
AC Carpi,Associazione Calcio Fiorentina,2015-09-20,15800000,69200000
Torino Calcio,UC Sampdoria,2015-09-20,37500000,62975000
Atalanta Bergamasca Calcio S.p.a.,Verona Hellas Football Club,2015-09-20,28550000,16300000
Genoa Cricket and Football Club,Juventus Football Club,2015-09-20,34000000,175500000
Chievo Verona,Football Club Internazionale Milano S.p.A.,2015-09-20,18800000,139500000
Associazione Calcio Milan,Palermo FC,2015-09-19,104500000,33350000
Udinese Calcio,FC Empoli,2015-09-19,39950000,26900000
UC Sampdoria,Bologna Football Club 1909,2015-09-14,63775000,40300000
Palermo FC,AC Carpi,2015-09-13,31850000,16900000
Verona Hellas Football Club,Torino Calcio,2015-09-13,19000000,38000000
FC Empoli,Società Sportiva Calcio Napoli,2015-09-13,26800000,148000000
Football Club Internazionale Milano S.p.A.,Associazione Calcio Milan,2015-09-13,144000000,104500000
Unione Sportiva Sassuolo Calcio,Atalanta Bergamasca Calcio S.p.a.,2015-09-13,45600000,33050000
Società Sportiva Lazio S.p.A.,Udinese Calcio,2015-09-13,92750000,46750000
Associazione Calcio Fiorentina,Genoa Cricket and Football Club,2015-09-12,63800000,26000000
Juventus Football Club,Chievo Verona,2015-09-12,181500000,18800000
Frosinone Calcio,Associazione Sportiva Roma,2015-09-12,16750000,116000000
Udinese Calcio,Palermo FC,2015-08-30,42750000,36300000
Torino Calcio,Associazione Calcio Fiorentina,2015-08-30,41500000,69500000
Genoa Cricket and Football Club,Verona Hellas Football Club,2015-08-30,25000000,17900000
AC Carpi,Football Club Internazionale Milano S.p.A.,2015-08-30,21050000,121000000
Associazione Sportiva Roma,Juventus Football Club,2015-08-30,162000000,179000000
Chievo Verona,Società Sportiva Lazio S.p.A.,2015-08-30,18800000,103550000
Atalanta Bergamasca Calcio S.p.a.,Frosinone Calcio,2015-08-30,27150000,16200000
Società Sportiva Calcio Napoli,UC Sampdoria,2015-08-30,155000000,60000000
Associazione Calcio Milan,FC Empoli,2015-08-29,94300000,26800000
Bologna Football Club 1909,Unione Sportiva Sassuolo Calcio,2015-08-29,36000000,46100000
Juventus Football Club,Udinese Calcio,2015-08-23,158000000,40450000
Associazione Calcio Fiorentina,Associazione Calcio Milan,2015-08-23,58800000,111800000
FC Empoli,Chievo Verona,2015-08-23,22450000,22400000
Palermo FC,Genoa Cricket and Football Club,2015-08-23,37100000,29500000
Unione Sportiva Sassuolo Calcio,Società Sportiva Calcio Napoli,2015-08-23,55100000,144500000
Frosinone Calcio,Torino Calcio,2015-08-23,15400000,41600000
UC Sampdoria,AC Carpi,2015-08-23,59075000,21100000
Football Club Internazionale Milano S.p.A.,Atalanta Bergamasca Calcio S.p.a.,2015-08-23,126700000,28550000
Verona Hellas Football Club,Associazione Sportiva Roma,2015-08-22,17900000,172000000
Società Sportiva Lazio S.p.A.,Bologna Football Club 1909,2015-08-22,111550000,15500000
